date,home_team,away_team,home_score,away_score
2011-07-15,FC Energie Cottbus,Dynamo Dresden,2,1
2011-07-15,FSV Frankfurt,Union Berlin,1,1
2011-07-15,Greuther Fürth,Eintracht Frankfurt,2,3
2011-07-16,FC St. Pauli,FC Ingolstadt 04,2,0
2011-07-16,FC Erzgebirge Aue,Alemannia Aachen,1,0
2011-07-17,Hansa Rostock,SC Paderborn,1,2
2011-07-17,Eintracht Braunschweig,TSV 1860 München,3,1
2011-07-17,Karlsruher SC,MSV Duisburg,3,2
2011-07-18,Fortuna Düsseldorf,VfL Bochum,2,0
2011-07-22,VfL Bochum,FSV Frankfurt,1,0
2011-07-22,FC Ingolstadt 04,FC Erzgebirge Aue,0,0
2011-07-22,MSV Duisburg,FC Energie Cottbus,1,2
2011-07-23,TSV 1860 München,Karlsruher SC,2,1
2011-07-23,Union Berlin,Greuther Fürth,0,4
2011-07-24,Alemannia Aachen,Eintracht Braunschweig,0,2
2011-07-24,SC Paderborn,Fortuna Düsseldorf,1,1
2011-07-24,Dynamo Dresden,Hansa Rostock,1,1
2011-07-25,Eintracht Frankfurt,FC St. Pauli,1,1
2011-08-05,FC St. Pauli,Alemannia Aachen,3,1
2011-08-05,Fortuna Düsseldorf,FC Ingolstadt 04,4,1
2011-08-05,Union Berlin,SC Paderborn,3,0
2011-08-05,Borussia Dortmund,Hamburger SV,3,1
2011-08-06,Greuther Fürth,Dynamo Dresden,1,0
2011-08-06,FC Energie Cottbus,TSV 1860 München,0,5
2011-08-06,Werder Bremen,1. FC Kaiserslautern,2,0
2011-08-06,VfB Stuttgart,Schalke 04,3,0
2011-08-06,1. FC Köln,Wolfsburg,0,3
2011-08-06,Augsburg,SC Freiburg,2,2
2011-08-06,Hannover 96,TSG Hoffenheim,2,1
2011-08-06,Hertha Berlin,1. FC Nürnberg,0,1
2011-08-07,FC Erzgebirge Aue,Karlsruher SC,0,2
2011-08-07,FSV Frankfurt,MSV Duisburg,0,0
2011-08-07,Eintracht Braunschweig,Eintracht Frankfurt,0,3
2011-08-07,1. FSV Mainz 05,Bayer Leverkusen,2,0
2011-08-07,Bayern Munich,Borussia Mönchengladbach,0,1
2011-08-08,Hansa Rostock,VfL Bochum,0,0
2011-08-12,Karlsruher SC,Eintracht Braunschweig,1,3
2011-08-12,Dynamo Dresden,Union Berlin,4,0
2011-08-12,VfL Bochum,FC St. Pauli,1,2
2011-08-13,Alemannia Aachen,FC Energie Cottbus,0,2
2011-08-13,SC Paderborn,Greuther Fürth,0,1
2011-08-13,Schalke 04,1. FC Köln,5,1
2011-08-13,Hamburger SV,Hertha Berlin,2,2
2011-08-13,1. FC Nürnberg,Hannover 96,1,2
2011-08-13,SC Freiburg,1. FSV Mainz 05,1,2
2011-08-13,TSG Hoffenheim,Borussia Dortmund,1,0
2011-08-13,Wolfsburg,Bayern Munich,0,1
2011-08-13,Borussia Mönchengladbach,VfB Stuttgart,1,1
2011-08-14,MSV Duisburg,Hansa Rostock,0,0
2011-08-14,TSV 1860 München,FC Erzgebirge Aue,4,0
2011-08-14,FC Ingolstadt 04,FSV Frankfurt,1,1
2011-08-14,1. FC Kaiserslautern,Augsburg,1,1
2011-08-14,Bayer Leverkusen,Werder Bremen,1,0
2011-08-15,Eintracht Frankfurt,Fortuna Düsseldorf,1,1
2011-08-19,Greuther Fürth,FC Ingolstadt 04,3,0
2011-08-19,Fortuna Düsseldorf,TSV 1860 München,3,1
2011-08-19,Hansa Rostock,Alemannia Aachen,0,0
2011-08-19,Borussia Mönchengladbach,Wolfsburg,4,1
2011-08-20,Union Berlin,VfL Bochum,2,1
2011-08-20,Eintracht Braunschweig,FC Erzgebirge Aue,1,1
2011-08-20,Borussia Dortmund,1. FC Nürnberg,2,0
2011-08-20,Bayern Munich,Hamburger SV,5,0
2011-08-20,Werder Bremen,SC Freiburg,5,3
2011-08-20,VfB Stuttgart,Bayer Leverkusen,0,1
2011-08-20,Augsburg,TSG Hoffenheim,0,2
2011-08-20,1. FC Köln,1. FC Kaiserslautern,1,1
2011-08-21,FC Energie Cottbus,Karlsruher SC,2,0
2011-08-21,FSV Frankfurt,Eintracht Frankfurt,0,4
2011-08-21,Dynamo Dresden,SC Paderborn,1,2
2011-08-21,1. FSV Mainz 05,Schalke 04,2,4
2011-08-21,Hannover 96,Hertha Berlin,1,1
2011-08-22,FC St. Pauli,MSV Duisburg,2,1
2011-08-26,VfL Bochum,Greuther Fürth,1,4
2011-08-26,MSV Duisburg,Dynamo Dresden,3,0
2011-08-26,FC Ingolstadt 04,Hansa Rostock,3,1
2011-08-26,Hertha Berlin,VfB Stuttgart,1,0
2011-08-27,Alemannia Aachen,Fortuna Düsseldorf,0,0
2011-08-27,Karlsruher SC,FSV Frankfurt,0,4
2011-08-27,Hamburger SV,1. FC Köln,3,4
2011-08-27,1. FC Nürnberg,Augsburg,1,0
2011-08-27,SC Freiburg,Wolfsburg,3,0
2011-08-27,1. FC Kaiserslautern,Bayern Munich,0,3
2011-08-27,TSG Hoffenheim,Werder Bremen,1,2
2011-08-27,Bayer Leverkusen,Borussia Dortmund,0,0
2011-08-28,Eintracht Frankfurt,SC Paderborn,0,0
2011-08-28,TSV 1860 München,Union Berlin,3,1
2011-08-28,Eintracht Braunschweig,FC St. Pauli,1,0
2011-08-28,Hannover 96,1. FSV Mainz 05,1,1
2011-08-28,Schalke 04,Borussia Mönchengladbach,1,0
2011-08-29,FC Erzgebirge Aue,FC Energie Cottbus,0,0
2011-09-09,Greuther Fürth,MSV Duisburg,2,1
2011-09-09,SC Paderborn,Alemannia Aachen,0,0
2011-09-09,Hansa Rostock,Eintracht Braunschweig,0,0
2011-09-09,Augsburg,Bayer Leverkusen,1,4
2011-09-10,FC Energie Cottbus,Eintracht Frankfurt,3,3
2011-09-10,Fortuna Düsseldorf,Karlsruher SC,4,2
2011-09-10,Borussia Dortmund,Hertha Berlin,1,2
2011-09-10,Bayern Munich,SC Freiburg,7,0
2011-09-10,1. FSV Mainz 05,TSG Hoffenheim,0,4
2011-09-10,VfB Stuttgart,Hannover 96,3,0
2011-09-10,Borussia Mönchengladbach,1. FC Kaiserslautern,1,0
2011-09-10,Werder Bremen,Hamburger SV,2,0
2011-09-11,FC St. Pauli,TSV 1860 München,4,2
2011-09-11,Union Berlin,FC Ingolstadt 04,4,1
2011-09-11,FSV Frankfurt,FC Erzgebirge Aue,1,1
2011-09-11,1. FC Köln,1. FC Nürnberg,1,2
2011-09-11,Wolfsburg,Schalke 04,2,1
2011-09-12,Dynamo Dresden,VfL Bochum,2,1
2011-09-13,Chelsea,Bayer Leverkusen,2,0
2011-09-13,Genk,Valencia,0,0
2011-09-13,Borussia Dortmund,Arsenal,1,1
2011-09-13,Olympiacos,Marseille,0,1
2011-09-13,APOEL,Zenit,2,1
2011-09-13,Porto,Shakhtar Donetsk,2,1
2011-09-13,Barcelona,Milan,2,2
2011-09-13,Viktoria Plzen,BATE Borisov,1,1
2011-09-14,Manchester City,Napoli,1,1
2011-09-14,Villarreal,Bayern Munich,0,2
2011-09-14,Lille,CSKA Moscow,2,2
2011-09-14,Inter Milan,Trabzonspor,0,1
2011-09-14,Basel,Otelul Galati,2,1
2011-09-14,Benfica,Manchester United,1,1
2011-09-14,Ajax,Lyon,0,0
2011-09-14,Dinamo Zagreb,Real Madrid,0,1
2011-09-16,Eintracht Frankfurt,Hansa Rostock,4,1
2011-09-16,FC Erzgebirge Aue,Fortuna Düsseldorf,2,4
2011-09-16,FC Ingolstadt 04,Dynamo Dresden,4,2
2011-09-16,SC Freiburg,VfB Stuttgart,1,2
2011-09-17,MSV Duisburg,Union Berlin,1,1
2011-09-17,Eintracht Braunschweig,FC Energie Cottbus,3,1
2011-09-17,Bayer Leverkusen,1. FC Köln,1,4
2011-09-17,Hamburger SV,Borussia Mönchengladbach,0,1
2011-09-17,1. FC Nürnberg,Werder Bremen,1,1
2011-09-17,TSG Hoffenheim,Wolfsburg,3,1
2011-09-17,Hertha Berlin,Augsburg,2,2
2011-09-17,1. FC Kaiserslautern,1. FSV Mainz 05,3,1
2011-09-18,VfL Bochum,SC Paderborn,0,4
2011-09-18,TSV 1860 München,FSV Frankfurt,4,0
2011-09-18,Alemannia Aachen,Greuther Fürth,0,0
2011-09-18,Hannover 96,Borussia Dortmund,2,1
2011-09-18,Schalke 04,Bayern Munich,0,2
2011-09-19,Karlsruher SC,FC St. Pauli,0,2
2011-09-23,SC Paderborn,FC Ingolstadt 04,4,1
2011-09-23,FSV Frankfurt,Eintracht Braunschweig,1,1
2011-09-23,FC St. Pauli,FC Erzgebirge Aue,2,3
2011-09-23,VfB Stuttgart,Hamburger SV,1,2
2011-09-24,Union Berlin,Alemannia Aachen,2,0
2011-09-24,Fortuna Düsseldorf,FC Energie Cottbus,4,2
2011-09-24,Schalke 04,SC Freiburg,4,2
2011-09-24,1. FSV Mainz 05,Borussia Dortmund,1,2
2011-09-24,Wolfsburg,1. FC Kaiserslautern,1,0
2011-09-24,Borussia Mönchengladbach,1. FC Nürnberg,1,0
2011-09-24,Augsburg,Hannover 96,0,0
2011-09-24,Bayern Munich,Bayer Leverkusen,3,0
2011-09-25,Hansa Rostock,Karlsruher SC,1,1
2011-09-25,Greuther Fürth,TSV 1860 München,2,0
2011-09-25,VfL Bochum,MSV Duisburg,2,1
2011-09-25,1. FC Köln,TSG Hoffenheim,2,0
2011-09-25,Werder Bremen,Hertha Berlin,2,1
2011-09-26,Dynamo Dresden,Eintracht Frankfurt,1,4
2011-09-27,Bayern Munich,Manchester City,2,0
2011-09-27,Napoli,Villarreal,2,0
2011-09-27,CSKA Moscow,Inter Milan,2,3
2011-09-27,Trabzonspor,Lille,1,1
2011-09-27,Manchester United,Basel,3,3
2011-09-27,Otelul Galati,Benfica,0,1
2011-09-27,Lyon,Dinamo Zagreb,2,0
2011-09-27,Real Madrid,Ajax,3,0
2011-09-28,Bayer Leverkusen,Genk,2,0
2011-09-28,Valencia,Chelsea,1,1
2011-09-28,Arsenal,Olympiacos,2,1
2011-09-28,Marseille,Borussia Dortmund,3,0
2011-09-28,Zenit,Porto,3,1
2011-09-28,Shakhtar Donetsk,APOEL,1,1
2011-09-28,Milan,Viktoria Plzen,2,0
2011-09-28,BATE Borisov,Barcelona,0,5
2011-09-30,Alemannia Aachen,FSV Frankfurt,1,3
2011-09-30,Eintracht Frankfurt,Union Berlin,3,1
2011-09-30,FC Erzgebirge Aue,Hansa Rostock,1,0
2011-09-30,1. FC Kaiserslautern,VfB Stuttgart,0,2
2011-10-01,FC Ingolstadt 04,VfL Bochum,3,5
2011-10-01,FC Energie Cottbus,FC St. Pauli,1,4
2011-10-01,Borussia Dortmund,Augsburg,4,0
2011-10-01,Bayer Leverkusen,Wolfsburg,3,1
2011-10-01,1. FC Nürnberg,1. FSV Mainz 05,3,3
2011-10-01,SC Freiburg,Borussia Mönchengladbach,1,0
2011-10-01,TSG Hoffenheim,Bayern Munich,0,0
2011-10-01,Hertha Berlin,1. FC Köln,3,0
2011-10-02,Karlsruher SC,Greuther Fürth,2,2
2011-10-02,TSV 1860 München,Dynamo Dresden,2,4
2011-10-02,MSV Duisburg,SC Paderborn,0,1
2011-10-02,Hannover 96,Werder Bremen,3,2
2011-10-02,Hamburger SV,Schalke 04,1,2
2011-10-03,Eintracht Braunschweig,Fortuna Düsseldorf,1,1
2011-10-14,VfL Bochum,Eintracht Frankfurt,0,2
2011-10-14,SC Paderborn,Eintracht Braunschweig,1,0
2011-10-14,Hansa Rostock,TSV 1860 München,2,0
2011-10-14,Werder Bremen,Borussia Dortmund,0,2
2011-10-15,MSV Duisburg,FC Ingolstadt 04,3,1
2011-10-15,Union Berlin,Karlsruher SC,2,0
2011-10-15,Bayern Munich,Hertha Berlin,4,0
2011-10-15,1. FSV Mainz 05,Augsburg,0,1
2011-10-15,VfB Stuttgart,TSG Hoffenheim,2,0
2011-10-15,Wolfsburg,1. FC Nürnberg,2,1
2011-10-15,Borussia Mönchengladbach,Bayer Leverkusen,2,2
2011-10-15,Schalke 04,1. FC Kaiserslautern,1,2
2011-10-16,Greuther Fürth,FC Erzgebirge Aue,2,0
2011-10-16,FSV Frankfurt,FC Energie Cottbus,0,1
2011-10-16,Dynamo Dresden,Alemannia Aachen,1,1
2011-10-16,SC Freiburg,Hamburger SV,1,2
2011-10-16,1. FC Köln,Hannover 96,2,0
2011-10-17,FC St. Pauli,Fortuna Düsseldorf,1,3
2011-10-18,Manchester City,Villarreal,2,1
2011-10-18,Napoli,Bayern Munich,1,1
2011-10-18,CSKA Moscow,Trabzonspor,3,0
2011-10-18,Lille,Inter Milan,0,1
2011-10-18,Basel,Benfica,0,2
2011-10-18,Otelul Galati,Manchester United,0,2
2011-10-18,Dinamo Zagreb,Ajax,0,2
2011-10-18,Real Madrid,Lyon,4,0
2011-10-19,Bayer Leverkusen,Valencia,2,1
2011-10-19,Chelsea,Genk,5,0
2011-10-19,Olympiacos,Borussia Dortmund,3,1
2011-10-19,Marseille,Arsenal,0,1
2011-10-19,Porto,APOEL,1,1
2011-10-19,Shakhtar Donetsk,Zenit,2,2
2011-10-19,Milan,BATE Borisov,2,0
2011-10-19,Barcelona,Viktoria Plzen,2,0
2011-10-21,Fortuna Düsseldorf,Hansa Rostock,2,0
2011-10-21,TSV 1860 München,SC Paderborn,1,1
2011-10-21,Karlsruher SC,VfL Bochum,0,0
2011-10-21,Augsburg,Werder Bremen,1,1
2011-10-22,FC Energie Cottbus,Greuther Fürth,0,2
2011-10-22,Eintracht Braunschweig,Dynamo Dresden,0,2
2011-10-22,Borussia Dortmund,1. FC Köln,5,0
2011-10-22,1. FC Nürnberg,VfB Stuttgart,2,2
2011-10-22,TSG Hoffenheim,Borussia Mönchengladbach,1,0
2011-10-22,Hertha Berlin,1. FSV Mainz 05,0,0
2011-10-22,1. FC Kaiserslautern,SC Freiburg,1,0
2011-10-22,Hamburger SV,Wolfsburg,1,1
2011-10-23,Eintracht Frankfurt,MSV Duisburg,3,0
2011-10-23,FC St. Pauli,FSV Frankfurt,2,1
2011-10-23,FC Erzgebirge Aue,Union Berlin,1,1
2011-10-23,Alemannia Aachen,FC Ingolstadt 04,3,1
2011-10-23,Bayer Leverkusen,Schalke 04,0,1
2011-10-23,Hannover 96,Bayern Munich,2,1
2011-10-28,VfL Bochum,Alemannia Aachen,1,0
2011-10-28,Union Berlin,FC St. Pauli,0,2
2011-10-28,Hansa Rostock,FC Energie Cottbus,1,1
2011-10-28,SC Freiburg,Bayer Leverkusen,0,1
2011-10-29,SC Paderborn,FC Erzgebirge Aue,1,0
2011-10-29,Dynamo Dresden,Karlsruher SC,5,1
2011-10-29,Bayern Munich,1. FC Nürnberg,4,0
2011-10-29,Schalke 04,TSG Hoffenheim,3,1
2011-10-29,VfB Stuttgart,Borussia Dortmund,1,1
2011-10-29,Wolfsburg,Hertha Berlin,2,3
2011-10-29,Borussia Mönchengladbach,Hannover 96,2,1
2011-10-29,1. FSV Mainz 05,Werder Bremen,1,3
2011-10-30,MSV Duisburg,TSV 1860 München,0,3
2011-10-30,FSV Frankfurt,Fortuna Düsseldorf,2,5
2011-10-30,FC Ingolstadt 04,Eintracht Frankfurt,1,1
2011-10-30,1. FC Köln,Augsburg,3,0
2011-10-30,Hamburger SV,1. FC Kaiserslautern,1,1
2011-10-31,Greuther Fürth,Eintracht Braunschweig,1,3
2011-11-01,Genk,Chelsea,1,1
2011-11-01,Valencia,Bayer Leverkusen,3,1
2011-11-01,Arsenal,Marseille,0,0
2011-11-01,Borussia Dortmund,Olympiacos,1,0
2011-11-01,Zenit,Shakhtar Donetsk,1,0
2011-11-01,APOEL,Porto,2,1
2011-11-01,BATE Borisov,Milan,1,1
2011-11-01,Viktoria Plzen,Barcelona,0,4
2011-11-02,Bayern Munich,Napoli,3,2
2011-11-02,Villarreal,Manchester City,0,3
2011-11-02,Trabzonspor,CSKA Moscow,0,0
2011-11-02,Inter Milan,Lille,2,1
2011-11-02,Manchester United,Otelul Galati,2,0
2011-11-02,Benfica,Basel,1,1
2011-11-02,Ajax,Dinamo Zagreb,4,0
2011-11-02,Lyon,Real Madrid,0,2
2011-11-04,Fortuna Düsseldorf,Dynamo Dresden,2,1
2011-11-04,Karlsruher SC,FC Ingolstadt 04,3,2
2011-11-04,Eintracht Braunschweig,Union Berlin,1,2
2011-11-04,1. FSV Mainz 05,VfB Stuttgart,3,1
2011-11-05,FC St. Pauli,Greuther Fürth,2,2
2011-11-05,TSV 1860 München,VfL Bochum,1,3
2011-11-05,Borussia Dortmund,Wolfsburg,5,1
2011-11-05,Werder Bremen,1. FC Köln,3,2
2011-11-05,1. FC Nürnberg,SC Freiburg,1,2
2011-11-05,TSG Hoffenheim,1. FC Kaiserslautern,1,1
2011-11-05,Hertha Berlin,Borussia Mönchengladbach,1,2
2011-11-05,Bayer Leverkusen,Hamburger SV,2,2
2011-11-06,FC Energie Cottbus,SC Paderborn,0,2
2011-11-06,Alemannia Aachen,MSV Duisburg,2,2
2011-11-06,FSV Frankfurt,Hansa Rostock,0,0
2011-11-06,Hannover 96,Schalke 04,2,2
2011-11-06,Augsburg,Bayern Munich,1,2
2011-11-07,FC Erzgebirge Aue,Eintracht Frankfurt,1,2
2011-11-18,MSV Duisburg,Eintracht Braunschweig,3,0
2011-11-18,SC Paderborn,Karlsruher SC,2,1
2011-11-18,FC Ingolstadt 04,TSV 1860 München,0,1
2011-11-18,1. FC Kaiserslautern,Bayer Leverkusen,0,2
2011-11-19,Union Berlin,Fortuna Düsseldorf,0,0
2011-11-19,Hansa Rostock,FC St. Pauli,1,3
2011-11-19,Schalke 04,1. FC Nürnberg,4,0
2011-11-19,SC Freiburg,Hertha Berlin,2,2
2011-11-19,Wolfsburg,Hannover 96,4,1
2011-11-19,Borussia Mönchengladbach,Werder Bremen,5,0
2011-11-19,Bayern Munich,Borussia Dortmund,0,1
2011-11-20,Eintracht Frankfurt,Alemannia Aachen,4,3
2011-11-20,Greuther Fürth,FSV Frankfurt,4,0
2011-11-20,Dynamo Dresden,FC Erzgebirge Aue,1,2
2011-11-20,VfB Stuttgart,Augsburg,2,1
2011-11-20,Hamburger SV,TSG Hoffenheim,2,0
2011-11-21,VfL Bochum,FC Energie Cottbus,0,1
2011-11-22,Bayern Munich,Villarreal,3,1
2011-11-22,Napoli,Manchester City,2,1
2011-11-22,CSKA Moscow,Lille,0,2
2011-11-22,Trabzonspor,Inter Milan,1,1
2011-11-22,Manchester United,Benfica,2,2
2011-11-22,Otelul Galati,Basel,2,3
2011-11-22,Lyon,Ajax,0,0
2011-11-22,Real Madrid,Dinamo Zagreb,6,2
2011-11-23,Bayer Leverkusen,Chelsea,2,1
2011-11-23,Valencia,Genk,7,0
2011-11-23,Arsenal,Borussia Dortmund,2,1
2011-11-23,Marseille,Olympiacos,0,1
2011-11-23,Zenit,APOEL,0,0
2011-11-23,Shakhtar Donetsk,Porto,0,2
2011-11-23,BATE Borisov,Viktoria Plzen,0,1
2011-11-23,Milan,Barcelona,2,3
2011-11-25,FC Erzgebirge Aue,MSV Duisburg,1,2
2011-11-25,FSV Frankfurt,SC Paderborn,2,2
2011-11-25,Hansa Rostock,Union Berlin,2,5
2011-11-25,1. FC Köln,Borussia Mönchengladbach,0,3
2011-11-26,TSV 1860 München,Eintracht Frankfurt,2,1
2011-11-26,Karlsruher SC,Alemannia Aachen,0,2
2011-11-26,Borussia Dortmund,Schalke 04,2,0
2011-11-26,1. FC Nürnberg,1. FC Kaiserslautern,1,0
2011-11-26,TSG Hoffenheim,SC Freiburg,1,1
2011-11-26,Augsburg,Wolfsburg,2,0
2011-11-26,Hertha Berlin,Bayer Leverkusen,3,3
2011-11-26,Hannover 96,Hamburger SV,1,1
2011-11-27,FC St. Pauli,Dynamo Dresden,3,1
2011-11-27,FC Energie Cottbus,FC Ingolstadt 04,0,0
2011-11-27,Eintracht Braunschweig,VfL Bochum,4,0
2011-11-27,Werder Bremen,VfB Stuttgart,2,0
2011-11-27,1. FSV Mainz 05,Bayern Munich,3,2
2011-11-28,Fortuna Düsseldorf,Greuther Fürth,2,1
2011-12-02,Union Berlin,FC Energie Cottbus,1,0
2011-12-02,SC Paderborn,FC St. Pauli,1,1
2011-12-02,FC Ingolstadt 04,Eintracht Braunschweig,0,1
2011-12-02,Bayer Leverkusen,TSG Hoffenheim,2,0
2011-12-03,Eintracht Frankfurt,Karlsruher SC,2,0
2011-12-03,Greuther Fürth,Hansa Rostock,3,0
2011-12-03,Bayern Munich,Werder Bremen,4,1
2011-12-03,SC Freiburg,Hannover 96,1,1
2011-12-03,1. FC Kaiserslautern,Hertha Berlin,1,1
2011-12-03,Wolfsburg,1. FSV Mainz 05,2,2
2011-12-03,Borussia Mönchengladbach,Borussia Dortmund,1,1
2011-12-03,VfB Stuttgart,1. FC Köln,2,2
2011-12-04,VfL Bochum,FC Erzgebirge Aue,6,0
2011-12-04,Alemannia Aachen,TSV 1860 München,2,2
2011-12-04,Dynamo Dresden,FSV Frankfurt,2,2
2011-12-04,Hamburger SV,1. FC Nürnberg,2,0
2011-12-04,Schalke 04,Augsburg,3,1
2011-12-05,MSV Duisburg,Fortuna Düsseldorf,0,2
2011-12-06,Chelsea,Valencia,3,0
2011-12-06,Genk,Bayer Leverkusen,1,1
2011-12-06,Borussia Dortmund,Marseille,2,3
2011-12-06,Olympiacos,Arsenal,3,1
2011-12-06,APOEL,Shakhtar Donetsk,0,2
2011-12-06,Porto,Zenit,0,0
2011-12-06,Barcelona,BATE Borisov,4,0
2011-12-06,Viktoria Plzen,Milan,2,2
2011-12-07,Manchester City,Bayern Munich,2,0
2011-12-07,Villarreal,Napoli,0,2
2011-12-07,Inter Milan,CSKA Moscow,1,2
2011-12-07,Lille,Trabzonspor,0,0
2011-12-07,Basel,Manchester United,2,1
2011-12-07,Benfica,Otelul Galati,1,0
2011-12-07,Ajax,Real Madrid,0,3
2011-12-07,Dinamo Zagreb,Lyon,1,7
2011-12-09,MSV Duisburg,Karlsruher SC,3,1
2011-12-09,TSV 1860 München,Eintracht Braunschweig,3,0
2011-12-09,SC Paderborn,Hansa Rostock,2,0
2011-12-09,Hertha Berlin,Schalke 04,1,2
2011-12-10,VfL Bochum,Fortuna Düsseldorf,1,1
2011-12-10,Union Berlin,FSV Frankfurt,4,0
2011-12-10,Werder Bremen,Wolfsburg,4,1
2011-12-10,1. FSV Mainz 05,Hamburger SV,0,0
2011-12-10,1. FC Nürnberg,TSG Hoffenheim,0,2
2011-12-10,1. FC Köln,SC Freiburg,4,0
2011-12-10,Augsburg,Borussia Mönchengladbach,1,0
2011-12-10,Hannover 96,Bayer Leverkusen,0,0
2011-12-11,Alemannia Aachen,FC Erzgebirge Aue,1,1
2011-12-11,FC Ingolstadt 04,FC St. Pauli,1,0
2011-12-11,Dynamo Dresden,FC Energie Cottbus,2,1
2011-12-11,Borussia Dortmund,1. FC Kaiserslautern,1,1
2011-12-11,VfB Stuttgart,Bayern Munich,1,2
2011-12-12,Eintracht Frankfurt,Greuther Fürth,0,0
2011-12-13,1. FC Köln,1. FSV Mainz 05,1,1
2011-12-16,Greuther Fürth,Union Berlin,5,0
2011-12-16,FC Erzgebirge Aue,FC Ingolstadt 04,1,1
2011-12-16,Fortuna Düsseldorf,SC Paderborn,2,3
2011-12-16,Bayern Munich,1. FC Köln,3,0
2011-12-17,FSV Frankfurt,VfL Bochum,0,2
2011-12-17,Karlsruher SC,TSV 1860 München,1,3
2011-12-17,Bayer Leverkusen,1. FC Nürnberg,0,3
2011-12-17,Hamburger SV,Augsburg,1,1
2011-12-17,SC Freiburg,Borussia Dortmund,1,4
2011-12-17,TSG Hoffenheim,Hertha Berlin,1,1
2011-12-17,Wolfsburg,VfB Stuttgart,1,0
2011-12-17,Schalke 04,Werder Bremen,5,0
2011-12-18,FC Energie Cottbus,MSV Duisburg,1,1
2011-12-18,Eintracht Braunschweig,Alemannia Aachen,1,1
2011-12-18,Hansa Rostock,Dynamo Dresden,2,2
2011-12-18,1. FC Kaiserslautern,Hannover 96,1,1
2011-12-18,Borussia Mönchengladbach,1. FSV Mainz 05,1,0
2011-12-19,FC St. Pauli,Eintracht Frankfurt,2,0
2012-01-20,Borussia Mönchengladbach,Bayern Munich,3,1
2012-01-21,Schalke 04,VfB Stuttgart,3,1
2012-01-21,1. FC Nürnberg,Hertha Berlin,2,0
2012-01-21,SC Freiburg,Augsburg,1,0
2012-01-21,TSG Hoffenheim,Hannover 96,0,0
2012-01-21,Wolfsburg,1. FC Köln,1,0
2012-01-21,1. FC Kaiserslautern,Werder Bremen,0,0
2012-01-22,Hamburger SV,Borussia Dortmund,1,5
2012-01-22,Bayer Leverkusen,1. FSV Mainz 05,3,2
2012-01-27,Hannover 96,1. FC Nürnberg,1,0
2012-01-28,Werder Bremen,Bayer Leverkusen,1,1
2012-01-28,Hertha Berlin,Hamburger SV,1,2
2012-01-28,Augsburg,1. FC Kaiserslautern,2,2
2012-01-28,Borussia Dortmund,TSG Hoffenheim,3,1
2012-01-28,Bayern Munich,Wolfsburg,2,0
2012-01-28,1. FC Köln,Schalke 04,1,4
2012-01-29,1. FSV Mainz 05,SC Freiburg,3,1
2012-01-29,VfB Stuttgart,Borussia Mönchengladbach,0,3
2012-02-03,MSV Duisburg,FSV Frankfurt,1,2
2012-02-03,SC Paderborn,Union Berlin,3,2
2012-02-03,Dynamo Dresden,Greuther Fürth,3,1
2012-02-03,1. FC Nürnberg,Borussia Dortmund,0,2
2012-02-04,Alemannia Aachen,FC St. Pauli,2,1
2012-02-04,FC Ingolstadt 04,Fortuna Düsseldorf,1,1
2012-02-04,Hertha Berlin,Hannover 96,0,1
2012-02-04,Schalke 04,1. FSV Mainz 05,1,1
2012-02-04,Bayer Leverkusen,VfB Stuttgart,2,2
2012-02-04,Wolfsburg,Borussia Mönchengladbach,0,0
2012-02-04,TSG Hoffenheim,Augsburg,2,2
2012-02-04,Hamburger SV,Bayern Munich,1,1
2012-02-05,Eintracht Frankfurt,Eintracht Braunschweig,2,1
2012-02-05,VfL Bochum,Hansa Rostock,2,1
2012-02-05,Karlsruher SC,FC Erzgebirge Aue,2,1
2012-02-05,SC Freiburg,Werder Bremen,2,2
2012-02-05,1. FC Kaiserslautern,1. FC Köln,0,1
2012-02-06,TSV 1860 München,FC Energie Cottbus,2,0
2012-02-10,FC Energie Cottbus,Alemannia Aachen,1,1
2012-02-10,FSV Frankfurt,FC Ingolstadt 04,1,1
2012-02-10,Wolfsburg,SC Freiburg,3,2
2012-02-11,Union Berlin,Dynamo Dresden,4,0
2012-02-11,Eintracht Braunschweig,Karlsruher SC,0,0
2012-02-11,Borussia Dortmund,Bayer Leverkusen,1,0
2012-02-11,1. FSV Mainz 05,Hannover 96,1,1
2012-02-11,Bayern Munich,1. FC Kaiserslautern,2,0
2012-02-11,Werder Bremen,TSG Hoffenheim,1,1
2012-02-11,VfB Stuttgart,Hertha Berlin,5,0
2012-02-11,Borussia Mönchengladbach,Schalke 04,3,0
2012-02-12,FC St. Pauli,VfL Bochum,2,1
2012-02-12,Greuther Fürth,SC Paderborn,5,1
2012-02-12,Hansa Rostock,MSV Duisburg,4,2
2012-02-12,Augsburg,1. FC Nürnberg,0,0
2012-02-12,1. FC Köln,Hamburger SV,0,1
2012-02-13,Fortuna Düsseldorf,Eintracht Frankfurt,1,1
2012-02-14,Lyon,APOEL,1,0
2012-02-14,Bayer Leverkusen,Barcelona,1,3
2012-02-15,Zenit,Benfica,3,2
2012-02-15,Milan,Arsenal,4,0
2012-02-17,MSV Duisburg,FC St. Pauli,0,1
2012-02-17,SC Paderborn,Dynamo Dresden,2,2
2012-02-17,Karlsruher SC,FC Energie Cottbus,2,0
2012-02-17,TSG Hoffenheim,1. FSV Mainz 05,1,1
2012-02-18,Eintracht Frankfurt,FSV Frankfurt,6,1
2012-02-18,VfL Bochum,Union Berlin,4,2
2012-02-18,Hertha Berlin,Borussia Dortmund,0,1
2012-02-18,Hamburger SV,Werder Bremen,1,3
2012-02-18,1. FC Nürnberg,1. FC Köln,2,1
2012-02-18,1. FC Kaiserslautern,Borussia Mönchengladbach,1,2
2012-02-18,Bayer Leverkusen,Augsburg,4,1
2012-02-18,SC Freiburg,Bayern Munich,0,0
2012-02-19,TSV 1860 München,Fortuna Düsseldorf,2,1
2012-02-19,FC Ingolstadt 04,Greuther Fürth,0,0
2012-02-19,Alemannia Aachen,Hansa Rostock,0,0
2012-02-19,Schalke 04,Wolfsburg,4,0
2012-02-19,Hannover 96,VfB Stuttgart,4,2
2012-02-20,FC Erzgebirge Aue,Eintracht Braunschweig,1,1
2012-02-21,CSKA Moscow,Real Madrid,1,1
2012-02-21,Napoli,Chelsea,3,1
2012-02-22,Basel,Bayern Munich,1,0
2012-02-22,Marseille,Inter Milan,1,0
2012-02-24,Union Berlin,TSV 1860 München,0,1
2012-02-24,Hansa Rostock,FC Ingolstadt 04,1,2
2012-02-24,Dynamo Dresden,MSV Duisburg,2,0
2012-02-24,Borussia Mönchengladbach,Hamburger SV,1,1
2012-02-25,Greuther Fürth,VfL Bochum,6,2
2012-02-25,FC Energie Cottbus,FC Erzgebirge Aue,2,0
2012-02-25,1. FC Köln,Bayer Leverkusen,0,2
2012-02-25,VfB Stuttgart,SC Freiburg,4,1
2012-02-25,1. FSV Mainz 05,1. FC Kaiserslautern,4,0
2012-02-25,Wolfsburg,TSG Hoffenheim,1,2
2012-02-25,Augsburg,Hertha Berlin,3,0
2012-02-25,Werder Bremen,1. FC Nürnberg,0,1
2012-02-26,FC St. Pauli,Eintracht Braunschweig,0,0
2012-02-26,SC Paderborn,Eintracht Frankfurt,4,2
2012-02-26,FSV Frankfurt,Karlsruher SC,2,1
2012-02-26,Bayern Munich,Schalke 04,2,0
2012-02-26,Borussia Dortmund,Hannover 96,3,1
2012-02-27,Fortuna Düsseldorf,Alemannia Aachen,0,0
2012-03-02,MSV Duisburg,Greuther Fürth,0,2
2012-03-02,FC Ingolstadt 04,Union Berlin,3,3
2012-03-02,VfL Bochum,Dynamo Dresden,0,2
2012-03-03,Alemannia Aachen,SC Paderborn,0,3
2012-03-03,Karlsruher SC,Fortuna Düsseldorf,0,5
2012-03-03,Bayer Leverkusen,Bayern Munich,2,0
2012-03-03,SC Freiburg,Schalke 04,2,1
2012-03-03,Hertha Berlin,Werder Bremen,1,0
2012-03-03,Hamburger SV,VfB Stuttgart,0,4
2012-03-03,1. FC Kaiserslautern,Wolfsburg,0,0
2012-03-03,Hannover 96,Augsburg,2,2
2012-03-03,Borussia Dortmund,1. FSV Mainz 05,2,1
2012-03-04,Eintracht Frankfurt,FC Energie Cottbus,1,0
2012-03-04,FC Erzgebirge Aue,FSV Frankfurt,4,3
2012-03-04,Eintracht Braunschweig,Hansa Rostock,3,2
2012-03-04,1. FC Nürnberg,Borussia Mönchengladbach,1,0
2012-03-04,TSG Hoffenheim,1. FC Köln,1,1
2012-03-05,TSV 1860 München,FC St. Pauli,1,1
2012-03-06,Arsenal,Milan,3,0
2012-03-06,Benfica,Zenit,2,0
2012-03-07,APOEL,Lyon,1,0
2012-03-07,Barcelona,Bayer Leverkusen,7,1
2012-03-09,Greuther Fürth,Alemannia Aachen,1,0
2012-03-09,Union Berlin,MSV Duisburg,1,1
2012-03-09,SC Paderborn,VfL Bochum,0,0
2012-03-09,VfB Stuttgart,1. FC Kaiserslautern,0,0
2012-03-10,Fortuna Düsseldorf,FC Erzgebirge Aue,3,1
2012-03-10,FSV Frankfurt,TSV 1860 München,3,1
2012-03-10,Wolfsburg,Bayer Leverkusen,3,2
2012-03-10,1. FSV Mainz 05,1. FC Nürnberg,2,1
2012-03-10,Borussia Mönchengladbach,SC Freiburg,0,0
2012-03-10,Bayern Munich,TSG Hoffenheim,7,1
2012-03-10,1. FC Köln,Hertha Berlin,1,0
2012-03-10,Augsburg,Borussia Dortmund,0,0
2012-03-11,FC Energie Cottbus,Eintracht Braunschweig,1,1
2012-03-11,Hansa Rostock,Eintracht Frankfurt,1,5
2012-03-11,Dynamo Dresden,FC Ingolstadt 04,0,0
2012-03-11,Werder Bremen,Hannover 96,3,0
2012-03-11,Schalke 04,Hamburger SV,3,1
2012-03-12,FC St. Pauli,Karlsruher SC,1,0
2012-03-13,Bayern Munich,Basel,7,0
2012-03-13,Inter Milan,Marseille,2,1
2012-03-14,FC Erzgebirge Aue,TSV 1860 München,0,0
2012-03-14,Chelsea,Napoli,4,1
2012-03-14,Real Madrid,CSKA Moscow,4,1
2012-03-16,Eintracht Frankfurt,Dynamo Dresden,3,0
2012-03-16,Alemannia Aachen,Union Berlin,1,3
2012-03-16,Eintracht Braunschweig,FSV Frankfurt,0,0
2012-03-16,TSG Hoffenheim,VfB Stuttgart,1,2
2012-03-17,TSV 1860 München,Greuther Fürth,1,4
2012-03-17,FC Ingolstadt 04,SC Paderborn,4,0
2012-03-17,Borussia Dortmund,Werder Bremen,1,0
2012-03-17,Augsburg,1. FSV Mainz 05,2,1
2012-03-17,Hamburger SV,SC Freiburg,1,3
2012-03-17,1. FC Nürnberg,Wolfsburg,1,3
2012-03-17,Bayer Leverkusen,Borussia Mönchengladbach,1,2
2012-03-17,Hertha Berlin,Bayern Munich,0,6
2012-03-18,FC Erzgebirge Aue,FC St. Pauli,2,1
2012-03-18,MSV Duisburg,VfL Bochum,2,1
2012-03-18,Karlsruher SC,Hansa Rostock,2,2
2012-03-18,1. FC Kaiserslautern,Schalke 04,1,4
2012-03-18,Hannover 96,1. FC Köln,4,1
2012-03-19,FC Energie Cottbus,Fortuna Düsseldorf,1,1
2012-03-23,VfL Bochum,FC Ingolstadt 04,0,1
2012-03-23,FSV Frankfurt,Alemannia Aachen,2,1
2012-03-23,Dynamo Dresden,TSV 1860 München,0,1
2012-03-23,Wolfsburg,Hamburger SV,2,1
2012-03-24,Greuther Fürth,Karlsruher SC,3,0
2012-03-24,Fortuna Düsseldorf,Eintracht Braunschweig,1,1
2012-03-24,Bayern Munich,Hannover 96,2,1
2012-03-24,SC Freiburg,1. FC Kaiserslautern,2,0
2012-03-24,Borussia Mönchengladbach,TSG Hoffenheim,1,2
2012-03-24,Werder Bremen,Augsburg,1,1
2012-03-24,1. FSV Mainz 05,Hertha Berlin,1,3
2012-03-24,Schalke 04,Bayer Leverkusen,2,0
2012-03-25,FC St. Pauli,FC Energie Cottbus,0,0
2012-03-25,SC Paderborn,MSV Duisburg,1,2
2012-03-25,Hansa Rostock,FC Erzgebirge Aue,0,1
2012-03-25,VfB Stuttgart,1. FC Nürnberg,1,0
2012-03-25,1. FC Köln,Borussia Dortmund,1,6
2012-03-26,Union Berlin,Eintracht Frankfurt,0,4
2012-03-27,APOEL,Real Madrid,0,3
2012-03-27,Benfica,Chelsea,0,1
2012-03-28,Marseille,Bayern Munich,0,2
2012-03-28,Milan,Barcelona,0,0
2012-03-30,Eintracht Frankfurt,VfL Bochum,3,0
2012-03-30,Alemannia Aachen,Dynamo Dresden,0,1
2012-03-30,Eintracht Braunschweig,SC Paderborn,0,0
2012-03-30,Borussia Dortmund,VfB Stuttgart,4,4
2012-03-31,FC Erzgebirge Aue,Greuther Fürth,1,1
2012-03-31,TSV 1860 München,Hansa Rostock,0,1
2012-03-31,1. FC Nürnberg,Bayern Munich,0,1
2012-03-31,1. FC Kaiserslautern,Hamburger SV,0,1
2012-03-31,Werder Bremen,1. FSV Mainz 05,0,3
2012-03-31,Bayer Leverkusen,SC Freiburg,0,2
2012-03-31,Augsburg,1. FC Köln,2,1
2012-03-31,Hertha Berlin,Wolfsburg,1,4
2012-04-01,FC Energie Cottbus,FSV Frankfurt,1,1
2012-04-01,FC Ingolstadt 04,MSV Duisburg,1,1
2012-04-01,Karlsruher SC,Union Berlin,2,0
2012-04-01,Hannover 96,Borussia Mönchengladbach,2,1
2012-04-01,TSG Hoffenheim,Schalke 04,1,1
2012-04-02,Fortuna Düsseldorf,FC St. Pauli,0,0
2012-04-03,Bayern Munich,Marseille,2,0
2012-04-03,Barcelona,Milan,3,1
2012-04-04,Real Madrid,APOEL,5,2
2012-04-04,Chelsea,Benfica,2,1
2012-04-05,Greuther Fürth,FC Energie Cottbus,3,0
2012-04-05,Union Berlin,FC Erzgebirge Aue,1,0
2012-04-05,Hansa Rostock,Fortuna Düsseldorf,2,1
2012-04-07,MSV Duisburg,Eintracht Frankfurt,2,0
2012-04-07,FSV Frankfurt,FC St. Pauli,3,3
2012-04-07,Dynamo Dresden,Eintracht Braunschweig,2,2
2012-04-07,Wolfsburg,Borussia Dortmund,1,3
2012-04-07,1. FC Köln,Werder Bremen,1,1
2012-04-07,VfB Stuttgart,1. FSV Mainz 05,4,1
2012-04-07,SC Freiburg,1. FC Nürnberg,2,2
2012-04-07,1. FC Kaiserslautern,TSG Hoffenheim,1,2
2012-04-07,Bayern Munich,Augsburg,2,1
2012-04-07,Borussia Mönchengladbach,Hertha Berlin,0,0
2012-04-08,VfL Bochum,Karlsruher SC,0,0
2012-04-08,SC Paderborn,TSV 1860 München,2,2
2012-04-08,FC Ingolstadt 04,Alemannia Aachen,3,3
2012-04-08,Schalke 04,Hannover 96,3,0
2012-04-08,Hamburger SV,Bayer Leverkusen,1,1
2012-04-10,FC St. Pauli,Union Berlin,2,1
2012-04-10,FC Energie Cottbus,Hansa Rostock,0,1
2012-04-10,Fortuna Düsseldorf,FSV Frankfurt,1,0
2012-04-10,Eintracht Braunschweig,Greuther Fürth,0,0
2012-04-10,Hertha Berlin,SC Freiburg,1,2
2012-04-10,Augsburg,VfB Stuttgart,1,3
2012-04-10,1. FSV Mainz 05,1. FC Köln,4,0
2012-04-10,Werder Bremen,Borussia Mönchengladbach,2,2
2012-04-11,Eintracht Frankfurt,FC Ingolstadt 04,1,1
2012-04-11,FC Erzgebirge Aue,SC Paderborn,0,2
2012-04-11,TSV 1860 München,MSV Duisburg,2,1
2012-04-11,Alemannia Aachen,VfL Bochum,2,0
2012-04-11,Karlsruher SC,Dynamo Dresden,2,0
2012-04-11,Borussia Dortmund,Bayern Munich,1,0
2012-04-11,1. FC Nürnberg,Schalke 04,4,1
2012-04-11,TSG Hoffenheim,Hamburger SV,4,0
2012-04-11,Bayer Leverkusen,1. FC Kaiserslautern,3,1
2012-04-11,Hannover 96,Wolfsburg,2,0
2012-04-13,Greuther Fürth,FC St. Pauli,2,1
2012-04-13,Union Berlin,Eintracht Braunschweig,1,0
2012-04-13,Hansa Rostock,FSV Frankfurt,0,5
2012-04-13,VfB Stuttgart,Werder Bremen,4,1
2012-04-14,Eintracht Frankfurt,FC Erzgebirge Aue,4,0
2012-04-14,MSV Duisburg,Alemannia Aachen,2,0
2012-04-14,Hamburger SV,Hannover 96,1,0
2012-04-14,1. FC Kaiserslautern,1. FC Nürnberg,0,2
2012-04-14,Wolfsburg,Augsburg,1,2
2012-04-14,Bayer Leverkusen,Hertha Berlin,3,3
2012-04-14,Schalke 04,Borussia Dortmund,1,2
2012-04-14,Bayern Munich,1. FSV Mainz 05,0,0
2012-04-15,VfL Bochum,TSV 1860 München,2,2
2012-04-15,SC Paderborn,FC Energie Cottbus,3,1
2012-04-15,FC Ingolstadt 04,Karlsruher SC,2,1
2012-04-15,Borussia Mönchengladbach,1. FC Köln,3,0
2012-04-15,SC Freiburg,TSG Hoffenheim,0,0
2012-04-16,Dynamo Dresden,Fortuna Düsseldorf,2,1
2012-04-17,Bayern Munich,Real Madrid,2,1
2012-04-18,Chelsea,Barcelona,1,0
2012-04-20,FC Energie Cottbus,VfL Bochum,1,1
2012-04-20,FSV Frankfurt,Greuther Fürth,1,1
2012-04-20,Eintracht Braunschweig,MSV Duisburg,0,0
2012-04-20,1. FSV Mainz 05,Wolfsburg,0,0
2012-04-21,FC Erzgebirge Aue,Dynamo Dresden,1,1
2012-04-21,TSV 1860 München,FC Ingolstadt 04,4,1
2012-04-21,TSG Hoffenheim,Bayer Leverkusen,0,1
2012-04-21,Werder Bremen,Bayern Munich,1,2
2012-04-21,1. FC Nürnberg,Hamburger SV,1,1
2012-04-21,Hertha Berlin,1. FC Kaiserslautern,1,2
2012-04-21,1. FC Köln,VfB Stuttgart,1,1
2012-04-21,Borussia Dortmund,Borussia Mönchengladbach,2,0
2012-04-22,FC St. Pauli,Hansa Rostock,3,0
2012-04-22,Fortuna Düsseldorf,Union Berlin,2,1
2012-04-22,Karlsruher SC,SC Paderborn,2,0
2012-04-22,Augsburg,Schalke 04,1,1
2012-04-22,Hannover 96,SC Freiburg,0,0
2012-04-23,Alemannia Aachen,Eintracht Frankfurt,0,3
2012-04-24,Barcelona,Chelsea,2,2
2012-04-25,Real Madrid,Bayern Munich,2,1
2012-04-28,1. FC Kaiserslautern,Borussia Dortmund,2,5
2012-04-28,Wolfsburg,Werder Bremen,3,1
2012-04-28,Bayer Leverkusen,Hannover 96,1,0
2012-04-28,Hamburger SV,1. FSV Mainz 05,0,0
2012-04-28,TSG Hoffenheim,1. FC Nürnberg,2,3
2012-04-28,Bayern Munich,VfB Stuttgart,2,0
2012-04-28,SC Freiburg,1. FC Köln,4,1
2012-04-28,Borussia Mönchengladbach,Augsburg,0,0
2012-04-28,Schalke 04,Hertha Berlin,4,0
2012-04-29,Eintracht Frankfurt,TSV 1860 München,0,2
2012-04-29,VfL Bochum,Eintracht Braunschweig,2,0
2012-04-29,Greuther Fürth,Fortuna Düsseldorf,1,1
2012-04-29,MSV Duisburg,FC Erzgebirge Aue,2,1
2012-04-29,Alemannia Aachen,Karlsruher SC,1,0
2012-04-29,Union Berlin,Hansa Rostock,5,4
2012-04-29,SC Paderborn,FSV Frankfurt,1,0
2012-04-29,FC Ingolstadt 04,FC Energie Cottbus,1,0
2012-04-29,Dynamo Dresden,FC St. Pauli,1,0
2012-05-05,1. FC Nürnberg,Bayer Leverkusen,1,4
2012-05-05,1. FC Köln,Bayern Munich,1,4
2012-05-05,Werder Bremen,Schalke 04,2,3
2012-05-05,Augsburg,Hamburger SV,1,0
2012-05-05,Borussia Dortmund,SC Freiburg,4,0
2012-05-05,Hannover 96,1. FC Kaiserslautern,2,1
2012-05-05,Hertha Berlin,TSG Hoffenheim,3,1
2012-05-05,VfB Stuttgart,Wolfsburg,3,2
2012-05-05,1. FSV Mainz 05,Borussia Mönchengladbach,0,3
2012-05-06,FC St. Pauli,SC Paderborn,5,0
2012-05-06,FC Erzgebirge Aue,VfL Bochum,2,1
2012-05-06,FC Energie Cottbus,Union Berlin,2,1
2012-05-06,Fortuna Düsseldorf,MSV Duisburg,2,2
2012-05-06,TSV 1860 München,Alemannia Aachen,1,2
2012-05-06,FSV Frankfurt,Dynamo Dresden,1,1
2012-05-06,Karlsruher SC,Eintracht Frankfurt,1,0
2012-05-06,Eintracht Braunschweig,FC Ingolstadt 04,3,1
2012-05-06,Hansa Rostock,Greuther Fürth,2,2
2012-05-19,Bayern Munich,Chelsea,1,1
2012-08-03,FC Ingolstadt 04,FC Energie Cottbus,2,2
2012-08-03,FC Erzgebirge Aue,FC St. Pauli,0,0
2012-08-03,Hertha Berlin,SC Paderborn,2,2
2012-08-04,TSV 1860 München,Jahn Regensburg,1,0
2012-08-04,VfL Bochum,Dynamo Dresden,2,1
2012-08-05,MSV Duisburg,VfR Aalen,1,4
2012-08-05,SV Sandhausen,FSV Frankfurt,1,1
2012-08-05,Eintracht Braunschweig,1. FC Köln,1,0
2012-08-06,1. FC Kaiserslautern,Union Berlin,3,3
2012-08-10,1. FC Köln,SV Sandhausen,1,1
2012-08-10,VfR Aalen,1. FC Kaiserslautern,1,2
2012-08-10,FC Energie Cottbus,FC Erzgebirge Aue,3,0
2012-08-11,SC Paderborn,VfL Bochum,4,0
2012-08-11,FC St. Pauli,FC Ingolstadt 04,1,1
2012-08-12,Union Berlin,Eintracht Braunschweig,0,1
2012-08-12,Jahn Regensburg,MSV Duisburg,2,0
2012-08-12,FSV Frankfurt,Hertha Berlin,3,1
2012-08-13,Dynamo Dresden,TSV 1860 München,2,2
2012-08-24,Hertha Berlin,Jahn Regensburg,2,1
2012-08-24,Eintracht Braunschweig,SC Paderborn,2,1
2012-08-24,SV Sandhausen,Union Berlin,2,0
2012-08-24,Borussia Dortmund,Werder Bremen,2,1
2012-08-25,MSV Duisburg,Dynamo Dresden,1,3
2012-08-25,FC Energie Cottbus,FC St. Pauli,2,0
2012-08-25,Borussia Mönchengladbach,TSG Hoffenheim,2,1
2012-08-25,SC Freiburg,1. FSV Mainz 05,1,1
2012-08-25,Augsburg,Fortuna Düsseldorf,0,2
2012-08-25,Hamburger SV,1. FC Nürnberg,0,1
2012-08-25,Greuther Fürth,Bayern Munich,0,3
2012-08-25,Eintracht Frankfurt,Bayer Leverkusen,2,1
2012-08-25,VfB Stuttgart,Wolfsburg,0,1
2012-08-26,1. FC Kaiserslautern,TSV 1860 München,0,0
2012-08-26,VfL Bochum,VfR Aalen,0,1
2012-08-26,FC Ingolstadt 04,FSV Frankfurt,0,2
2012-08-26,Hannover 96,Schalke 04,2,2
2012-08-27,FC Erzgebirge Aue,1. FC Köln,2,0
2012-08-31,TSV 1860 München,MSV Duisburg,3,0
2012-08-31,Dynamo Dresden,1. FC Kaiserslautern,1,3
2012-08-31,1. FC Köln,FC Energie Cottbus,0,1
2012-08-31,1. FSV Mainz 05,Greuther Fürth,0,1
2012-09-01,FC St. Pauli,SV Sandhausen,2,1
2012-09-01,VfR Aalen,Eintracht Braunschweig,0,3
2012-09-01,Schalke 04,Augsburg,3,1
2012-09-01,Bayer Leverkusen,SC Freiburg,2,0
2012-09-01,Werder Bremen,Hamburger SV,2,0
2012-09-01,1. FC Nürnberg,Borussia Dortmund,1,1
2012-09-01,TSG Hoffenheim,Eintracht Frankfurt,0,4
2012-09-01,Fortuna Düsseldorf,Borussia Mönchengladbach,0,0
2012-09-02,SC Paderborn,FC Ingolstadt 04,1,3
2012-09-02,FSV Frankfurt,FC Erzgebirge Aue,1,0
2012-09-02,Jahn Regensburg,VfL Bochum,0,1
2012-09-02,Wolfsburg,Hannover 96,0,4
2012-09-02,Bayern Munich,VfB Stuttgart,6,1
2012-09-03,Union Berlin,Hertha Berlin,1,2
2012-09-14,VfL Bochum,TSV 1860 München,0,0
2012-09-14,FC Ingolstadt 04,Union Berlin,2,1
2012-09-14,FC Energie Cottbus,FSV Frankfurt,2,2
2012-09-14,Augsburg,Wolfsburg,0,0
2012-09-15,Eintracht Braunschweig,Jahn Regensburg,1,0
2012-09-15,SV Sandhausen,Dynamo Dresden,1,1
2012-09-15,Borussia Dortmund,Bayer Leverkusen,3,0
2012-09-15,Bayern Munich,1. FSV Mainz 05,3,1
2012-09-15,Borussia Mönchengladbach,1. FC Nürnberg,2,3
2012-09-15,VfB Stuttgart,Fortuna Düsseldorf,0,0
2012-09-15,Hannover 96,Werder Bremen,3,2
2012-09-15,Greuther Fürth,Schalke 04,0,2
2012-09-16,Hertha Berlin,VfR Aalen,2,0
2012-09-16,1. FC Kaiserslautern,MSV Duisburg,2,1
2012-09-16,FC Erzgebirge Aue,SC Paderborn,0,1
2012-09-16,SC Freiburg,TSG Hoffenheim,5,3
2012-09-16,Eintracht Frankfurt,Hamburger SV,3,2
2012-09-17,1. FC Köln,FC St. Pauli,0,0
2012-09-21,FSV Frankfurt,FC St. Pauli,2,1
2012-09-21,Union Berlin,1. FC Köln,2,1
2012-09-21,VfR Aalen,FC Erzgebirge Aue,2,0
2012-09-21,1. FC Nürnberg,Eintracht Frankfurt,1,2
2012-09-22,1. FC Kaiserslautern,Hertha Berlin,1,1
2012-09-22,SC Paderborn,SV Sandhausen,3,0
2012-09-22,Jahn Regensburg,FC Energie Cottbus,0,1
2012-09-22,Schalke 04,Bayern Munich,0,2
2012-09-22,Wolfsburg,Greuther Fürth,1,1
2012-09-22,1. FSV Mainz 05,Augsburg,2,0
2012-09-22,Hamburger SV,Borussia Dortmund,3,2
2012-09-22,Fortuna Düsseldorf,SC Freiburg,0,0
2012-09-23,TSV 1860 München,Eintracht Braunschweig,1,1
2012-09-23,Dynamo Dresden,FC Ingolstadt 04,0,1
2012-09-23,MSV Duisburg,VfL Bochum,0,0
2012-09-23,Bayer Leverkusen,Borussia Mönchengladbach,1,1
2012-09-23,Werder Bremen,VfB Stuttgart,2,2
2012-09-23,TSG Hoffenheim,Hannover 96,3,1
2012-09-25,1. FC Köln,FSV Frankfurt,2,1
2012-09-25,FC St. Pauli,VfR Aalen,0,1
2012-09-25,FC Energie Cottbus,SC Paderborn,2,1
2012-09-25,SV Sandhausen,Jahn Regensburg,1,2
2012-09-25,Bayern Munich,Wolfsburg,3,0
2012-09-25,Schalke 04,1. FSV Mainz 05,3,0
2012-09-25,Greuther Fürth,Fortuna Düsseldorf,0,2
2012-09-25,Eintracht Frankfurt,Borussia Dortmund,3,3
2012-09-26,Hertha Berlin,Dynamo Dresden,1,0
2012-09-26,Eintracht Braunschweig,MSV Duisburg,3,0
2012-09-26,FC Ingolstadt 04,TSV 1860 München,0,2
2012-09-26,FC Erzgebirge Aue,Union Berlin,1,1
2012-09-26,Borussia Mönchengladbach,Hamburger SV,2,2
2012-09-26,VfB Stuttgart,TSG Hoffenheim,0,3
2012-09-26,Hannover 96,1. FC Nürnberg,4,1
2012-09-26,SC Freiburg,Werder Bremen,1,2
2012-09-26,Augsburg,Bayer Leverkusen,1,3
2012-09-27,VfL Bochum,1. FC Kaiserslautern,1,2
2012-09-28,SC Paderborn,1. FC Köln,1,2
2012-09-28,Jahn Regensburg,FC St. Pauli,3,0
2012-09-28,VfR Aalen,FSV Frankfurt,3,0
2012-09-28,Fortuna Düsseldorf,Schalke 04,2,2
2012-09-29,TSV 1860 München,SV Sandhausen,4,0
2012-09-29,Union Berlin,FC Energie Cottbus,3,1
2012-09-29,Bayer Leverkusen,Greuther Fürth,2,0
2012-09-29,Werder Bremen,Bayern Munich,0,2
2012-09-29,1. FC Nürnberg,VfB Stuttgart,0,2
2012-09-29,TSG Hoffenheim,Augsburg,0,0
2012-09-29,Hamburger SV,Hannover 96,1,0
2012-09-29,Borussia Dortmund,Borussia Mönchengladbach,5,0
2012-09-30,1. FC Kaiserslautern,Eintracht Braunschweig,1,1
2012-09-30,Dynamo Dresden,FC Erzgebirge Aue,3,1
2012-09-30,VfL Bochum,FC Ingolstadt 04,1,1
2012-09-30,Eintracht Frankfurt,SC Freiburg,2,1
2012-09-30,Wolfsburg,1. FSV Mainz 05,0,2
2012-10-01,MSV Duisburg,Hertha Berlin,2,2
2012-10-05,Hertha Berlin,TSV 1860 München,3,0
2012-10-05,FC St. Pauli,Union Berlin,2,2
2012-10-05,FSV Frankfurt,SC Paderborn,1,1
2012-10-05,Augsburg,Werder Bremen,3,1
2012-10-06,Eintracht Braunschweig,VfL Bochum,3,0
2012-10-06,FC Energie Cottbus,MSV Duisburg,0,1
2012-10-06,Bayern Munich,TSG Hoffenheim,2,0
2012-10-06,Schalke 04,Wolfsburg,3,0
2012-10-06,SC Freiburg,1. FC Nürnberg,3,0
2012-10-06,1. FSV Mainz 05,Fortuna Düsseldorf,1,0
2012-10-06,Greuther Fürth,Hamburger SV,0,1
2012-10-07,FC Ingolstadt 04,1. FC Kaiserslautern,1,1
2012-10-07,FC Erzgebirge Aue,Jahn Regensburg,3,1
2012-10-07,SV Sandhausen,VfR Aalen,1,0
2012-10-07,Borussia Mönchengladbach,Eintracht Frankfurt,2,0
2012-10-07,VfB Stuttgart,Bayer Leverkusen,2,2
2012-10-07,Hannover 96,Borussia Dortmund,1,1
2012-10-08,1. FC Köln,Dynamo Dresden,1,1
2012-10-19,1. FC Kaiserslautern,SV Sandhausen,3,1
2012-10-19,MSV Duisburg,FC Ingolstadt 04,0,2
2012-10-19,VfL Bochum,Hertha Berlin,0,2
2012-10-19,TSG Hoffenheim,Greuther Fürth,3,3
2012-10-20,Dynamo Dresden,Eintracht Braunschweig,0,2
2012-10-20,Jahn Regensburg,1. FC Köln,2,3
2012-10-20,Borussia Dortmund,Schalke 04,1,2
2012-10-20,Bayer Leverkusen,1. FSV Mainz 05,2,2
2012-10-20,Wolfsburg,SC Freiburg,0,2
2012-10-20,Eintracht Frankfurt,Hannover 96,3,1
2012-10-20,Fortuna Düsseldorf,Bayern Munich,0,5
2012-10-20,Werder Bremen,Borussia Mönchengladbach,4,0
2012-10-21,SC Paderborn,FC St. Pauli,1,1
2012-10-21,Union Berlin,FSV Frankfurt,1,0
2012-10-21,VfR Aalen,FC Energie Cottbus,1,1
2012-10-21,1. FC Nürnberg,Augsburg,0,0
2012-10-21,Hamburger SV,VfB Stuttgart,0,1
2012-10-22,TSV 1860 München,FC Erzgebirge Aue,1,1
2012-10-26,1. FC Köln,1. FC Kaiserslautern,3,3
2012-10-26,FC Ingolstadt 04,VfR Aalen,2,0
2012-10-26,FC Energie Cottbus,TSV 1860 München,1,0
2012-10-26,Augsburg,Hamburger SV,0,2
2012-10-27,SV Sandhausen,MSV Duisburg,0,2
2012-10-27,Eintracht Braunschweig,Hertha Berlin,1,1
2012-10-27,FC Erzgebirge Aue,VfL Bochum,6,1
2012-10-27,Schalke 04,1. FC Nürnberg,1,0
2012-10-27,SC Freiburg,Borussia Dortmund,0,2
2012-10-27,1. FSV Mainz 05,TSG Hoffenheim,3,0
2012-10-27,Greuther Fürth,Werder Bremen,1,1
2012-10-27,Fortuna Düsseldorf,Wolfsburg,1,4
2012-10-28,FC St. Pauli,Dynamo Dresden,3,2
2012-10-28,Union Berlin,SC Paderborn,0,1
2012-10-28,FSV Frankfurt,Jahn Regensburg,3,1
2012-10-28,VfB Stuttgart,Eintracht Frankfurt,2,1
2012-10-28,Bayern Munich,Bayer Leverkusen,1,2
2012-10-28,Hannover 96,Borussia Mönchengladbach,2,3
2012-11-02,Hertha Berlin,FC Ingolstadt 04,0,0
2012-11-02,Eintracht Braunschweig,SV Sandhausen,2,1
2012-11-02,Jahn Regensburg,SC Paderborn,0,2
2012-11-02,Eintracht Frankfurt,Greuther Fürth,1,1
2012-11-03,TSV 1860 München,FC St. Pauli,0,2
2012-11-03,MSV Duisburg,FSV Frankfurt,1,2
2012-11-03,Borussia Dortmund,VfB Stuttgart,0,0
2012-11-03,Borussia Mönchengladbach,SC Freiburg,1,1
2012-11-03,Hannover 96,Augsburg,2,0
2012-11-03,1. FC Nürnberg,Wolfsburg,1,0
2012-11-03,TSG Hoffenheim,Schalke 04,3,2
2012-11-03,Hamburger SV,Bayern Munich,0,3
2012-11-04,Dynamo Dresden,Union Berlin,0,2
2012-11-04,VfL Bochum,FC Energie Cottbus,2,2
2012-11-04,VfR Aalen,1. FC Köln,2,0
2012-11-04,Bayer Leverkusen,Fortuna Düsseldorf,3,2
2012-11-04,Werder Bremen,1. FSV Mainz 05,2,1
2012-11-05,1. FC Kaiserslautern,FC Erzgebirge Aue,4,1
2012-11-09,1. FC Köln,MSV Duisburg,0,0
2012-11-09,FC Erzgebirge Aue,Eintracht Braunschweig,1,1
2012-11-09,SV Sandhausen,Hertha Berlin,1,6
2012-11-09,1. FSV Mainz 05,1. FC Nürnberg,2,1
2012-11-10,SC Paderborn,1. FC Kaiserslautern,1,1
2012-11-10,Union Berlin,VfR Aalen,0,0
2012-11-10,Bayern Munich,Eintracht Frankfurt,2,0
2012-11-10,Schalke 04,Werder Bremen,2,1
2012-11-10,SC Freiburg,Hamburger SV,0,0
2012-11-10,Augsburg,Borussia Dortmund,1,3
2012-11-10,Fortuna Düsseldorf,TSG Hoffenheim,1,1
2012-11-11,FC Ingolstadt 04,Jahn Regensburg,4,2
2012-11-11,FSV Frankfurt,TSV 1860 München,0,1
2012-11-11,FC Energie Cottbus,Dynamo Dresden,2,0
2012-11-11,Wolfsburg,Bayer Leverkusen,3,1
2012-11-11,VfB Stuttgart,Hannover 96,2,4
2012-11-11,Greuther Fürth,Borussia Mönchengladbach,2,4
2012-11-12,FC St. Pauli,VfL Bochum,1,1
2012-11-16,1. FC Kaiserslautern,FC Energie Cottbus,1,0
2012-11-16,Dynamo Dresden,FSV Frankfurt,2,1
2012-11-16,TSV 1860 München,1. FC Köln,0,2
2012-11-17,Eintracht Braunschweig,FC Ingolstadt 04,3,0
2012-11-17,VfR Aalen,SC Paderborn,0,1
2012-11-17,Borussia Dortmund,Greuther Fürth,3,1
2012-11-17,Borussia Mönchengladbach,VfB Stuttgart,1,2
2012-11-17,Hannover 96,SC Freiburg,1,2
2012-11-17,1. FC Nürnberg,Bayern Munich,1,1
2012-11-17,Hamburger SV,1. FSV Mainz 05,1,0
2012-11-17,Eintracht Frankfurt,Augsburg,4,2
2012-11-17,Bayer Leverkusen,Schalke 04,2,0
2012-11-18,MSV Duisburg,FC Erzgebirge Aue,2,1
2012-11-18,VfL Bochum,SV Sandhausen,5,2
2012-11-18,Jahn Regensburg,Union Berlin,3,3
2012-11-18,Werder Bremen,Fortuna Düsseldorf,2,1
2012-11-18,TSG Hoffenheim,Wolfsburg,1,3
2012-11-19,Hertha Berlin,FC St. Pauli,1,0
2012-11-23,1. FC Köln,VfL Bochum,3,1
2012-11-23,SC Paderborn,Dynamo Dresden,2,2
2012-11-23,Jahn Regensburg,VfR Aalen,1,3
2012-11-23,Fortuna Düsseldorf,Hamburger SV,2,0
2012-11-24,Union Berlin,TSV 1860 München,2,2
2012-11-24,FSV Frankfurt,1. FC Kaiserslautern,0,1
2012-11-24,FC Energie Cottbus,Eintracht Braunschweig,3,1
2012-11-24,Bayern Munich,Hannover 96,5,0
2012-11-24,Schalke 04,Eintracht Frankfurt,1,1
2012-11-24,Wolfsburg,Werder Bremen,1,1
2012-11-24,1. FSV Mainz 05,Borussia Dortmund,1,2
2012-11-24,Greuther Fürth,1. FC Nürnberg,0,0
2012-11-25,FC St. Pauli,MSV Duisburg,4,1
2012-11-25,FC Ingolstadt 04,SV Sandhausen,1,1
2012-11-25,FC Erzgebirge Aue,Hertha Berlin,0,4
2012-11-25,SC Freiburg,VfB Stuttgart,3,0
2012-11-25,TSG Hoffenheim,Bayer Leverkusen,1,2
2012-11-25,Augsburg,Borussia Mönchengladbach,1,1
2012-11-27,1. FC Kaiserslautern,Jahn Regensburg,1,1
2012-11-27,TSV 1860 München,SC Paderborn,1,0
2012-11-27,Dynamo Dresden,VfR Aalen,0,0
2012-11-27,VfL Bochum,FSV Frankfurt,1,3
2012-11-27,Borussia Dortmund,Fortuna Düsseldorf,1,1
2012-11-27,Hannover 96,Greuther Fürth,2,0
2012-11-27,Hamburger SV,Schalke 04,3,1
2012-11-27,Eintracht Frankfurt,1. FSV Mainz 05,1,3
2012-11-28,Eintracht Braunschweig,FC St. Pauli,1,0
2012-11-28,MSV Duisburg,Union Berlin,1,2
2012-11-28,FC Ingolstadt 04,FC Erzgebirge Aue,1,2
2012-11-28,SV Sandhausen,FC Energie Cottbus,3,1
2012-11-28,Borussia Mönchengladbach,Wolfsburg,2,0
2012-11-28,VfB Stuttgart,Augsburg,2,1
2012-11-28,Werder Bremen,Bayer Leverkusen,1,4
2012-11-28,SC Freiburg,Bayern Munich,0,2
2012-11-28,1. FC Nürnberg,TSG Hoffenheim,4,2
2012-11-29,Hertha Berlin,1. FC Köln,1,1
2012-11-30,VfR Aalen,TSV 1860 München,1,1
2012-11-30,Jahn Regensburg,Dynamo Dresden,0,0
2012-11-30,Fortuna Düsseldorf,Eintracht Frankfurt,4,0
2012-12-01,FC St. Pauli,1. FC Kaiserslautern,1,0
2012-12-01,Union Berlin,VfL Bochum,2,1
2012-12-01,FC Erzgebirge Aue,SV Sandhausen,2,2
2012-12-01,Schalke 04,Borussia Mönchengladbach,1,1
2012-12-01,1. FSV Mainz 05,Hannover 96,2,1
2012-12-01,Augsburg,SC Freiburg,1,1
2012-12-01,Greuther Fürth,VfB Stuttgart,0,1
2012-12-01,Bayer Leverkusen,1. FC Nürnberg,1,0
2012-12-01,Bayern Munich,Borussia Dortmund,1,1
2012-12-02,1. FC Köln,FC Ingolstadt 04,1,0
2012-12-02,SC Paderborn,MSV Duisburg,0,2
2012-12-02,FSV Frankfurt,Eintracht Braunschweig,1,2
2012-12-02,TSG Hoffenheim,Werder Bremen,1,4
2012-12-02,Wolfsburg,Hamburger SV,1,1
2012-12-03,FC Energie Cottbus,Hertha Berlin,1,2
2012-12-07,Union Berlin,1. FC Kaiserslautern,2,0
2012-12-07,FSV Frankfurt,SV Sandhausen,3,1
2012-12-07,VfR Aalen,MSV Duisburg,0,1
2012-12-07,Hamburger SV,TSG Hoffenheim,2,0
2012-12-08,SC Paderborn,Hertha Berlin,0,1
2012-12-08,Dynamo Dresden,VfL Bochum,0,3
2012-12-08,VfB Stuttgart,Schalke 04,3,1
2012-12-08,Borussia Dortmund,Wolfsburg,2,3
2012-12-08,1. FC Nürnberg,Fortuna Düsseldorf,2,0
2012-12-08,SC Freiburg,Greuther Fürth,1,0
2012-12-08,Augsburg,Bayern Munich,0,2
2012-12-08,Eintracht Frankfurt,Werder Bremen,4,1
2012-12-09,FC St. Pauli,FC Erzgebirge Aue,0,3
2012-12-09,FC Energie Cottbus,FC Ingolstadt 04,1,1
2012-12-09,Jahn Regensburg,TSV 1860 München,1,1
2012-12-09,Borussia Mönchengladbach,1. FSV Mainz 05,2,0
2012-12-09,Hannover 96,Bayer Leverkusen,3,2
2012-12-10,1. FC Köln,Eintracht Braunschweig,2,2
2012-12-14,1. FC Kaiserslautern,VfR Aalen,0,1
2012-12-14,FC Erzgebirge Aue,FC Energie Cottbus,3,0
2012-12-14,SV Sandhausen,1. FC Köln,0,0
2012-12-14,Bayern Munich,Borussia Mönchengladbach,1,1
2012-12-15,Hertha Berlin,FSV Frankfurt,2,1
2012-12-15,FC Ingolstadt 04,FC St. Pauli,0,0
2012-12-15,Bayer Leverkusen,Hamburger SV,3,0
2012-12-15,Wolfsburg,Eintracht Frankfurt,0,2
2012-12-15,1. FSV Mainz 05,VfB Stuttgart,3,1
2012-12-15,Greuther Fürth,Augsburg,1,1
2012-12-15,Fortuna Düsseldorf,Hannover 96,2,1
2012-12-15,Schalke 04,SC Freiburg,1,3
2012-12-16,TSV 1860 München,Dynamo Dresden,1,1
2012-12-16,MSV Duisburg,Jahn Regensburg,4,2
2012-12-16,VfL Bochum,SC Paderborn,4,0
2012-12-16,TSG Hoffenheim,Borussia Dortmund,1,3
2012-12-16,Werder Bremen,1. FC Nürnberg,1,1
2012-12-17,Eintracht Braunschweig,Union Berlin,4,3
2013-01-18,Schalke 04,Hannover 96,5,4
2013-01-19,Bayer Leverkusen,Eintracht Frankfurt,3,1
2013-01-19,TSG Hoffenheim,Borussia Mönchengladbach,0,0
2013-01-19,Wolfsburg,VfB Stuttgart,2,0
2013-01-19,1. FSV Mainz 05,SC Freiburg,0,0
2013-01-19,Bayern Munich,Greuther Fürth,2,0
2013-01-19,Werder Bremen,Borussia Dortmund,0,5
2013-01-20,1. FC Nürnberg,Hamburger SV,1,1
2013-01-20,Fortuna Düsseldorf,Augsburg,2,3
2013-01-25,Borussia Dortmund,1. FC Nürnberg,3,0
2013-01-26,Greuther Fürth,1. FSV Mainz 05,0,3
2013-01-26,Borussia Mönchengladbach,Fortuna Düsseldorf,2,1
2013-01-26,Augsburg,Schalke 04,0,0
2013-01-26,Hannover 96,Wolfsburg,2,1
2013-01-26,Eintracht Frankfurt,TSG Hoffenheim,2,1
2013-01-26,SC Freiburg,Bayer Leverkusen,0,0
2013-01-27,Hamburger SV,Werder Bremen,3,2
2013-01-27,VfB Stuttgart,Bayern Munich,0,2
2013-02-01,Union Berlin,SV Sandhausen,3,1
2013-02-01,Dynamo Dresden,MSV Duisburg,0,0
2013-02-01,VfR Aalen,VfL Bochum,2,2
2013-02-01,Werder Bremen,Hannover 96,2,0
2013-02-02,1. FC Köln,FC Erzgebirge Aue,2,1
2013-02-02,SC Paderborn,Eintracht Braunschweig,1,2
2013-02-02,Wolfsburg,Augsburg,1,1
2013-02-02,Schalke 04,Greuther Fürth,1,2
2013-02-02,1. FSV Mainz 05,Bayern Munich,0,3
2013-02-02,Fortuna Düsseldorf,VfB Stuttgart,3,1
2013-02-02,TSG Hoffenheim,SC Freiburg,2,1
2013-02-02,Hamburger SV,Eintracht Frankfurt,0,2
2013-02-03,FC St. Pauli,FC Energie Cottbus,0,0
2013-02-03,FSV Frankfurt,FC Ingolstadt 04,0,2
2013-02-03,Jahn Regensburg,Hertha Berlin,1,5
2013-02-03,1. FC Nürnberg,Borussia Mönchengladbach,2,1
2013-02-03,Bayer Leverkusen,Borussia Dortmund,2,3
2013-02-04,TSV 1860 München,1. FC Kaiserslautern,0,1
2013-02-08,Eintracht Braunschweig,VfR Aalen,1,1
2013-02-08,FC Erzgebirge Aue,FSV Frankfurt,0,2
2013-02-08,1. FC Kaiserslautern,Dynamo Dresden,3,0
2013-02-09,MSV Duisburg,TSV 1860 München,1,3
2013-02-09,FC Energie Cottbus,1. FC Köln,0,0
2013-02-09,Hannover 96,TSG Hoffenheim,1,0
2013-02-09,Borussia Dortmund,Hamburger SV,1,4
2013-02-09,Borussia Mönchengladbach,Bayer Leverkusen,3,3
2013-02-09,Greuther Fürth,Wolfsburg,0,1
2013-02-09,VfB Stuttgart,Werder Bremen,1,4
2013-02-09,Eintracht Frankfurt,1. FC Nürnberg,0,0
2013-02-09,Bayern Munich,Schalke 04,4,0
2013-02-10,VfL Bochum,Jahn Regensburg,0,2
2013-02-10,FC Ingolstadt 04,SC Paderborn,1,3
2013-02-10,SV Sandhausen,FC St. Pauli,4,1
2013-02-10,Augsburg,1. FSV Mainz 05,1,1
2013-02-10,SC Freiburg,Fortuna Düsseldorf,1,0
2013-02-11,Hertha Berlin,Union Berlin,2,2
2013-02-15,SC Paderborn,FC Erzgebirge Aue,2,0
2013-02-15,TSV 1860 München,VfL Bochum,0,1
2013-02-15,Jahn Regensburg,Eintracht Braunschweig,0,1
2013-02-15,Wolfsburg,Bayern Munich,0,2
2013-02-16,Union Berlin,FC Ingolstadt 04,1,1
2013-02-16,VfR Aalen,Hertha Berlin,0,1
2013-02-16,Werder Bremen,SC Freiburg,2,3
2013-02-16,Bayer Leverkusen,Augsburg,2,1
2013-02-16,Fortuna Düsseldorf,Greuther Fürth,1,0
2013-02-16,1. FSV Mainz 05,Schalke 04,2,2
2013-02-16,Hamburger SV,Borussia Mönchengladbach,1,0
2013-02-16,Borussia Dortmund,Eintracht Frankfurt,3,0
2013-02-17,Dynamo Dresden,SV Sandhausen,3,1
2013-02-17,MSV Duisburg,1. FC Kaiserslautern,0,0
2013-02-17,FSV Frankfurt,FC Energie Cottbus,1,0
2013-02-17,1. FC Nürnberg,Hannover 96,2,2
2013-02-17,TSG Hoffenheim,VfB Stuttgart,0,1
2013-02-18,FC St. Pauli,1. FC Köln,0,1
2013-02-22,FC St. Pauli,FSV Frankfurt,3,0
2013-02-22,VfL Bochum,MSV Duisburg,2,2
2013-02-22,FC Erzgebirge Aue,VfR Aalen,1,1
2013-02-22,SC Freiburg,Eintracht Frankfurt,0,0
2013-02-23,1. FC Köln,Union Berlin,2,0
2013-02-23,FC Ingolstadt 04,Dynamo Dresden,1,1
2013-02-23,Bayern Munich,Werder Bremen,6,1
2013-02-23,VfB Stuttgart,1. FC Nürnberg,1,1
2013-02-23,Augsburg,TSG Hoffenheim,2,1
2013-02-23,Hannover 96,Hamburger SV,5,1
2013-02-23,1. FSV Mainz 05,Wolfsburg,1,1
2013-02-23,Schalke 04,Fortuna Düsseldorf,2,1
2013-02-24,Eintracht Braunschweig,TSV 1860 München,1,2
2013-02-24,FC Energie Cottbus,Jahn Regensburg,1,1
2013-02-24,SV Sandhausen,SC Paderborn,1,3
2013-02-24,Borussia Mönchengladbach,Borussia Dortmund,1,1
2013-02-24,Greuther Fürth,Bayer Leverkusen,0,0
2013-02-25,Hertha Berlin,1. FC Kaiserslautern,1,0
2013-03-01,SC Paderborn,FC Energie Cottbus,0,1
2013-03-01,Union Berlin,FC Erzgebirge Aue,3,0
2013-03-01,Jahn Regensburg,SV Sandhausen,1,3
2013-03-01,Eintracht Frankfurt,Borussia Mönchengladbach,0,1
2013-03-02,1. FC Kaiserslautern,VfL Bochum,0,0
2013-03-02,Dynamo Dresden,Hertha Berlin,1,0
2013-03-02,Borussia Dortmund,Hannover 96,3,1
2013-03-02,Wolfsburg,Schalke 04,1,4
2013-03-02,Werder Bremen,Augsburg,0,1
2013-03-02,1. FC Nürnberg,SC Freiburg,1,1
2013-03-02,Hamburger SV,Greuther Fürth,1,1
2013-03-02,Bayer Leverkusen,VfB Stuttgart,2,1
2013-03-03,TSV 1860 München,FC Ingolstadt 04,1,1
2013-03-03,FSV Frankfurt,1. FC Köln,1,1
2013-03-03,VfR Aalen,FC St. Pauli,0,1
2013-03-03,TSG Hoffenheim,Bayern Munich,0,1
2013-03-03,Fortuna Düsseldorf,1. FSV Mainz 05,1,1
2013-03-04,MSV Duisburg,Eintracht Braunschweig,1,0
2013-03-08,FC St. Pauli,Jahn Regensburg,3,2
2013-03-08,FSV Frankfurt,VfR Aalen,6,1
2013-03-08,SV Sandhausen,TSV 1860 München,0,1
2013-03-08,Augsburg,1. FC Nürnberg,1,2
2013-03-09,1. FC Köln,SC Paderborn,3,0
2013-03-09,FC Energie Cottbus,Union Berlin,2,1
2013-03-09,1. FSV Mainz 05,Bayer Leverkusen,1,0
2013-03-09,SC Freiburg,Wolfsburg,2,5
2013-03-09,Greuther Fürth,TSG Hoffenheim,0,3
2013-03-09,Schalke 04,Borussia Dortmund,2,1
2013-03-09,Bayern Munich,Fortuna Düsseldorf,3,2
2013-03-09,Borussia Mönchengladbach,Werder Bremen,1,1
2013-03-10,Hertha Berlin,MSV Duisburg,4,2
2013-03-10,FC Ingolstadt 04,VfL Bochum,2,1
2013-03-10,FC Erzgebirge Aue,Dynamo Dresden,1,0
2013-03-10,Hannover 96,Eintracht Frankfurt,0,0
2013-03-10,VfB Stuttgart,Hamburger SV,0,1
2013-03-11,Eintracht Braunschweig,1. FC Kaiserslautern,1,1
2013-03-15,SC Paderborn,FSV Frankfurt,3,0
2013-03-15,Union Berlin,FC St. Pauli,4,2
2013-03-15,MSV Duisburg,FC Energie Cottbus,2,1
2013-03-15,Wolfsburg,Fortuna Düsseldorf,1,1
2013-03-16,TSV 1860 München,Hertha Berlin,0,0
2013-03-16,VfL Bochum,Eintracht Braunschweig,0,1
2013-03-16,1. FC Nürnberg,Schalke 04,3,0
2013-03-16,Borussia Dortmund,SC Freiburg,5,1
2013-03-16,TSG Hoffenheim,1. FSV Mainz 05,0,0
2013-03-16,Hamburger SV,Augsburg,0,1
2013-03-16,Werder Bremen,Greuther Fürth,2,2
2013-03-16,Bayer Leverkusen,Bayern Munich,1,2
2013-03-17,1. FC Kaiserslautern,FC Ingolstadt 04,3,0
2013-03-17,VfR Aalen,SV Sandhausen,2,2
2013-03-17,Jahn Regensburg,FC Erzgebirge Aue,1,1
2013-03-17,Eintracht Frankfurt,VfB Stuttgart,1,2
2013-03-17,Borussia Mönchengladbach,Hannover 96,1,0
2013-03-18,Dynamo Dresden,1. FC Köln,0,2
2013-03-28,FC Energie Cottbus,VfR Aalen,1,1
2013-03-28,FC Erzgebirge Aue,TSV 1860 München,0,1
2013-03-28,Eintracht Braunschweig,Dynamo Dresden,2,1
2013-03-30,Hertha Berlin,VfL Bochum,2,0
2013-03-30,FC Ingolstadt 04,MSV Duisburg,0,1
2013-03-30,VfB Stuttgart,Borussia Dortmund,1,2
2013-03-30,SC Freiburg,Borussia Mönchengladbach,2,0
2013-03-30,Fortuna Düsseldorf,Bayer Leverkusen,1,4
2013-03-30,Augsburg,Hannover 96,0,2
2013-03-30,1. FSV Mainz 05,Werder Bremen,1,1
2013-03-30,Schalke 04,TSG Hoffenheim,3,0
2013-03-30,Bayern Munich,Hamburger SV,9,2
2013-03-31,1. FC Köln,Jahn Regensburg,2,1
2013-03-31,FSV Frankfurt,Union Berlin,3,0
2013-03-31,SV Sandhausen,1. FC Kaiserslautern,1,1
2013-03-31,Wolfsburg,1. FC Nürnberg,2,2
2013-03-31,Greuther Fürth,Eintracht Frankfurt,2,3
2013-04-01,FC St. Pauli,SC Paderborn,2,2
2013-04-05,1. FC Kaiserslautern,1. FC Köln,3,0
2013-04-05,VfL Bochum,FC Erzgebirge Aue,0,3
2013-04-05,VfR Aalen,FC Ingolstadt 04,2,1
2013-04-05,TSG Hoffenheim,Fortuna Düsseldorf,3,0
2013-04-06,Dynamo Dresden,FC St. Pauli,3,2
2013-04-06,Jahn Regensburg,FSV Frankfurt,1,4
2013-04-06,Borussia Dortmund,Augsburg,4,2
2013-04-06,Borussia Mönchengladbach,Greuther Fürth,1,0
2013-04-06,Eintracht Frankfurt,Bayern Munich,0,1
2013-04-06,Werder Bremen,Schalke 04,0,2
2013-04-06,Bayer Leverkusen,Wolfsburg,1,1
2013-04-06,Hamburger SV,SC Freiburg,0,1
2013-04-07,SC Paderborn,Union Berlin,1,1
2013-04-07,TSV 1860 München,FC Energie Cottbus,1,1
2013-04-07,MSV Duisburg,SV Sandhausen,2,1
2013-04-07,1. FC Nürnberg,1. FSV Mainz 05,2,1
2013-04-07,Hannover 96,VfB Stuttgart,0,0
2013-04-08,Hertha Berlin,Eintracht Braunschweig,3,0
2013-04-12,Union Berlin,Dynamo Dresden,0,0
2013-04-12,FC Ingolstadt 04,Hertha Berlin,1,1
2013-04-12,SV Sandhausen,Eintracht Braunschweig,1,3
2013-04-12,SC Freiburg,Hannover 96,3,1
2013-04-13,FC St. Pauli,TSV 1860 München,3,1
2013-04-13,FSV Frankfurt,MSV Duisburg,1,1
2013-04-13,Bayern Munich,1. FC Nürnberg,4,0
2013-04-13,Wolfsburg,TSG Hoffenheim,2,2
2013-04-13,1. FSV Mainz 05,Hamburger SV,1,2
2013-04-13,Greuther Fürth,Borussia Dortmund,1,6
2013-04-13,Fortuna Düsseldorf,Werder Bremen,2,2
2013-04-13,Schalke 04,Bayer Leverkusen,2,2
2013-04-14,1. FC Köln,VfR Aalen,1,0
2013-04-14,SC Paderborn,Jahn Regensburg,0,0
2013-04-14,FC Energie Cottbus,VfL Bochum,0,2
2013-04-14,VfB Stuttgart,Borussia Mönchengladbach,2,0
2013-04-14,Augsburg,Eintracht Frankfurt,2,0
2013-04-15,FC Erzgebirge Aue,1. FC Kaiserslautern,1,1
2013-04-19,VfL Bochum,FC St. Pauli,3,0
2013-04-19,VfR Aalen,Union Berlin,3,0
2013-04-19,Jahn Regensburg,FC Ingolstadt 04,1,2
2013-04-19,Borussia Mönchengladbach,Augsburg,1,0
2013-04-20,1. FC Kaiserslautern,SC Paderborn,3,0
2013-04-20,TSV 1860 München,FSV Frankfurt,1,2
2013-04-20,Borussia Dortmund,1. FSV Mainz 05,2,0
2013-04-20,Hannover 96,Bayern Munich,1,6
2013-04-20,Hamburger SV,Fortuna Düsseldorf,2,1
2013-04-20,Eintracht Frankfurt,Schalke 04,1,0
2013-04-20,Bayer Leverkusen,TSG Hoffenheim,5,0
2013-04-20,Werder Bremen,Wolfsburg,0,3
2013-04-21,Hertha Berlin,SV Sandhausen,1,0
2013-04-21,Eintracht Braunschweig,FC Erzgebirge Aue,1,1
2013-04-21,Dynamo Dresden,FC Energie Cottbus,1,0
2013-04-21,VfB Stuttgart,SC Freiburg,2,1
2013-04-21,1. FC Nürnberg,Greuther Fürth,0,1
2013-04-22,MSV Duisburg,1. FC Köln,1,1
2013-04-26,Union Berlin,Jahn Regensburg,1,0
2013-04-26,FC Ingolstadt 04,Eintracht Braunschweig,0,1
2013-04-26,SV Sandhausen,VfL Bochum,0,1
2013-04-26,Greuther Fürth,Hannover 96,2,3
2013-04-27,FSV Frankfurt,Dynamo Dresden,3,1
2013-04-27,FC Erzgebirge Aue,MSV Duisburg,0,0
2013-04-27,Bayer Leverkusen,Werder Bremen,1,0
2013-04-27,TSG Hoffenheim,1. FC Nürnberg,2,1
2013-04-27,Bayern Munich,SC Freiburg,1,0
2013-04-27,Wolfsburg,Borussia Mönchengladbach,3,1
2013-04-27,Augsburg,VfB Stuttgart,3,0
2013-04-27,Fortuna Düsseldorf,Borussia Dortmund,1,2
2013-04-28,1. FC Köln,TSV 1860 München,1,1
2013-04-28,FC St. Pauli,Hertha Berlin,2,3
2013-04-28,SC Paderborn,VfR Aalen,2,2
2013-04-28,1. FSV Mainz 05,Eintracht Frankfurt,0,0
2013-04-28,Schalke 04,Hamburger SV,4,1
2013-04-29,FC Energie Cottbus,1. FC Kaiserslautern,4,2
2013-05-03,Hertha Berlin,FC Erzgebirge Aue,3,2
2013-05-03,Dynamo Dresden,SC Paderborn,2,1
2013-05-03,VfR Aalen,Jahn Regensburg,2,1
2013-05-03,Borussia Mönchengladbach,Schalke 04,0,1
2013-05-04,VfL Bochum,1. FC Köln,2,1
2013-05-04,SV Sandhausen,FC Ingolstadt 04,3,1
2013-05-04,1. FC Nürnberg,Bayer Leverkusen,0,2
2013-05-04,Werder Bremen,TSG Hoffenheim,2,2
2013-05-04,Hannover 96,1. FSV Mainz 05,2,2
2013-05-04,VfB Stuttgart,Greuther Fürth,0,2
2013-05-04,Eintracht Frankfurt,Fortuna Düsseldorf,3,1
2013-05-04,Borussia Dortmund,Bayern Munich,1,1
2013-05-05,1. FC Kaiserslautern,FSV Frankfurt,4,1
2013-05-05,TSV 1860 München,Union Berlin,3,0
2013-05-05,MSV Duisburg,FC St. Pauli,0,0
2013-05-05,SC Freiburg,Augsburg,2,0
2013-05-05,Hamburger SV,Wolfsburg,1,1
2013-05-06,Eintracht Braunschweig,FC Energie Cottbus,0,0
2013-05-11,1. FSV Mainz 05,Borussia Mönchengladbach,2,4
2013-05-11,Schalke 04,VfB Stuttgart,1,2
2013-05-11,Bayer Leverkusen,Hannover 96,3,1
2013-05-11,Fortuna Düsseldorf,1. FC Nürnberg,1,2
2013-05-11,Greuther Fürth,SC Freiburg,1,2
2013-05-11,Bayern Munich,Augsburg,3,0
2013-05-11,TSG Hoffenheim,Hamburger SV,1,4
2013-05-11,Wolfsburg,Borussia Dortmund,3,3
2013-05-11,Werder Bremen,Eintracht Frankfurt,1,1
2013-05-12,1. FC Köln,Hertha Berlin,1,2
2013-05-12,FC St. Pauli,Eintracht Braunschweig,5,1
2013-05-12,SC Paderborn,TSV 1860 München,2,0
2013-05-12,Union Berlin,MSV Duisburg,2,1
2013-05-12,FSV Frankfurt,VfL Bochum,2,1
2013-05-12,FC Energie Cottbus,SV Sandhausen,3,0
2013-05-12,FC Erzgebirge Aue,FC Ingolstadt 04,0,1
2013-05-12,VfR Aalen,Dynamo Dresden,3,0
2013-05-12,Jahn Regensburg,1. FC Kaiserslautern,1,3
2013-05-18,Borussia Mönchengladbach,Bayern Munich,3,4
2013-05-18,Hannover 96,Fortuna Düsseldorf,3,0
2013-05-18,SC Freiburg,Schalke 04,1,2
2013-05-18,Hamburger SV,Bayer Leverkusen,0,1
2013-05-18,Eintracht Frankfurt,Wolfsburg,2,2
2013-05-18,1. FC Nürnberg,Werder Bremen,3,2
2013-05-18,Borussia Dortmund,TSG Hoffenheim,1,2
2013-05-18,VfB Stuttgart,1. FSV Mainz 05,2,2
2013-05-18,Augsburg,Greuther Fürth,3,1
2013-05-19,Hertha Berlin,FC Energie Cottbus,1,1
2013-05-19,1. FC Kaiserslautern,FC St. Pauli,1,2
2013-05-19,TSV 1860 München,VfR Aalen,3,0
2013-05-19,Eintracht Braunschweig,FSV Frankfurt,2,2
2013-05-19,Dynamo Dresden,Jahn Regensburg,3,1
2013-05-19,MSV Duisburg,SC Paderborn,3,2
2013-05-19,VfL Bochum,Union Berlin,1,2
2013-05-19,FC Ingolstadt 04,1. FC Köln,0,3
2013-05-19,SV Sandhausen,FC Erzgebirge Aue,0,1
2013-07-19,SV Sandhausen,VfR Aalen,0,0
2013-07-19,FC Ingolstadt 04,FC Erzgebirge Aue,1,2
2013-07-19,FC St. Pauli,TSV 1860 München,1,0
2013-07-20,SC Paderborn,1. FC Kaiserslautern,0,1
2013-07-20,Dynamo Dresden,1. FC Köln,1,1
2013-07-21,Greuther Fürth,Arminia Bielefeld,2,0
2013-07-21,FSV Frankfurt,Karlsruher SC,0,1
2013-07-21,Union Berlin,VfL Bochum,1,2
2013-07-22,Fortuna Düsseldorf,FC Energie Cottbus,1,0
2013-07-26,VfR Aalen,Greuther Fürth,0,2
2013-07-26,Arminia Bielefeld,Union Berlin,1,1
2013-07-26,1. FC Kaiserslautern,FC Ingolstadt 04,3,1
2013-07-27,FC Erzgebirge Aue,SV Sandhausen,1,0
2013-07-27,Karlsruher SC,FC St. Pauli,0,0
2013-07-28,TSV 1860 München,FSV Frankfurt,2,1
2013-07-28,FC Energie Cottbus,SC Paderborn,4,0
2013-07-28,1. FC Köln,Fortuna Düsseldorf,1,1
2013-07-29,VfL Bochum,Dynamo Dresden,1,1
2013-08-09,Fortuna Düsseldorf,TSV 1860 München,1,2
2013-08-09,FSV Frankfurt,VfL Bochum,1,0
2013-08-09,Dynamo Dresden,Union Berlin,1,3
2013-08-09,Bayern Munich,Borussia Mönchengladbach,3,1
2013-08-10,SC Paderborn,1. FC Köln,1,1
2013-08-10,FC Ingolstadt 04,Karlsruher SC,0,2
2013-08-10,Bayer Leverkusen,SC Freiburg,3,1
2013-08-10,Hannover 96,Wolfsburg,2,0
2013-08-10,TSG Hoffenheim,1. FC Nürnberg,2,2
2013-08-10,Augsburg,Borussia Dortmund,0,4
2013-08-10,Hertha Berlin,Eintracht Frankfurt,6,1
2013-08-10,Eintracht Braunschweig,Werder Bremen,0,1
2013-08-11,FC St. Pauli,Arminia Bielefeld,0,1
2013-08-11,SV Sandhausen,FC Energie Cottbus,2,2
2013-08-11,FC Erzgebirge Aue,VfR Aalen,0,1
2013-08-11,1. FSV Mainz 05,VfB Stuttgart,3,2
2013-08-11,Schalke 04,Hamburger SV,3,3
2013-08-12,Greuther Fürth,1. FC Kaiserslautern,2,1
2013-08-16,Karlsruher SC,Greuther Fürth,1,2
2013-08-16,Arminia Bielefeld,SC Paderborn,3,3
2013-08-16,VfL Bochum,FC St. Pauli,2,2
2013-08-17,1. FC Kaiserslautern,FC Erzgebirge Aue,2,1
2013-08-17,1. FC Köln,SV Sandhausen,2,0
2013-08-17,VfB Stuttgart,Bayer Leverkusen,0,1
2013-08-17,Wolfsburg,Schalke 04,4,0
2013-08-17,Werder Bremen,Augsburg,1,0
2013-08-17,SC Freiburg,1. FSV Mainz 05,1,2
2013-08-17,Hamburger SV,TSG Hoffenheim,1,5
2013-08-17,Eintracht Frankfurt,Bayern Munich,0,1
2013-08-17,Borussia Mönchengladbach,Hannover 96,3,0
2013-08-18,TSV 1860 München,FC Ingolstadt 04,1,0
2013-08-18,FC Energie Cottbus,VfR Aalen,5,1
2013-08-18,Dynamo Dresden,FSV Frankfurt,0,3
2013-08-18,1. FC Nürnberg,Hertha Berlin,2,2
2013-08-18,Borussia Dortmund,Eintracht Braunschweig,2,1
2013-08-19,Union Berlin,Fortuna Düsseldorf,2,1
2013-08-23,SV Sandhausen,Karlsruher SC,1,1
2013-08-23,FC Ingolstadt 04,Arminia Bielefeld,3,2
2013-08-23,FC Erzgebirge Aue,FC Energie Cottbus,2,1
2013-08-23,Borussia Dortmund,Werder Bremen,1,0
2013-08-24,Greuther Fürth,1. FC Köln,0,0
2013-08-24,VfR Aalen,1. FC Kaiserslautern,4,0
2013-08-24,Bayern Munich,1. FC Nürnberg,2,0
2013-08-24,Bayer Leverkusen,Borussia Mönchengladbach,4,2
2013-08-24,Hannover 96,Schalke 04,2,1
2013-08-24,TSG Hoffenheim,SC Freiburg,3,3
2013-08-24,1. FSV Mainz 05,Wolfsburg,2,0
2013-08-24,Hertha Berlin,Hamburger SV,1,0
2013-08-25,Fortuna Düsseldorf,VfL Bochum,1,0
2013-08-25,FSV Frankfurt,Union Berlin,1,1
2013-08-25,SC Paderborn,TSV 1860 München,1,0
2013-08-25,Eintracht Braunschweig,Eintracht Frankfurt,0,2
2013-08-25,Augsburg,VfB Stuttgart,2,1
2013-08-26,FC St. Pauli,Dynamo Dresden,2,1
2013-08-27,SC Freiburg,Bayern Munich,1,1
2013-08-30,FSV Frankfurt,Greuther Fürth,1,1
2013-08-30,TSV 1860 München,SV Sandhausen,0,2
2013-08-30,Arminia Bielefeld,Fortuna Düsseldorf,4,2
2013-08-31,Union Berlin,FC St. Pauli,3,2
2013-08-31,VfL Bochum,SC Paderborn,4,2
2013-08-31,Borussia Mönchengladbach,Werder Bremen,4,1
2013-08-31,Hannover 96,1. FSV Mainz 05,4,1
2013-08-31,Wolfsburg,Hertha Berlin,2,0
2013-08-31,1. FC Nürnberg,Augsburg,0,1
2013-08-31,Hamburger SV,Eintracht Braunschweig,4,0
2013-08-31,Schalke 04,Bayer Leverkusen,2,0
2013-09-01,1. FC Köln,FC Erzgebirge Aue,4,1
2013-09-01,Dynamo Dresden,FC Ingolstadt 04,1,1
2013-09-01,Karlsruher SC,VfR Aalen,1,1
2013-09-01,VfB Stuttgart,TSG Hoffenheim,6,2
2013-09-01,Eintracht Frankfurt,Borussia Dortmund,1,2
2013-09-02,1. FC Kaiserslautern,FC Energie Cottbus,2,2
2013-09-13,VfR Aalen,TSV 1860 München,0,0
2013-09-13,SC Paderborn,Karlsruher SC,1,0
2013-09-13,FC Erzgebirge Aue,Arminia Bielefeld,0,2
2013-09-13,Hertha Berlin,VfB Stuttgart,0,1
2013-09-14,FC St. Pauli,FSV Frankfurt,2,1
2013-09-14,SV Sandhausen,1. FC Kaiserslautern,1,0
2013-09-14,Bayern Munich,Hannover 96,2,0
2013-09-14,Bayer Leverkusen,Wolfsburg,3,1
2013-09-14,Werder Bremen,Eintracht Frankfurt,0,3
2013-09-14,1. FSV Mainz 05,Schalke 04,0,1
2013-09-14,Augsburg,SC Freiburg,2,1
2013-09-14,Borussia Dortmund,Hamburger SV,6,2
2013-09-15,Fortuna Düsseldorf,Dynamo Dresden,1,1
2013-09-15,Greuther Fürth,VfL Bochum,0,2
2013-09-15,FC Ingolstadt 04,Union Berlin,0,1
2013-09-15,TSG Hoffenheim,Borussia Mönchengladbach,2,1
2013-09-15,Eintracht Braunschweig,1. FC Nürnberg,1,1
2013-09-16,FC Energie Cottbus,1. FC Köln,0,4
2013-09-20,1. FC Köln,1. FC Kaiserslautern,0,0
2013-09-20,Union Berlin,Greuther Fürth,2,4
2013-09-20,Karlsruher SC,FC Energie Cottbus,2,0
2013-09-20,Borussia Mönchengladbach,Eintracht Braunschweig,4,1
2013-09-21,TSV 1860 München,FC Erzgebirge Aue,3,1
2013-09-21,VfL Bochum,VfR Aalen,1,2
2013-09-21,Hannover 96,Augsburg,2,1
2013-09-21,Wolfsburg,TSG Hoffenheim,2,1
2013-09-21,1. FC Nürnberg,Borussia Dortmund,1,1
2013-09-21,1. FSV Mainz 05,Bayer Leverkusen,1,4
2013-09-21,Hamburger SV,Werder Bremen,0,2
2013-09-21,Schalke 04,Bayern Munich,0,4
2013-09-22,FSV Frankfurt,FC Ingolstadt 04,4,1
2013-09-22,Dynamo Dresden,SC Paderborn,2,2
2013-09-22,Arminia Bielefeld,SV Sandhausen,2,1
2013-09-22,SC Freiburg,Hertha Berlin,1,1
2013-09-22,VfB Stuttgart,Eintracht Frankfurt,1,1
2013-09-23,FC St. Pauli,Fortuna Düsseldorf,1,1
2013-09-27,FC Energie Cottbus,Arminia Bielefeld,4,2
2013-09-27,VfR Aalen,1. FC Köln,0,1
2013-09-27,FC Erzgebirge Aue,Karlsruher SC,3,0
2013-09-27,Augsburg,Borussia Mönchengladbach,2,2
2013-09-28,Fortuna Düsseldorf,FSV Frankfurt,0,0
2013-09-28,SC Paderborn,Union Berlin,0,3
2013-09-28,Borussia Dortmund,SC Freiburg,5,0
2013-09-28,Bayern Munich,Wolfsburg,1,0
2013-09-28,Bayer Leverkusen,Hannover 96,2,0
2013-09-28,TSG Hoffenheim,Schalke 04,3,3
2013-09-28,Hertha Berlin,1. FSV Mainz 05,3,1
2013-09-28,Eintracht Frankfurt,Hamburger SV,2,2
2013-09-29,1. FC Kaiserslautern,TSV 1860 München,3,0
2013-09-29,SV Sandhausen,VfL Bochum,1,0
2013-09-29,FC Ingolstadt 04,FC St. Pauli,1,2
2013-09-29,Werder Bremen,1. FC Nürnberg,3,3
2013-09-29,Eintracht Braunschweig,VfB Stuttgart,0,4
2013-09-30,Greuther Fürth,Dynamo Dresden,4,0
2013-10-04,Union Berlin,SV Sandhausen,3,0
2013-10-04,FC St. Pauli,SC Paderborn,1,2
2013-10-04,Arminia Bielefeld,1. FC Kaiserslautern,0,3
2013-10-04,Hannover 96,Hertha Berlin,1,1
2013-10-05,Dynamo Dresden,VfR Aalen,2,0
2013-10-05,Karlsruher SC,1. FC Köln,1,2
2013-10-05,Schalke 04,Augsburg,4,1
2013-10-05,Borussia Mönchengladbach,Borussia Dortmund,2,0
2013-10-05,VfB Stuttgart,Werder Bremen,1,1
2013-10-05,Wolfsburg,Eintracht Braunschweig,0,2
2013-10-05,1. FSV Mainz 05,TSG Hoffenheim,2,2
2013-10-05,Bayer Leverkusen,Bayern Munich,1,1
2013-10-06,FSV Frankfurt,FC Erzgebirge Aue,3,1
2013-10-06,TSV 1860 München,FC Energie Cottbus,0,0
2013-10-06,VfL Bochum,FC Ingolstadt 04,0,1
2013-10-06,1. FC Nürnberg,Hamburger SV,0,5
2013-10-06,SC Freiburg,Eintracht Frankfurt,1,1
2013-10-07,Fortuna Düsseldorf,Greuther Fürth,2,1
2013-10-18,FC Energie Cottbus,Union Berlin,0,0
2013-10-18,VfR Aalen,Arminia Bielefeld,3,0
2013-10-18,SC Paderborn,FSV Frankfurt,4,2
2013-10-18,TSG Hoffenheim,Bayer Leverkusen,1,2
2013-10-19,SV Sandhausen,Dynamo Dresden,0,0
2013-10-19,FC Erzgebirge Aue,VfL Bochum,2,1
2013-10-19,Borussia Dortmund,Hannover 96,1,0
2013-10-19,Bayern Munich,1. FSV Mainz 05,4,1
2013-10-19,Werder Bremen,SC Freiburg,0,0
2013-10-19,Eintracht Braunschweig,Schalke 04,2,3
2013-10-19,Eintracht Frankfurt,1. FC Nürnberg,1,1
2013-10-19,Hertha Berlin,Borussia Mönchengladbach,1,0
2013-10-20,Greuther Fürth,FC St. Pauli,2,4
2013-10-20,1. FC Kaiserslautern,Karlsruher SC,2,2
2013-10-20,FC Ingolstadt 04,Fortuna Düsseldorf,1,2
2013-10-20,Hamburger SV,VfB Stuttgart,3,3
2013-10-20,Augsburg,Wolfsburg,1,2
2013-10-21,1. FC Köln,TSV 1860 München,0,0
2013-10-25,Greuther Fürth,FC Ingolstadt 04,0,1
2013-10-25,FC St. Pauli,SV Sandhausen,0,0
2013-10-25,Arminia Bielefeld,1. FC Köln,0,1
2013-10-25,VfB Stuttgart,1. FC Nürnberg,1,1
2013-10-26,Fortuna Düsseldorf,SC Paderborn,1,6
2013-10-26,FSV Frankfurt,VfR Aalen,0,0
2013-10-26,Bayern Munich,Hertha Berlin,3,2
2013-10-26,Schalke 04,Borussia Dortmund,1,3
2013-10-26,Bayer Leverkusen,Augsburg,2,1
2013-10-26,Hannover 96,TSG Hoffenheim,1,4
2013-10-26,1. FSV Mainz 05,Eintracht Braunschweig,2,0
2013-10-26,Wolfsburg,Werder Bremen,3,0
2013-10-27,Union Berlin,FC Erzgebirge Aue,1,0
2013-10-27,Dynamo Dresden,FC Energie Cottbus,1,0
2013-10-27,Karlsruher SC,TSV 1860 München,2,1
2013-10-27,SC Freiburg,Hamburger SV,0,3
2013-10-27,Borussia Mönchengladbach,Eintracht Frankfurt,4,1
2013-10-28,VfL Bochum,1. FC Kaiserslautern,0,0
2013-11-01,FC Energie Cottbus,VfL Bochum,0,1
2013-11-01,VfR Aalen,Fortuna Düsseldorf,1,0
2013-11-01,SC Paderborn,FC Ingolstadt 04,1,1
2013-11-01,Borussia Dortmund,VfB Stuttgart,6,1
2013-11-02,1. FC Kaiserslautern,FC St. Pauli,4,1
2013-11-02,FC Erzgebirge Aue,Greuther Fürth,2,6
2013-11-02,1. FC Nürnberg,SC Freiburg,0,3
2013-11-02,TSG Hoffenheim,Bayern Munich,1,2
2013-11-02,Hamburger SV,Borussia Mönchengladbach,0,2
2013-11-02,Eintracht Braunschweig,Bayer Leverkusen,1,0
2013-11-02,Hertha Berlin,Schalke 04,0,2
2013-11-02,Eintracht Frankfurt,Wolfsburg,1,2
2013-11-03,TSV 1860 München,Dynamo Dresden,1,3
2013-11-03,SV Sandhausen,FSV Frankfurt,2,0
2013-11-03,Karlsruher SC,Arminia Bielefeld,3,1
2013-11-03,Augsburg,1. FSV Mainz 05,2,1
2013-11-03,Werder Bremen,Hannover 96,3,2
2013-11-04,1. FC Köln,Union Berlin,4,0
2013-11-08,Greuther Fürth,SC Paderborn,3,0
2013-11-08,FSV Frankfurt,1. FC Kaiserslautern,0,4
2013-11-08,FC Ingolstadt 04,VfR Aalen,2,0
2013-11-08,Hannover 96,Eintracht Braunschweig,0,0
2013-11-09,Union Berlin,Karlsruher SC,0,0
2013-11-09,Arminia Bielefeld,TSV 1860 München,0,1
2013-11-09,Bayern Munich,Augsburg,3,0
2013-11-09,Schalke 04,Werder Bremen,3,1
2013-11-09,Bayer Leverkusen,Hamburger SV,5,3
2013-11-09,Wolfsburg,Borussia Dortmund,2,1
2013-11-09,TSG Hoffenheim,Hertha Berlin,2,3
2013-11-09,Borussia Mönchengladbach,1. FC Nürnberg,3,1
2013-11-10,Fortuna Düsseldorf,SV Sandhausen,1,0
2013-11-10,VfL Bochum,1. FC Köln,1,0
2013-11-10,Dynamo Dresden,FC Erzgebirge Aue,1,1
2013-11-10,1. FSV Mainz 05,Eintracht Frankfurt,1,0
2013-11-10,SC Freiburg,VfB Stuttgart,1,3
2013-11-11,FC St. Pauli,FC Energie Cottbus,3,0
2013-11-22,FC Energie Cottbus,FSV Frankfurt,1,4
2013-11-22,SV Sandhausen,SC Paderborn,3,2
2013-11-22,Arminia Bielefeld,VfL Bochum,0,2
2013-11-22,VfB Stuttgart,Borussia Mönchengladbach,0,2
2013-11-23,1. FC Kaiserslautern,Union Berlin,3,0
2013-11-23,1. FC Köln,FC Ingolstadt 04,0,1
2013-11-23,1. FC Nürnberg,Wolfsburg,1,1
2013-11-23,Augsburg,TSG Hoffenheim,2,0
2013-11-23,Eintracht Braunschweig,SC Freiburg,0,1
2013-11-23,Eintracht Frankfurt,Schalke 04,3,3
2013-11-23,Hertha Berlin,Bayer Leverkusen,0,1
2013-11-23,Borussia Dortmund,Bayern Munich,0,3
2013-11-24,VfR Aalen,FC St. Pauli,0,1
2013-11-24,FC Erzgebirge Aue,Fortuna Düsseldorf,3,0
2013-11-24,Karlsruher SC,Dynamo Dresden,3,0
2013-11-24,Hamburger SV,Hannover 96,3,1
2013-11-24,Werder Bremen,1. FSV Mainz 05,2,3
2013-11-25,TSV 1860 München,Greuther Fürth,1,0
2013-11-29,Fortuna Düsseldorf,Karlsruher SC,0,2
2013-11-29,Union Berlin,VfR Aalen,1,3
2013-11-29,FC St. Pauli,1. FC Köln,0,3
2013-11-29,Wolfsburg,Hamburger SV,1,1
2013-11-30,FC Ingolstadt 04,SV Sandhausen,0,2
2013-11-30,Dynamo Dresden,1. FC Kaiserslautern,3,2
2013-11-30,Bayern Munich,Eintracht Braunschweig,2,0
2013-11-30,Bayer Leverkusen,1. FC Nürnberg,3,0
2013-11-30,TSG Hoffenheim,Werder Bremen,4,4
2013-11-30,1. FSV Mainz 05,Borussia Dortmund,1,3
2013-11-30,Hertha Berlin,Augsburg,0,0
2013-11-30,Schalke 04,VfB Stuttgart,3,0
2013-12-01,Greuther Fürth,FC Energie Cottbus,1,0
2013-12-01,SC Paderborn,FC Erzgebirge Aue,1,1
2013-12-01,VfL Bochum,TSV 1860 München,1,2
2013-12-01,Hannover 96,Eintracht Frankfurt,2,0
2013-12-01,Borussia Mönchengladbach,SC Freiburg,1,0
2013-12-02,FSV Frankfurt,Arminia Bielefeld,1,2
2013-12-06,FC Erzgebirge Aue,FC St. Pauli,0,2
2013-12-06,Karlsruher SC,VfL Bochum,0,0
2013-12-06,Arminia Bielefeld,Dynamo Dresden,1,1
2013-12-06,1. FC Nürnberg,1. FSV Mainz 05,1,1
2013-12-07,1. FC Köln,FSV Frankfurt,2,0
2013-12-07,TSV 1860 München,Union Berlin,2,1
2013-12-07,Borussia Mönchengladbach,Schalke 04,2,1
2013-12-07,VfB Stuttgart,Hannover 96,4,2
2013-12-07,Werder Bremen,Bayern Munich,0,7
2013-12-07,Hamburger SV,Augsburg,0,1
2013-12-07,Eintracht Frankfurt,TSG Hoffenheim,1,2
2013-12-07,Borussia Dortmund,Bayer Leverkusen,0,1
2013-12-08,FC Energie Cottbus,FC Ingolstadt 04,1,2
2013-12-08,VfR Aalen,SC Paderborn,2,4
2013-12-08,SV Sandhausen,Greuther Fürth,1,3
2013-12-08,SC Freiburg,Wolfsburg,0,3
2013-12-08,Eintracht Braunschweig,Hertha Berlin,0,2
2013-12-09,1. FC Kaiserslautern,Fortuna Düsseldorf,0,1
2013-12-13,1. FC Kaiserslautern,SC Paderborn,0,1
2013-12-13,1. FC Köln,Dynamo Dresden,3,1
2013-12-13,VfR Aalen,SV Sandhausen,0,0
2013-12-13,Hertha Berlin,Werder Bremen,3,2
2013-12-14,FC Energie Cottbus,Fortuna Düsseldorf,1,3
2013-12-14,VfL Bochum,Union Berlin,0,4
2013-12-14,Bayern Munich,Hamburger SV,3,1
2013-12-14,Hannover 96,1. FC Nürnberg,3,3
2013-12-14,TSG Hoffenheim,Borussia Dortmund,2,2
2013-12-14,1. FSV Mainz 05,Borussia Mönchengladbach,0,0
2013-12-14,Augsburg,Eintracht Braunschweig,4,1
2013-12-14,Wolfsburg,VfB Stuttgart,3,1
2013-12-15,FC Erzgebirge Aue,FC Ingolstadt 04,0,0
2013-12-15,Karlsruher SC,FSV Frankfurt,3,3
2013-12-15,Arminia Bielefeld,Greuther Fürth,4,1
2013-12-15,Schalke 04,SC Freiburg,2,0
2013-12-15,Bayer Leverkusen,Eintracht Frankfurt,0,1
2013-12-16,TSV 1860 München,FC St. Pauli,0,2
2013-12-20,FC St. Pauli,Karlsruher SC,0,2
2013-12-20,SV Sandhausen,FC Erzgebirge Aue,1,0
2013-12-20,Dynamo Dresden,VfL Bochum,0,0
2013-12-20,Eintracht Frankfurt,Augsburg,1,1
2013-12-21,FSV Frankfurt,TSV 1860 München,2,2
2013-12-21,Union Berlin,Arminia Bielefeld,4,2
2013-12-21,Borussia Dortmund,Hertha Berlin,1,2
2013-12-21,Werder Bremen,Bayer Leverkusen,1,0
2013-12-21,SC Freiburg,Hannover 96,2,1
2013-12-21,Hamburger SV,1. FSV Mainz 05,2,3
2013-12-21,Eintracht Braunschweig,TSG Hoffenheim,1,0
2013-12-21,1. FC Nürnberg,Schalke 04,0,0
2013-12-22,Greuther Fürth,VfR Aalen,1,0
2013-12-22,SC Paderborn,FC Energie Cottbus,1,0
2013-12-22,Fortuna Düsseldorf,1. FC Köln,2,3
2013-12-22,Borussia Mönchengladbach,Wolfsburg,2,2
2013-12-23,FC Ingolstadt 04,1. FC Kaiserslautern,1,2
2014-01-24,Borussia Mönchengladbach,Bayern Munich,0,2
2014-01-25,Borussia Dortmund,Augsburg,2,2
2014-01-25,VfB Stuttgart,1. FSV Mainz 05,1,2
2014-01-25,Wolfsburg,Hannover 96,1,3
2014-01-25,1. FC Nürnberg,TSG Hoffenheim,4,0
2014-01-25,SC Freiburg,Bayer Leverkusen,3,2
2014-01-25,Eintracht Frankfurt,Hertha Berlin,1,0
2014-01-26,Werder Bremen,Eintracht Braunschweig,0,0
2014-01-26,Hamburger SV,Schalke 04,0,3
2014-01-29,VfB Stuttgart,Bayern Munich,1,2
2014-01-31,Eintracht Braunschweig,Borussia Dortmund,1,2
2014-02-01,Schalke 04,Wolfsburg,2,1
2014-02-01,Bayer Leverkusen,VfB Stuttgart,2,1
2014-02-01,TSG Hoffenheim,Hamburger SV,3,0
2014-02-01,1. FSV Mainz 05,SC Freiburg,2,0
2014-02-01,Augsburg,Werder Bremen,3,1
2014-02-01,Hannover 96,Borussia Mönchengladbach,3,1
2014-02-02,Hertha Berlin,1. FC Nürnberg,1,3
2014-02-02,Bayern Munich,Eintracht Frankfurt,5,0
2014-02-07,FC Energie Cottbus,SV Sandhausen,0,1
2014-02-07,VfR Aalen,FC Erzgebirge Aue,2,2
2014-02-07,VfL Bochum,FSV Frankfurt,1,2
2014-02-07,Borussia Mönchengladbach,Bayer Leverkusen,0,1
2014-02-08,1. FC Kaiserslautern,Greuther Fürth,2,1
2014-02-08,Union Berlin,Dynamo Dresden,0,0
2014-02-08,Wolfsburg,1. FSV Mainz 05,3,0
2014-02-08,Werder Bremen,Borussia Dortmund,1,5
2014-02-08,1. FC Nürnberg,Bayern Munich,0,2
2014-02-08,SC Freiburg,TSG Hoffenheim,1,1
2014-02-08,Eintracht Frankfurt,Eintracht Braunschweig,3,0
2014-02-08,Hamburger SV,Hertha Berlin,0,3
2014-02-09,1. FC Köln,SC Paderborn,0,1
2014-02-09,Karlsruher SC,FC Ingolstadt 04,1,1
2014-02-09,Arminia Bielefeld,FC St. Pauli,2,2
2014-02-09,VfB Stuttgart,Augsburg,1,4
2014-02-09,Schalke 04,Hannover 96,2,0
2014-02-10,TSV 1860 München,Fortuna Düsseldorf,1,1
2014-02-14,Fortuna Düsseldorf,Union Berlin,1,1
2014-02-14,Greuther Fürth,Karlsruher SC,1,1
2014-02-14,FC Ingolstadt 04,TSV 1860 München,2,0
2014-02-14,1. FSV Mainz 05,Hannover 96,2,0
2014-02-15,FSV Frankfurt,Dynamo Dresden,3,2
2014-02-15,FC St. Pauli,VfL Bochum,0,1
2014-02-15,Borussia Dortmund,Eintracht Frankfurt,4,0
2014-02-15,Bayern Munich,SC Freiburg,4,0
2014-02-15,Werder Bremen,Borussia Mönchengladbach,1,1
2014-02-15,TSG Hoffenheim,VfB Stuttgart,4,1
2014-02-15,Eintracht Braunschweig,Hamburger SV,4,2
2014-02-15,Bayer Leverkusen,Schalke 04,1,2
2014-02-16,VfR Aalen,FC Energie Cottbus,2,2
2014-02-16,SV Sandhausen,1. FC Köln,0,1
2014-02-16,SC Paderborn,Arminia Bielefeld,4,0
2014-02-16,Augsburg,1. FC Nürnberg,0,1
2014-02-16,Hertha Berlin,Wolfsburg,1,2
2014-02-17,FC Erzgebirge Aue,1. FC Kaiserslautern,1,0
2014-02-21,Union Berlin,FSV Frankfurt,2,0
2014-02-21,FC Energie Cottbus,FC Erzgebirge Aue,2,3
2014-02-21,Arminia Bielefeld,FC Ingolstadt 04,0,2
2014-02-21,Schalke 04,1. FSV Mainz 05,0,0
2014-02-22,TSV 1860 München,SC Paderborn,2,2
2014-02-22,Karlsruher SC,SV Sandhausen,2,1
2014-02-22,Borussia Mönchengladbach,TSG Hoffenheim,2,2
2014-02-22,VfB Stuttgart,Hertha Berlin,1,2
2014-02-22,1. FC Nürnberg,Eintracht Braunschweig,2,1
2014-02-22,SC Freiburg,Augsburg,2,4
2014-02-22,Hamburger SV,Borussia Dortmund,3,0
2014-02-22,Wolfsburg,Bayer Leverkusen,3,1
2014-02-23,1. FC Kaiserslautern,VfR Aalen,1,2
2014-02-23,VfL Bochum,Fortuna Düsseldorf,0,0
2014-02-23,Dynamo Dresden,FC St. Pauli,1,2
2014-02-23,Eintracht Frankfurt,Werder Bremen,0,0
2014-02-23,Hannover 96,Bayern Munich,0,4
2014-02-24,1. FC Köln,Greuther Fürth,1,1
2014-02-28,Fortuna Düsseldorf,Arminia Bielefeld,2,0
2014-02-28,FC Energie Cottbus,1. FC Kaiserslautern,1,0
2014-02-28,SC Paderborn,VfL Bochum,4,1
2014-02-28,Hertha Berlin,SC Freiburg,0,0
2014-03-01,SV Sandhausen,TSV 1860 München,0,0
2014-03-01,FC Erzgebirge Aue,1. FC Köln,2,2
2014-03-01,Borussia Dortmund,1. FC Nürnberg,3,0
2014-03-01,Bayer Leverkusen,1. FSV Mainz 05,0,1
2014-03-01,Werder Bremen,Hamburger SV,1,0
2014-03-01,Augsburg,Hannover 96,1,1
2014-03-01,Eintracht Braunschweig,Borussia Mönchengladbach,1,1
2014-03-01,Bayern Munich,Schalke 04,5,1
2014-03-02,Greuther Fürth,FSV Frankfurt,3,2
2014-03-02,VfR Aalen,Karlsruher SC,1,0
2014-03-02,FC Ingolstadt 04,Dynamo Dresden,1,1
2014-03-02,TSG Hoffenheim,Wolfsburg,6,2
2014-03-02,Eintracht Frankfurt,VfB Stuttgart,2,1
2014-03-03,FC St. Pauli,Union Berlin,2,1
2014-03-07,1. FC Kaiserslautern,SV Sandhausen,2,1
2014-03-07,1. FC Köln,FC Energie Cottbus,2,1
2014-03-07,TSV 1860 München,VfR Aalen,4,0
2014-03-08,Union Berlin,FC Ingolstadt 04,1,1
2014-03-08,Arminia Bielefeld,FC Erzgebirge Aue,1,0
2014-03-08,Schalke 04,TSG Hoffenheim,4,0
2014-03-08,Borussia Mönchengladbach,Augsburg,1,2
2014-03-08,VfB Stuttgart,Eintracht Braunschweig,2,2
2014-03-08,Hannover 96,Bayer Leverkusen,1,1
2014-03-08,Wolfsburg,Bayern Munich,1,6
2014-03-08,Hamburger SV,Eintracht Frankfurt,1,1
2014-03-08,1. FC Nürnberg,Werder Bremen,0,2
2014-03-09,FSV Frankfurt,FC St. Pauli,1,0
2014-03-09,Dynamo Dresden,Fortuna Düsseldorf,1,1
2014-03-09,Karlsruher SC,SC Paderborn,4,0
2014-03-09,SC Freiburg,Borussia Dortmund,0,1
2014-03-09,1. FSV Mainz 05,Hertha Berlin,1,1
2014-03-10,VfL Bochum,Greuther Fürth,0,2
2014-03-14,VfR Aalen,VfL Bochum,0,2
2014-03-14,SC Paderborn,Dynamo Dresden,2,1
2014-03-14,FC Ingolstadt 04,FSV Frankfurt,0,1
2014-03-14,Augsburg,Schalke 04,1,2
2014-03-15,FC Energie Cottbus,Karlsruher SC,1,0
2014-03-15,FC Erzgebirge Aue,TSV 1860 München,2,2
2014-03-15,Borussia Dortmund,Borussia Mönchengladbach,1,2
2014-03-15,Werder Bremen,VfB Stuttgart,1,1
2014-03-15,TSG Hoffenheim,1. FSV Mainz 05,2,4
2014-03-15,Eintracht Braunschweig,Wolfsburg,1,1
2014-03-15,Hertha Berlin,Hannover 96,0,3
2014-03-15,Bayern Munich,Bayer Leverkusen,2,1
2014-03-16,Fortuna Düsseldorf,FC St. Pauli,0,2
2014-03-16,Greuther Fürth,Union Berlin,1,1
2014-03-16,SV Sandhausen,Arminia Bielefeld,1,0
2014-03-16,Hamburger SV,1. FC Nürnberg,2,1
2014-03-16,Eintracht Frankfurt,SC Freiburg,1,4
2014-03-17,1. FC Kaiserslautern,1. FC Köln,0,0
2014-03-21,Union Berlin,SC Paderborn,1,1
2014-03-21,VfL Bochum,SV Sandhausen,0,1
2014-03-21,Dynamo Dresden,Greuther Fürth,1,1
2014-03-21,SC Freiburg,Werder Bremen,3,1
2014-03-22,FSV Frankfurt,Fortuna Düsseldorf,0,0
2014-03-22,1. FC Köln,VfR Aalen,0,0
2014-03-22,FC St. Pauli,FC Ingolstadt 04,0,0
2014-03-22,Schalke 04,Eintracht Braunschweig,3,1
2014-03-22,VfB Stuttgart,Hamburger SV,1,0
2014-03-22,Hannover 96,Borussia Dortmund,0,3
2014-03-22,Wolfsburg,Augsburg,1,1
2014-03-22,1. FSV Mainz 05,Bayern Munich,0,2
2014-03-22,Borussia Mönchengladbach,Hertha Berlin,3,0
2014-03-23,TSV 1860 München,1. FC Kaiserslautern,0,1
2014-03-23,Karlsruher SC,FC Erzgebirge Aue,1,1
2014-03-23,Arminia Bielefeld,FC Energie Cottbus,1,3
2014-03-23,1. FC Nürnberg,Eintracht Frankfurt,2,5
2014-03-23,Bayer Leverkusen,TSG Hoffenheim,2,3
2014-03-25,Greuther Fürth,Fortuna Düsseldorf,4,1
2014-03-25,VfR Aalen,Dynamo Dresden,1,1
2014-03-25,SV Sandhausen,Union Berlin,2,1
2014-03-25,SC Paderborn,FC St. Pauli,3,0
2014-03-25,FC Ingolstadt 04,VfL Bochum,3,0
2014-03-25,Borussia Dortmund,Schalke 04,0,0
2014-03-25,Werder Bremen,Wolfsburg,1,3
2014-03-25,Eintracht Braunschweig,1. FSV Mainz 05,3,1
2014-03-25,Hertha Berlin,Bayern Munich,1,3
2014-03-26,1. FC Kaiserslautern,Arminia Bielefeld,1,1
2014-03-26,1. FC Köln,Karlsruher SC,2,0
2014-03-26,FC Energie Cottbus,TSV 1860 München,1,2
2014-03-26,FC Erzgebirge Aue,FSV Frankfurt,2,1
2014-03-26,1. FC Nürnberg,VfB Stuttgart,2,0
2014-03-26,TSG Hoffenheim,Hannover 96,3,1
2014-03-26,Augsburg,Bayer Leverkusen,1,3
2014-03-26,Hamburger SV,SC Freiburg,1,1
2014-03-26,Eintracht Frankfurt,Borussia Mönchengladbach,1,0
2014-03-28,Fortuna Düsseldorf,FC Ingolstadt 04,0,0
2014-03-28,FC St. Pauli,Greuther Fürth,2,2
2014-03-28,Dynamo Dresden,SV Sandhausen,0,0
2014-03-28,Schalke 04,Hertha Berlin,2,0
2014-03-29,VfL Bochum,FC Erzgebirge Aue,1,0
2014-03-29,Karlsruher SC,1. FC Kaiserslautern,2,2
2014-03-29,Bayern Munich,TSG Hoffenheim,3,3
2014-03-29,Bayer Leverkusen,Eintracht Braunschweig,1,1
2014-03-29,VfB Stuttgart,Borussia Dortmund,2,3
2014-03-29,Wolfsburg,Eintracht Frankfurt,2,1
2014-03-29,1. FSV Mainz 05,Augsburg,3,0
2014-03-29,SC Freiburg,1. FC Nürnberg,3,2
2014-03-30,FSV Frankfurt,SC Paderborn,1,3
2014-03-30,TSV 1860 München,1. FC Köln,0,1
2014-03-30,Arminia Bielefeld,VfR Aalen,0,0
2014-03-30,Borussia Mönchengladbach,Hamburger SV,3,1
2014-03-30,Hannover 96,Werder Bremen,1,2
2014-03-31,Union Berlin,FC Energie Cottbus,2,0
2014-04-04,FC Energie Cottbus,Dynamo Dresden,0,0
2014-04-04,VfR Aalen,FSV Frankfurt,2,1
2014-04-04,SC Paderborn,Fortuna Düsseldorf,1,2
2014-04-04,Hamburger SV,Bayer Leverkusen,2,1
2014-04-05,1. FC Köln,Arminia Bielefeld,2,0
2014-04-05,SV Sandhausen,FC St. Pauli,2,3
2014-04-05,VfB Stuttgart,SC Freiburg,2,0
2014-04-05,Werder Bremen,Schalke 04,1,1
2014-04-05,1. FC Nürnberg,Borussia Mönchengladbach,0,2
2014-04-05,Augsburg,Bayern Munich,1,0
2014-04-05,Eintracht Frankfurt,1. FSV Mainz 05,2,0
2014-04-05,Borussia Dortmund,Wolfsburg,2,1
2014-04-06,1. FC Kaiserslautern,VfL Bochum,1,1
2014-04-06,TSV 1860 München,Karlsruher SC,0,3
2014-04-06,FC Erzgebirge Aue,Union Berlin,3,2
2014-04-06,Eintracht Braunschweig,Hannover 96,3,0
2014-04-06,Hertha Berlin,TSG Hoffenheim,1,1
2014-04-07,FC Ingolstadt 04,Greuther Fürth,0,0
2014-04-11,Union Berlin,1. FC Köln,1,2
2014-04-11,FC St. Pauli,1. FC Kaiserslautern,2,3
2014-04-11,FC Ingolstadt 04,SC Paderborn,1,2
2014-04-11,Schalke 04,Eintracht Frankfurt,2,0
2014-04-12,Greuther Fürth,FC Erzgebirge Aue,2,1
2014-04-12,Arminia Bielefeld,Karlsruher SC,0,0
2014-04-12,Borussia Mönchengladbach,VfB Stuttgart,1,1
2014-04-12,Hannover 96,Hamburger SV,2,1
2014-04-12,Wolfsburg,1. FC Nürnberg,4,1
2014-04-12,SC Freiburg,Eintracht Braunschweig,2,0
2014-04-12,1. FSV Mainz 05,Werder Bremen,3,0
2014-04-12,Bayern Munich,Borussia Dortmund,0,3
2014-04-13,Fortuna Düsseldorf,VfR Aalen,3,1
2014-04-13,FSV Frankfurt,SV Sandhausen,0,3
2014-04-13,VfL Bochum,FC Energie Cottbus,2,1
2014-04-13,Bayer Leverkusen,Hertha Berlin,2,1
2014-04-13,TSG Hoffenheim,Augsburg,2,0
2014-04-14,Dynamo Dresden,TSV 1860 München,4,2
2014-04-17,FC Energie Cottbus,FC St. Pauli,1,1
2014-04-17,SV Sandhausen,Fortuna Düsseldorf,0,3
2014-04-17,FC Erzgebirge Aue,Dynamo Dresden,2,0
2014-04-17,Eintracht Frankfurt,Hannover 96,2,3
2014-04-19,TSV 1860 München,Arminia Bielefeld,2,1
2014-04-19,Karlsruher SC,Union Berlin,3,2
2014-04-19,Borussia Dortmund,1. FSV Mainz 05,4,2
2014-04-19,Werder Bremen,TSG Hoffenheim,3,1
2014-04-19,SC Freiburg,Borussia Mönchengladbach,4,2
2014-04-19,Augsburg,Hertha Berlin,0,0
2014-04-19,Eintracht Braunschweig,Bayern Munich,0,2
2014-04-19,Hamburger SV,Wolfsburg,1,3
2014-04-20,1. FC Kaiserslautern,FSV Frankfurt,3,2
2014-04-20,VfR Aalen,FC Ingolstadt 04,0,0
2014-04-20,SC Paderborn,Greuther Fürth,2,2
2014-04-20,1. FC Nürnberg,Bayer Leverkusen,1,4
2014-04-20,VfB Stuttgart,Schalke 04,3,1
2014-04-21,1. FC Köln,VfL Bochum,3,1
2014-04-25,Greuther Fürth,TSV 1860 München,1,2
2014-04-25,FC Ingolstadt 04,1. FC Köln,1,1
2014-04-25,VfL Bochum,Arminia Bielefeld,1,4
2014-04-25,Hannover 96,VfB Stuttgart,0,0
2014-04-26,Fortuna Düsseldorf,FC Erzgebirge Aue,4,0
2014-04-26,FSV Frankfurt,FC Energie Cottbus,3,1
2014-04-26,Bayern Munich,Werder Bremen,5,2
2014-04-26,Wolfsburg,SC Freiburg,2,2
2014-04-26,TSG Hoffenheim,Eintracht Frankfurt,0,0
2014-04-26,1. FSV Mainz 05,1. FC Nürnberg,2,0
2014-04-26,Hertha Berlin,Eintracht Braunschweig,2,0
2014-04-26,Bayer Leverkusen,Borussia Dortmund,2,2
2014-04-27,FC St. Pauli,VfR Aalen,0,3
2014-04-27,SC Paderborn,SV Sandhausen,2,0
2014-04-27,Dynamo Dresden,Karlsruher SC,2,2
2014-04-27,Augsburg,Hamburger SV,3,1
2014-04-27,Schalke 04,Borussia Mönchengladbach,0,1
2014-04-28,Union Berlin,1. FC Kaiserslautern,1,1
2014-05-03,Borussia Dortmund,TSG Hoffenheim,3,2
2014-05-03,Borussia Mönchengladbach,1. FSV Mainz 05,3,1
2014-05-03,VfB Stuttgart,Wolfsburg,1,2
2014-05-03,Werder Bremen,Hertha Berlin,2,0
2014-05-03,1. FC Nürnberg,Hannover 96,0,2
2014-05-03,SC Freiburg,Schalke 04,0,2
2014-05-03,Hamburger SV,Bayern Munich,1,4
2014-05-03,Eintracht Braunschweig,Augsburg,0,1
2014-05-03,Eintracht Frankfurt,Bayer Leverkusen,0,2
2014-05-04,1. FC Kaiserslautern,Dynamo Dresden,4,0
2014-05-04,1. FC Köln,FC St. Pauli,4,0
2014-05-04,TSV 1860 München,VfL Bochum,2,0
2014-05-04,FC Energie Cottbus,Greuther Fürth,0,6
2014-05-04,VfR Aalen,Union Berlin,3,0
2014-05-04,SV Sandhausen,FC Ingolstadt 04,0,2
2014-05-04,FC Erzgebirge Aue,SC Paderborn,0,2
2014-05-04,Karlsruher SC,Fortuna Düsseldorf,2,2
2014-05-04,Arminia Bielefeld,FSV Frankfurt,0,0
2014-05-10,Bayern Munich,VfB Stuttgart,1,0
2014-05-10,Schalke 04,1. FC Nürnberg,4,1
2014-05-10,Bayer Leverkusen,Werder Bremen,2,1
2014-05-10,Hannover 96,SC Freiburg,3,2
2014-05-10,Wolfsburg,Borussia Mönchengladbach,3,1
2014-05-10,TSG Hoffenheim,Eintracht Braunschweig,3,1
2014-05-10,1. FSV Mainz 05,Hamburger SV,3,2
2014-05-10,Augsburg,Eintracht Frankfurt,2,1
2014-05-10,Hertha Berlin,Borussia Dortmund,0,4
2014-05-11,Fortuna Düsseldorf,1. FC Kaiserslautern,4,2
2014-05-11,Greuther Fürth,SV Sandhausen,2,0
2014-05-11,FSV Frankfurt,1. FC Köln,2,0
2014-05-11,Union Berlin,TSV 1860 München,1,1
2014-05-11,FC St. Pauli,FC Erzgebirge Aue,2,2
2014-05-11,SC Paderborn,VfR Aalen,2,1
2014-05-11,FC Ingolstadt 04,FC Energie Cottbus,2,0
2014-05-11,VfL Bochum,Karlsruher SC,1,0
2014-05-11,Dynamo Dresden,Arminia Bielefeld,2,3
2014-08-01,Fortuna Düsseldorf,Eintracht Braunschweig,2,2
2014-08-02,RB Leipzig,VfR Aalen,0,0
2014-08-02,FC St. Pauli,FC Ingolstadt 04,1,1
2014-08-02,VfL Bochum,Greuther Fürth,1,1
2014-08-03,1. FC Heidenheim,FSV Frankfurt,2,1
2014-08-03,1. FC Nürnberg,FC Erzgebirge Aue,1,0
2014-08-03,Karlsruher SC,Union Berlin,0,0
2014-08-03,SV Darmstadt 98,SV Sandhausen,1,0
2014-08-04,1. FC Kaiserslautern,TSV 1860 München,3,2
2014-08-08,VfR Aalen,FC St. Pauli,2,0
2014-08-08,FSV Frankfurt,Karlsruher SC,2,3
2014-08-08,Union Berlin,Fortuna Düsseldorf,1,1
2014-08-09,Eintracht Braunschweig,1. FC Heidenheim,3,0
2014-08-09,FC Erzgebirge Aue,VfL Bochum,1,5
2014-08-10,FC Ingolstadt 04,SV Darmstadt 98,2,2
2014-08-10,TSV 1860 München,RB Leipzig,0,3
2014-08-10,SV Sandhausen,1. FC Kaiserslautern,1,1
2014-08-11,Greuther Fürth,1. FC Nürnberg,5,1
2014-08-22,FC St. Pauli,SV Sandhausen,2,1
2014-08-22,1. FC Heidenheim,TSV 1860 München,2,2
2014-08-22,RB Leipzig,FC Erzgebirge Aue,1,0
2014-08-22,Bayern Munich,Wolfsburg,2,1
2014-08-23,1. FC Nürnberg,FSV Frankfurt,0,1
2014-08-23,Fortuna Düsseldorf,Karlsruher SC,0,2
2014-08-23,TSG Hoffenheim,Augsburg,2,0
2014-08-23,Hannover 96,Schalke 04,2,1
2014-08-23,Hertha Berlin,Werder Bremen,2,2
2014-08-23,Eintracht Frankfurt,SC Freiburg,1,0
2014-08-23,1. FC Köln,Hamburger SV,0,0
2014-08-23,Borussia Dortmund,Bayer Leverkusen,0,2
2014-08-24,1. FC Kaiserslautern,Eintracht Braunschweig,2,1
2014-08-24,FC Ingolstadt 04,Greuther Fürth,2,0
2014-08-24,SV Darmstadt 98,VfR Aalen,2,0
2014-08-24,SC Paderborn,1. FSV Mainz 05,2,2
2014-08-24,Borussia Mönchengladbach,VfB Stuttgart,1,1
2014-08-25,VfL Bochum,Union Berlin,1,1
2014-08-29,Union Berlin,1. FC Nürnberg,0,4
2014-08-29,VfR Aalen,1. FC Kaiserslautern,2,2
2014-08-29,FSV Frankfurt,RB Leipzig,0,0
2014-08-29,Augsburg,Borussia Dortmund,2,3
2014-08-30,Karlsruher SC,1. FC Heidenheim,1,1
2014-08-30,FC Erzgebirge Aue,Fortuna Düsseldorf,0,3
2014-08-30,Bayer Leverkusen,Hertha Berlin,4,2
2014-08-30,Wolfsburg,Eintracht Frankfurt,2,2
2014-08-30,Werder Bremen,TSG Hoffenheim,1,1
2014-08-30,VfB Stuttgart,1. FC Köln,0,2
2014-08-30,Hamburger SV,SC Paderborn,0,3
2014-08-30,Schalke 04,Bayern Munich,1,1
2014-08-31,Eintracht Braunschweig,VfL Bochum,1,2
2014-08-31,TSV 1860 München,SV Darmstadt 98,1,1
2014-08-31,SV Sandhausen,FC Ingolstadt 04,0,3
2014-08-31,1. FSV Mainz 05,Hannover 96,0,0
2014-08-31,SC Freiburg,Borussia Mönchengladbach,0,0
2014-09-01,Greuther Fürth,FC St. Pauli,3,0
2014-09-12,1. FC Kaiserslautern,FSV Frankfurt,1,0
2014-09-12,FC Ingolstadt 04,VfR Aalen,4,1
2014-09-12,VfL Bochum,Karlsruher SC,1,1
2014-09-12,Bayer Leverkusen,Werder Bremen,3,3
2014-09-13,RB Leipzig,Eintracht Braunschweig,3,1
2014-09-13,SV Darmstadt 98,FC Erzgebirge Aue,2,0
2014-09-13,Bayern Munich,VfB Stuttgart,2,0
2014-09-13,Borussia Dortmund,SC Freiburg,3,1
2014-09-13,TSG Hoffenheim,Wolfsburg,1,1
2014-09-13,Hertha Berlin,1. FSV Mainz 05,1,3
2014-09-13,SC Paderborn,1. FC Köln,0,0
2014-09-13,Borussia Mönchengladbach,Schalke 04,4,1
2014-09-14,FC St. Pauli,TSV 1860 München,1,2
2014-09-14,SV Sandhausen,Greuther Fürth,1,0
2014-09-14,1. FC Heidenheim,Union Berlin,3,1
2014-09-14,Eintracht Frankfurt,Augsburg,0,1
2014-09-14,Hannover 96,Hamburger SV,2,0
2014-09-15,1. FC Nürnberg,Fortuna Düsseldorf,0,2
2014-09-16,Olympiacos,Atlético Madrid,3,2
2014-09-16,Juventus,Malmo FF,2,0
2014-09-16,Real Madrid,Basel,5,1
2014-09-16,Liverpool,Ludogorets Razgrad,2,1
2014-09-16,Monaco,Bayer Leverkusen,1,0
2014-09-16,Benfica,Zenit,0,2
2014-09-16,Borussia Dortmund,Arsenal,2,0
2014-09-16,Galatasaray,Anderlecht,1,1
2014-09-17,AS Roma,CSKA Moscow,5,1
2014-09-17,Bayern Munich,Manchester City,1,0
2014-09-17,Ajax,Paris Saint Germain,1,1
2014-09-17,Barcelona,APOEL,1,0
2014-09-17,Chelsea,Schalke 04,1,1
2014-09-17,Maribor,Sporting Lisbon,1,1
2014-09-17,Athletic Bilbao,Shakhtar Donetsk,0,0
2014-09-17,Porto,BATE Borisov,6,0
2014-09-19,Eintracht Braunschweig,SV Darmstadt 98,2,0
2014-09-19,VfR Aalen,SV Sandhausen,0,1
2014-09-19,FC Erzgebirge Aue,FC St. Pauli,3,0
2014-09-19,SC Freiburg,Hertha Berlin,2,2
2014-09-20,Greuther Fürth,1. FC Kaiserslautern,2,1
2014-09-20,TSV 1860 München,FC Ingolstadt 04,1,1
2014-09-20,FSV Frankfurt,VfL Bochum,1,5
2014-09-20,Schalke 04,Eintracht Frankfurt,2,2
2014-09-20,Augsburg,Werder Bremen,4,2
2014-09-20,VfB Stuttgart,TSG Hoffenheim,0,2
2014-09-20,Hamburger SV,Bayern Munich,0,0
2014-09-20,SC Paderborn,Hannover 96,2,0
2014-09-20,1. FSV Mainz 05,Borussia Dortmund,2,0
2014-09-21,Karlsruher SC,1. FC Nürnberg,3,0
2014-09-21,Fortuna Düsseldorf,1. FC Heidenheim,3,2
2014-09-21,Union Berlin,RB Leipzig,2,1
2014-09-21,Wolfsburg,Bayer Leverkusen,4,1
2014-09-21,1. FC Köln,Borussia Mönchengladbach,0,0
2014-09-23,Greuther Fürth,VfR Aalen,1,1
2014-09-23,FC St. Pauli,Eintracht Braunschweig,1,0
2014-09-23,FC Ingolstadt 04,FC Erzgebirge Aue,1,1
2014-09-23,SV Sandhausen,TSV 1860 München,1,0
2014-09-23,Bayern Munich,SC Paderborn,4,0
2014-09-23,TSG Hoffenheim,SC Freiburg,3,3
2014-09-23,Werder Bremen,Schalke 04,0,3
2014-09-23,Eintracht Frankfurt,1. FSV Mainz 05,2,2
2014-09-24,1. FC Kaiserslautern,Union Berlin,1,0
2014-09-24,1. FC Heidenheim,1. FC Nürnberg,3,0
2014-09-24,RB Leipzig,Karlsruher SC,3,1
2014-09-24,SV Darmstadt 98,FSV Frankfurt,4,0
2014-09-24,Borussia Dortmund,VfB Stuttgart,2,2
2014-09-24,Bayer Leverkusen,Augsburg,1,0
2014-09-24,Borussia Mönchengladbach,Hamburger SV,1,0
2014-09-24,Hannover 96,1. FC Köln,1,0
2014-09-24,Hertha Berlin,Wolfsburg,1,0
2014-09-25,VfL Bochum,Fortuna Düsseldorf,1,1
2014-09-26,Eintracht Braunschweig,SV Sandhausen,2,1
2014-09-26,TSV 1860 München,Greuther Fürth,2,0
2014-09-26,FC Erzgebirge Aue,VfR Aalen,1,0
2014-09-26,1. FSV Mainz 05,TSG Hoffenheim,0,0
2014-09-27,Karlsruher SC,FC Ingolstadt 04,0,1
2014-09-27,Union Berlin,SV Darmstadt 98,1,1
2014-09-27,Schalke 04,Borussia Dortmund,2,1
2014-09-27,SC Freiburg,Bayer Leverkusen,0,0
2014-09-27,VfB Stuttgart,Hannover 96,1,0
2014-09-27,1. FC Köln,Bayern Munich,0,2
2014-09-27,SC Paderborn,Borussia Mönchengladbach,1,2
2014-09-27,Wolfsburg,Werder Bremen,2,1
2014-09-28,Fortuna Düsseldorf,RB Leipzig,2,2
2014-09-28,FSV Frankfurt,FC St. Pauli,3,3
2014-09-28,1. FC Heidenheim,VfL Bochum,5,0
2014-09-28,Augsburg,Hertha Berlin,1,0
2014-09-28,Hamburger SV,Eintracht Frankfurt,1,2
2014-09-29,1. FC Nürnberg,1. FC Kaiserslautern,3,2
2014-09-30,CSKA Moscow,Bayern Munich,0,1
2014-09-30,Manchester City,AS Roma,1,1
2014-09-30,APOEL,Ajax,1,1
2014-09-30,Paris Saint Germain,Barcelona,3,2
2014-09-30,Sporting Lisbon,Chelsea,0,1
2014-09-30,Schalke 04,Maribor,1,1
2014-09-30,BATE Borisov,Athletic Bilbao,2,1
2014-09-30,Shakhtar Donetsk,Porto,2,2
2014-10-01,Atlético Madrid,Juventus,1,0
2014-10-01,Malmo FF,Olympiacos,2,0
2014-10-01,Basel,Liverpool,1,0
2014-10-01,Ludogorets Razgrad,Real Madrid,1,2
2014-10-01,Zenit,Monaco,0,0
2014-10-01,Bayer Leverkusen,Benfica,3,1
2014-10-01,Arsenal,Galatasaray,4,1
2014-10-01,Anderlecht,Borussia Dortmund,0,3
2014-10-03,Greuther Fürth,FC Erzgebirge Aue,2,0
2014-10-03,VfR Aalen,TSV 1860 München,2,0
2014-10-03,VfL Bochum,1. FC Nürnberg,1,1
2014-10-03,Hertha Berlin,VfB Stuttgart,3,2
2014-10-04,1. FC Kaiserslautern,Karlsruher SC,2,0
2014-10-04,FC St. Pauli,Union Berlin,3,0
2014-10-04,Bayern Munich,Hannover 96,4,0
2014-10-04,Borussia Dortmund,Hamburger SV,0,1
2014-10-04,Bayer Leverkusen,SC Paderborn,2,2
2014-10-04,TSG Hoffenheim,Schalke 04,2,1
2014-10-04,Werder Bremen,SC Freiburg,1,1
2014-10-04,Eintracht Frankfurt,1. FC Köln,3,2
2014-10-05,FC Ingolstadt 04,Eintracht Braunschweig,1,0
2014-10-05,SV Sandhausen,FSV Frankfurt,0,3
2014-10-05,SV Darmstadt 98,Fortuna Düsseldorf,1,4
2014-10-05,Wolfsburg,Augsburg,1,0
2014-10-05,Borussia Mönchengladbach,1. FSV Mainz 05,1,1
2014-10-06,RB Leipzig,1. FC Heidenheim,1,1
2014-10-17,VfL Bochum,SV Darmstadt 98,1,1
2014-10-17,1. FC Heidenheim,1. FC Kaiserslautern,1,1
2014-10-17,1. FC Nürnberg,RB Leipzig,1,0
2014-10-18,Eintracht Braunschweig,Greuther Fürth,2,2
2014-10-18,Union Berlin,SV Sandhausen,3,1
2014-10-18,Bayern Munich,Werder Bremen,6,0
2014-10-18,1. FSV Mainz 05,Augsburg,2,1
2014-10-18,Hannover 96,Borussia Mönchengladbach,0,3
2014-10-18,SC Freiburg,Wolfsburg,1,2
2014-10-18,VfB Stuttgart,Bayer Leverkusen,3,3
2014-10-18,1. FC Köln,Borussia Dortmund,2,1
2014-10-18,Schalke 04,Hertha Berlin,2,0
2014-10-19,Karlsruher SC,VfR Aalen,0,0
2014-10-19,FSV Frankfurt,FC Ingolstadt 04,0,1
2014-10-19,FC Erzgebirge Aue,TSV 1860 München,4,1
2014-10-19,Hamburger SV,TSG Hoffenheim,1,1
2014-10-19,SC Paderborn,Eintracht Frankfurt,3,1
2014-10-20,Fortuna Düsseldorf,FC St. Pauli,1,0
2014-10-21,CSKA Moscow,Manchester City,2,2
2014-10-21,AS Roma,Bayern Munich,1,7
2014-10-21,Barcelona,Ajax,3,1
2014-10-21,APOEL,Paris Saint Germain,0,1
2014-10-21,Chelsea,Maribor,6,0
2014-10-21,Schalke 04,Sporting Lisbon,4,3
2014-10-21,Porto,Athletic Bilbao,2,1
2014-10-21,BATE Borisov,Shakhtar Donetsk,0,7
2014-10-22,Atlético Madrid,Malmo FF,5,0
2014-10-22,Olympiacos,Juventus,1,0
2014-10-22,Ludogorets Razgrad,Basel,1,0
2014-10-22,Liverpool,Real Madrid,0,3
2014-10-22,Monaco,Benfica,0,0
2014-10-22,Bayer Leverkusen,Zenit,2,0
2014-10-22,Anderlecht,Arsenal,1,2
2014-10-22,Galatasaray,Borussia Dortmund,0,4
2014-10-24,Greuther Fürth,FSV Frankfurt,2,5
2014-10-24,VfR Aalen,Union Berlin,1,2
2014-10-24,RB Leipzig,VfL Bochum,2,0
2014-10-24,Werder Bremen,1. FC Köln,0,1
2014-10-25,1. FC Kaiserslautern,Fortuna Düsseldorf,1,1
2014-10-25,FC St. Pauli,Karlsruher SC,0,4
2014-10-25,Borussia Dortmund,Hannover 96,0,1
2014-10-25,Augsburg,SC Freiburg,2,0
2014-10-25,TSG Hoffenheim,SC Paderborn,1,0
2014-10-25,Hertha Berlin,Hamburger SV,3,0
2014-10-25,Eintracht Frankfurt,VfB Stuttgart,4,5
2014-10-25,Bayer Leverkusen,Schalke 04,1,0
2014-10-26,TSV 1860 München,Eintracht Braunschweig,1,2
2014-10-26,FC Ingolstadt 04,1. FC Heidenheim,1,0
2014-10-26,SV Sandhausen,FC Erzgebirge Aue,1,1
2014-10-26,Wolfsburg,1. FSV Mainz 05,3,0
2014-10-26,Borussia Mönchengladbach,Bayern Munich,0,0
2014-10-27,SV Darmstadt 98,1. FC Nürnberg,3,0
2014-10-31,Karlsruher SC,SV Sandhausen,1,1
2014-10-31,Fortuna Düsseldorf,FC Ingolstadt 04,0,0
2014-10-31,Union Berlin,Greuther Fürth,0,1
2014-10-31,Schalke 04,Augsburg,1,0
2014-11-01,1. FC Nürnberg,FC St. Pauli,2,2
2014-11-01,1. FC Heidenheim,SV Darmstadt 98,1,1
2014-11-01,1. FSV Mainz 05,Werder Bremen,1,2
2014-11-01,Hannover 96,Eintracht Frankfurt,1,0
2014-11-01,VfB Stuttgart,Wolfsburg,0,4
2014-11-01,Hamburger SV,Bayer Leverkusen,1,0
2014-11-01,Bayern Munich,Borussia Dortmund,2,1
2014-11-02,Eintracht Braunschweig,VfR Aalen,2,1
2014-11-02,FSV Frankfurt,FC Erzgebirge Aue,1,1
2014-11-02,VfL Bochum,TSV 1860 München,0,3
2014-11-02,Borussia Mönchengladbach,TSG Hoffenheim,3,1
2014-11-02,1. FC Köln,SC Freiburg,0,1
2014-11-02,SC Paderborn,Hertha Berlin,3,1
2014-11-03,RB Leipzig,1. FC Kaiserslautern,0,0
2014-11-04,Malmo FF,Atlético Madrid,0,2
2014-11-04,Juventus,Olympiacos,3,2
2014-11-04,Basel,Ludogorets Razgrad,4,0
2014-11-04,Real Madrid,Liverpool,1,0
2014-11-04,Zenit,Bayer Leverkusen,1,2
2014-11-04,Benfica,Monaco,1,0
2014-11-04,Arsenal,Anderlecht,3,3
2014-11-04,Borussia Dortmund,Galatasaray,4,1
2014-11-05,Bayern Munich,AS Roma,2,0
2014-11-05,Manchester City,CSKA Moscow,1,2
2014-11-05,Ajax,Barcelona,0,2
2014-11-05,Paris Saint Germain,APOEL,1,0
2014-11-05,Maribor,Chelsea,1,1
2014-11-05,Sporting Lisbon,Schalke 04,4,2
2014-11-05,Athletic Bilbao,Porto,0,2
2014-11-05,Shakhtar Donetsk,BATE Borisov,5,0
2014-11-07,1. FC Kaiserslautern,VfL Bochum,2,2
2014-11-07,VfR Aalen,FSV Frankfurt,0,1
2014-11-07,SV Sandhausen,1. FC Nürnberg,2,1
2014-11-07,Hertha Berlin,Hannover 96,0,2
2014-11-08,FC St. Pauli,1. FC Heidenheim,0,3
2014-11-08,SV Darmstadt 98,RB Leipzig,1,0
2014-11-08,Augsburg,SC Paderborn,3,0
2014-11-08,TSG Hoffenheim,1. FC Köln,3,4
2014-11-08,Eintracht Frankfurt,Bayern Munich,0,4
2014-11-08,SC Freiburg,Schalke 04,2,0
2014-11-08,Bayer Leverkusen,1. FSV Mainz 05,0,0
2014-11-08,Werder Bremen,VfB Stuttgart,2,0
2014-11-09,Greuther Fürth,Karlsruher SC,0,3
2014-11-09,FC Ingolstadt 04,Union Berlin,3,3
2014-11-09,FC Erzgebirge Aue,Eintracht Braunschweig,1,2
2014-11-09,Wolfsburg,Hamburger SV,2,0
2014-11-09,Borussia Dortmund,Borussia Mönchengladbach,1,0
2014-11-10,TSV 1860 München,Fortuna Düsseldorf,0,1
2014-11-21,1. FC Heidenheim,SV Sandhausen,3,0
2014-11-21,VfL Bochum,VfR Aalen,4,0
2014-11-21,1. FC Kaiserslautern,SV Darmstadt 98,0,0
2014-11-22,Union Berlin,TSV 1860 München,1,4
2014-11-22,FSV Frankfurt,Eintracht Braunschweig,0,3
2014-11-22,Bayern Munich,TSG Hoffenheim,4,0
2014-11-22,Schalke 04,Wolfsburg,3,2
2014-11-22,Borussia Mönchengladbach,Eintracht Frankfurt,1,3
2014-11-22,1. FSV Mainz 05,SC Freiburg,2,2
2014-11-22,Hannover 96,Bayer Leverkusen,1,3
2014-11-22,SC Paderborn,Borussia Dortmund,2,2
2014-11-22,1. FC Köln,Hertha Berlin,1,2
2014-11-23,1. FC Nürnberg,FC Ingolstadt 04,2,1
2014-11-23,Karlsruher SC,FC Erzgebirge Aue,1,0
2014-11-23,RB Leipzig,FC St. Pauli,4,1
2014-11-23,Hamburger SV,Werder Bremen,2,0
2014-11-23,VfB Stuttgart,Augsburg,0,1
2014-11-24,Fortuna Düsseldorf,Greuther Fürth,3,3
2014-11-25,CSKA Moscow,AS Roma,1,1
2014-11-25,Manchester City,Bayern Munich,3,2
2014-11-25,Paris Saint Germain,Ajax,3,1
2014-11-25,APOEL,Barcelona,0,4
2014-11-25,Schalke 04,Chelsea,0,5
2014-11-25,Sporting Lisbon,Maribor,3,1
2014-11-25,BATE Borisov,Porto,0,3
2014-11-25,Shakhtar Donetsk,Athletic Bilbao,0,1
2014-11-26,Atlético Madrid,Olympiacos,4,0
2014-11-26,Malmo FF,Juventus,0,2
2014-11-26,Basel,Real Madrid,0,1
2014-11-26,Ludogorets Razgrad,Liverpool,2,2
2014-11-26,Zenit,Benfica,1,0
2014-11-26,Bayer Leverkusen,Monaco,0,1
2014-11-26,Arsenal,Borussia Dortmund,2,0
2014-11-26,Anderlecht,Galatasaray,2,0
2014-11-28,Greuther Fürth,1. FC Heidenheim,0,0
2014-11-28,FC Erzgebirge Aue,Union Berlin,1,2
2014-11-28,SV Darmstadt 98,Karlsruher SC,0,0
2014-11-28,SC Freiburg,VfB Stuttgart,1,4
2014-11-29,FC Ingolstadt 04,VfL Bochum,3,0
2014-11-29,VfR Aalen,Fortuna Düsseldorf,2,0
2014-11-29,Schalke 04,1. FSV Mainz 05,4,1
2014-11-29,Bayer Leverkusen,1. FC Köln,5,1
2014-11-29,Augsburg,Hamburger SV,3,1
2014-11-29,Hertha Berlin,Bayern Munich,0,1
2014-11-29,Werder Bremen,SC Paderborn,4,0
2014-11-29,TSG Hoffenheim,Hannover 96,4,3
2014-11-30,TSV 1860 München,FSV Frankfurt,0,2
2014-11-30,FC St. Pauli,1. FC Kaiserslautern,1,3
2014-11-30,SV Sandhausen,RB Leipzig,0,0
2014-11-30,Wolfsburg,Borussia Mönchengladbach,1,0
2014-11-30,Eintracht Frankfurt,Borussia Dortmund,2,0
2014-12-01,Eintracht Braunschweig,1. FC Nürnberg,1,0
2014-12-05,Fortuna Düsseldorf,SV Sandhausen,1,3
2014-12-05,VfL Bochum,FC St. Pauli,3,3
2014-12-05,1. FC Heidenheim,VfR Aalen,0,1
2014-12-05,Borussia Dortmund,TSG Hoffenheim,1,0
2014-12-06,1. FC Kaiserslautern,FC Erzgebirge Aue,3,0
2014-12-06,SV Darmstadt 98,Greuther Fürth,0,0
2014-12-06,Borussia Mönchengladbach,Hertha Berlin,3,2
2014-12-06,Hannover 96,Wolfsburg,1,3
2014-12-06,VfB Stuttgart,Schalke 04,0,4
2014-12-06,1. FC Köln,Augsburg,1,2
2014-12-06,SC Paderborn,SC Freiburg,1,1
2014-12-06,Bayern Munich,Bayer Leverkusen,1,0
2014-12-07,Karlsruher SC,Eintracht Braunschweig,1,0
2014-12-07,Union Berlin,FSV Frankfurt,2,1
2014-12-07,RB Leipzig,FC Ingolstadt 04,0,1
2014-12-07,Hamburger SV,1. FSV Mainz 05,2,1
2014-12-07,Eintracht Frankfurt,Werder Bremen,5,2
2014-12-08,1. FC Nürnberg,TSV 1860 München,2,1
2014-12-09,Juventus,Atlético Madrid,0,0
2014-12-09,Olympiacos,Malmo FF,4,2
2014-12-09,Liverpool,Basel,1,1
2014-12-09,Real Madrid,Ludogorets Razgrad,4,0
2014-12-09,Monaco,Zenit,2,0
2014-12-09,Benfica,Bayer Leverkusen,0,0
2014-12-09,Galatasaray,Arsenal,1,4
2014-12-09,Borussia Dortmund,Anderlecht,1,1
2014-12-10,AS Roma,Manchester City,0,2
2014-12-10,Bayern Munich,CSKA Moscow,3,0
2014-12-10,Ajax,APOEL,4,0
2014-12-10,Barcelona,Paris Saint Germain,3,1
2014-12-10,Chelsea,Sporting Lisbon,3,1
2014-12-10,Maribor,Schalke 04,0,1
2014-12-10,Athletic Bilbao,BATE Borisov,2,0
2014-12-10,Porto,Shakhtar Donetsk,1,1
2014-12-12,Greuther Fürth,RB Leipzig,0,1
2014-12-12,SV Sandhausen,VfL Bochum,0,0
2014-12-12,FC Erzgebirge Aue,1. FC Heidenheim,1,1
2014-12-12,TSG Hoffenheim,Eintracht Frankfurt,3,2
2014-12-13,Eintracht Braunschweig,Union Berlin,1,1
2014-12-13,TSV 1860 München,Karlsruher SC,2,3
2014-12-13,FSV Frankfurt,Fortuna Düsseldorf,0,2
2014-12-13,Schalke 04,1. FC Köln,1,2
2014-12-13,Augsburg,Bayern Munich,0,4
2014-12-13,Hertha Berlin,Borussia Dortmund,1,0
2014-12-13,Werder Bremen,Hannover 96,3,3
2014-12-13,SC Freiburg,Hamburger SV,0,0
2014-12-13,1. FSV Mainz 05,VfB Stuttgart,1,1
2014-12-14,FC St. Pauli,SV Darmstadt 98,0,1
2014-12-14,FC Ingolstadt 04,1. FC Kaiserslautern,2,0
2014-12-14,VfR Aalen,1. FC Nürnberg,1,2
2014-12-14,Bayer Leverkusen,Borussia Mönchengladbach,1,1
2014-12-14,Wolfsburg,SC Paderborn,1,1
2014-12-16,Eintracht Braunschweig,Fortuna Düsseldorf,2,1
2014-12-16,Greuther Fürth,VfL Bochum,0,0
2014-12-16,Union Berlin,Karlsruher SC,2,0
2014-12-16,FSV Frankfurt,1. FC Heidenheim,2,0
2014-12-16,Bayern Munich,SC Freiburg,2,0
2014-12-16,Hannover 96,Augsburg,2,0
2014-12-16,Hamburger SV,VfB Stuttgart,0,1
2014-12-16,1. FC Köln,1. FSV Mainz 05,0,0
2014-12-17,TSV 1860 München,1. FC Kaiserslautern,1,1
2014-12-17,FC Ingolstadt 04,FC St. Pauli,2,1
2014-12-17,VfR Aalen,RB Leipzig,0,0
2014-12-17,SV Sandhausen,SV Darmstadt 98,1,2
2014-12-17,FC Erzgebirge Aue,1. FC Nürnberg,0,1
2014-12-17,Borussia Dortmund,Wolfsburg,2,2
2014-12-17,Borussia Mönchengladbach,Werder Bremen,4,1
2014-12-17,TSG Hoffenheim,Bayer Leverkusen,0,1
2014-12-17,Eintracht Frankfurt,Hertha Berlin,4,4
2014-12-17,SC Paderborn,Schalke 04,1,2
2014-12-19,Karlsruher SC,FSV Frankfurt,4,1
2014-12-19,Fortuna Düsseldorf,Union Berlin,1,0
2014-12-19,1. FC Heidenheim,Eintracht Braunschweig,0,1
2014-12-19,1. FSV Mainz 05,Bayern Munich,1,2
2014-12-20,1. FC Nürnberg,Greuther Fürth,0,0
2014-12-20,FC St. Pauli,VfR Aalen,3,1
2014-12-20,Schalke 04,Hamburger SV,0,0
2014-12-20,Bayer Leverkusen,Eintracht Frankfurt,1,1
2014-12-20,Augsburg,Borussia Mönchengladbach,2,1
2014-12-20,Werder Bremen,Borussia Dortmund,2,1
2014-12-20,VfB Stuttgart,SC Paderborn,0,0
2014-12-20,Wolfsburg,1. FC Köln,2,1
2014-12-21,1. FC Kaiserslautern,SV Sandhausen,1,0
2014-12-21,VfL Bochum,FC Erzgebirge Aue,1,1
2014-12-21,SV Darmstadt 98,FC Ingolstadt 04,2,2
2014-12-21,Hertha Berlin,TSG Hoffenheim,0,5
2014-12-21,SC Freiburg,Hannover 96,2,2
2014-12-22,RB Leipzig,TSV 1860 München,1,1
2015-01-30,Wolfsburg,Bayern Munich,4,1
2015-01-31,Schalke 04,Hannover 96,1,0
2015-01-31,1. FSV Mainz 05,SC Paderborn,5,0
2015-01-31,SC Freiburg,Eintracht Frankfurt,4,1
2015-01-31,VfB Stuttgart,Borussia Mönchengladbach,0,1
2015-01-31,Hamburger SV,1. FC Köln,0,2
2015-01-31,Bayer Leverkusen,Borussia Dortmund,0,0
2015-02-01,Werder Bremen,Hertha Berlin,2,0
2015-02-01,Augsburg,TSG Hoffenheim,3,1
2015-02-03,Bayern Munich,Schalke 04,1,1
2015-02-03,Borussia Mönchengladbach,SC Freiburg,1,0
2015-02-03,Hannover 96,1. FSV Mainz 05,1,1
2015-02-03,Eintracht Frankfurt,Wolfsburg,1,1
2015-02-04,Borussia Dortmund,Augsburg,0,1
2015-02-04,TSG Hoffenheim,Werder Bremen,1,2
2015-02-04,Hertha Berlin,Bayer Leverkusen,0,1
2015-02-04,1. FC Köln,VfB Stuttgart,0,0
2015-02-04,SC Paderborn,Hamburger SV,0,3
2015-02-06,Greuther Fürth,FC Ingolstadt 04,0,1
2015-02-06,VfR Aalen,SV Darmstadt 98,0,0
2015-02-06,FC Erzgebirge Aue,RB Leipzig,2,0
2015-02-06,Schalke 04,Borussia Mönchengladbach,1,0
2015-02-07,Union Berlin,VfL Bochum,2,1
2015-02-07,SV Sandhausen,FC St. Pauli,0,0
2015-02-07,Wolfsburg,TSG Hoffenheim,3,0
2015-02-07,1. FSV Mainz 05,Hertha Berlin,0,2
2015-02-07,SC Freiburg,Borussia Dortmund,0,3
2015-02-07,VfB Stuttgart,Bayern Munich,0,2
2015-02-07,1. FC Köln,SC Paderborn,0,0
2015-02-07,Hamburger SV,Hannover 96,2,1
2015-02-08,Eintracht Braunschweig,1. FC Kaiserslautern,0,2
2015-02-08,Karlsruher SC,Fortuna Düsseldorf,1,1
2015-02-08,FSV Frankfurt,1. FC Nürnberg,2,1
2015-02-08,Werder Bremen,Bayer Leverkusen,2,1
2015-02-08,Augsburg,Eintracht Frankfurt,2,2
2015-02-09,TSV 1860 München,1. FC Heidenheim,1,2
2015-02-13,Fortuna Düsseldorf,FC Erzgebirge Aue,2,3
2015-02-13,VfL Bochum,Eintracht Braunschweig,3,2
2015-02-13,1. FC Heidenheim,Karlsruher SC,0,1
2015-02-13,Borussia Dortmund,1. FSV Mainz 05,4,2
2015-02-14,1. FC Kaiserslautern,VfR Aalen,1,0
2015-02-14,FC Ingolstadt 04,SV Sandhausen,1,3
2015-02-14,Bayern Munich,Hamburger SV,8,0
2015-02-14,Bayer Leverkusen,Wolfsburg,4,5
2015-02-14,Borussia Mönchengladbach,1. FC Köln,1,0
2015-02-14,TSG Hoffenheim,VfB Stuttgart,2,1
2015-02-14,Werder Bremen,Augsburg,3,2
2015-02-14,Eintracht Frankfurt,Schalke 04,1,0
2015-02-15,1. FC Nürnberg,Union Berlin,3,1
2015-02-15,RB Leipzig,FSV Frankfurt,0,1
2015-02-15,SV Darmstadt 98,TSV 1860 München,1,1
2015-02-15,Hertha Berlin,SC Freiburg,0,2
2015-02-15,Hannover 96,SC Paderborn,1,2
2015-02-16,FC St. Pauli,Greuther Fürth,0,1
2015-02-17,Paris Saint Germain,Chelsea,1,1
2015-02-17,Shakhtar Donetsk,Bayern Munich,0,0
2015-02-18,Schalke 04,Real Madrid,0,2
2015-02-18,Basel,Porto,1,1
2015-02-20,Greuther Fürth,SV Sandhausen,0,0
2015-02-20,VfR Aalen,FC Ingolstadt 04,1,1
2015-02-20,FC Erzgebirge Aue,SV Darmstadt 98,0,1
2015-02-20,VfB Stuttgart,Borussia Dortmund,2,3
2015-02-21,Karlsruher SC,VfL Bochum,0,0
2015-02-21,TSV 1860 München,FC St. Pauli,2,1
2015-02-21,Schalke 04,Werder Bremen,1,1
2015-02-21,1. FSV Mainz 05,Eintracht Frankfurt,3,1
2015-02-21,Augsburg,Bayer Leverkusen,2,2
2015-02-21,SC Freiburg,TSG Hoffenheim,1,1
2015-02-21,SC Paderborn,Bayern Munich,0,6
2015-02-21,1. FC Köln,Hannover 96,1,1
2015-02-22,Fortuna Düsseldorf,1. FC Nürnberg,1,3
2015-02-22,Union Berlin,1. FC Heidenheim,3,1
2015-02-22,FSV Frankfurt,1. FC Kaiserslautern,2,0
2015-02-22,Hamburger SV,Borussia Mönchengladbach,1,1
2015-02-22,Wolfsburg,Hertha Berlin,2,1
2015-02-23,Eintracht Braunschweig,RB Leipzig,1,1
2015-02-24,Manchester City,Barcelona,1,2
2015-02-24,Juventus,Borussia Dortmund,2,1
2015-02-25,Bayer Leverkusen,Atlético Madrid,1,0
2015-02-25,Arsenal,Monaco,1,3
2015-02-27,1. FC Kaiserslautern,Greuther Fürth,2,1
2015-02-27,VfL Bochum,FSV Frankfurt,3,3
2015-02-27,SV Darmstadt 98,Eintracht Braunschweig,1,0
2015-02-27,Bayern Munich,1. FC Köln,4,1
2015-02-28,1. FC Nürnberg,Karlsruher SC,1,1
2015-02-28,SV Sandhausen,VfR Aalen,2,0
2015-02-28,Borussia Dortmund,Schalke 04,3,0
2015-02-28,Bayer Leverkusen,SC Freiburg,1,0
2015-02-28,TSG Hoffenheim,1. FSV Mainz 05,2,0
2015-02-28,Hannover 96,VfB Stuttgart,1,1
2015-02-28,Hertha Berlin,Augsburg,1,0
2015-02-28,Eintracht Frankfurt,Hamburger SV,2,1
2015-03-01,FC St. Pauli,FC Erzgebirge Aue,0,0
2015-03-01,1. FC Heidenheim,Fortuna Düsseldorf,1,2
2015-03-01,RB Leipzig,Union Berlin,3,2
2015-03-01,Borussia Mönchengladbach,SC Paderborn,2,0
2015-03-01,Werder Bremen,Wolfsburg,3,5
2015-03-02,FC Ingolstadt 04,TSV 1860 München,1,1
2015-03-06,1. FC Nürnberg,1. FC Heidenheim,0,1
2015-03-06,Fortuna Düsseldorf,VfL Bochum,2,2
2015-03-06,FC Erzgebirge Aue,FC Ingolstadt 04,0,3
2015-03-06,VfB Stuttgart,Hertha Berlin,0,0
2015-03-07,Eintracht Braunschweig,FC St. Pauli,0,2
2015-03-07,VfR Aalen,Greuther Fürth,1,1
2015-03-07,Schalke 04,TSG Hoffenheim,3,1
2015-03-07,Augsburg,Wolfsburg,1,0
2015-03-07,Hannover 96,Bayern Munich,1,3
2015-03-07,SC Freiburg,Werder Bremen,0,1
2015-03-07,Hamburger SV,Borussia Dortmund,0,0
2015-03-07,1. FSV Mainz 05,Borussia Mönchengladbach,2,2
2015-03-08,TSV 1860 München,SV Sandhausen,2,3
2015-03-08,Union Berlin,1. FC Kaiserslautern,0,0
2015-03-08,FSV Frankfurt,SV Darmstadt 98,1,1
2015-03-08,1. FC Köln,Eintracht Frankfurt,4,2
2015-03-08,SC Paderborn,Bayer Leverkusen,0,3
2015-03-09,Karlsruher SC,RB Leipzig,0,0
2015-03-10,Real Madrid,Schalke 04,3,4
2015-03-10,Porto,Basel,4,0
2015-03-11,Chelsea,Paris Saint Germain,2,2
2015-03-11,Bayern Munich,Shakhtar Donetsk,7,0
2015-03-13,Greuther Fürth,TSV 1860 München,0,3
2015-03-13,VfL Bochum,1. FC Heidenheim,4,1
2015-03-13,SV Darmstadt 98,Union Berlin,5,0
2015-03-13,Bayer Leverkusen,VfB Stuttgart,4,0
2015-03-14,1. FC Kaiserslautern,1. FC Nürnberg,2,1
2015-03-14,FC St. Pauli,FSV Frankfurt,1,1
2015-03-14,Augsburg,1. FSV Mainz 05,0,2
2015-03-14,TSG Hoffenheim,Hamburger SV,3,0
2015-03-14,Hertha Berlin,Schalke 04,2,2
2015-03-14,Werder Bremen,Bayern Munich,0,4
2015-03-14,Eintracht Frankfurt,SC Paderborn,4,0
2015-03-14,Borussia Dortmund,1. FC Köln,0,0
2015-03-15,FC Ingolstadt 04,Karlsruher SC,1,3
2015-03-15,VfR Aalen,FC Erzgebirge Aue,3,0
2015-03-15,SV Sandhausen,Eintracht Braunschweig,0,1
2015-03-15,Wolfsburg,SC Freiburg,3,0
2015-03-15,Borussia Mönchengladbach,Hannover 96,2,0
2015-03-16,RB Leipzig,Fortuna Düsseldorf,3,1
2015-03-17,Atlético Madrid,Bayer Leverkusen,1,0
2015-03-17,Monaco,Arsenal,0,2
2015-03-18,Barcelona,Manchester City,1,0
2015-03-18,Borussia Dortmund,Juventus,0,3
2015-03-20,TSV 1860 München,VfR Aalen,1,1
2015-03-20,Union Berlin,FC St. Pauli,1,0
2015-03-20,FSV Frankfurt,SV Sandhausen,1,1
2015-03-20,Hamburger SV,Hertha Berlin,0,1
2015-03-21,Eintracht Braunschweig,FC Ingolstadt 04,0,0
2015-03-21,Fortuna Düsseldorf,SV Darmstadt 98,2,0
2015-03-21,Hannover 96,Borussia Dortmund,2,3
2015-03-21,SC Freiburg,Augsburg,2,0
2015-03-21,VfB Stuttgart,Eintracht Frankfurt,3,1
2015-03-21,1. FC Köln,Werder Bremen,1,1
2015-03-21,SC Paderborn,TSG Hoffenheim,0,0
2015-03-21,Schalke 04,Bayer Leverkusen,0,1
2015-03-22,Karlsruher SC,1. FC Kaiserslautern,0,0
2015-03-22,FC Erzgebirge Aue,Greuther Fürth,0,0
2015-03-22,1. FC Heidenheim,RB Leipzig,1,0
2015-03-22,1. FSV Mainz 05,Wolfsburg,1,1
2015-03-22,Bayern Munich,Borussia Mönchengladbach,0,2
2015-03-23,1. FC Nürnberg,VfL Bochum,1,2
2015-04-04,Greuther Fürth,Eintracht Braunschweig,1,2
2015-04-04,1. FC Kaiserslautern,1. FC Heidenheim,4,0
2015-04-04,Bayer Leverkusen,Hamburger SV,4,0
2015-04-04,Wolfsburg,VfB Stuttgart,3,1
2015-04-04,TSG Hoffenheim,Borussia Mönchengladbach,1,4
2015-04-04,Werder Bremen,1. FSV Mainz 05,0,0
2015-04-04,Eintracht Frankfurt,Hannover 96,2,2
2015-04-04,SC Freiburg,1. FC Köln,1,0
2015-04-04,Borussia Dortmund,Bayern Munich,0,1
2015-04-05,TSV 1860 München,FC Erzgebirge Aue,0,1
2015-04-05,FC Ingolstadt 04,FSV Frankfurt,2,0
2015-04-05,VfR Aalen,Karlsruher SC,2,2
2015-04-05,SV Sandhausen,Union Berlin,1,1
2015-04-05,RB Leipzig,1. FC Nürnberg,2,1
2015-04-05,SV Darmstadt 98,VfL Bochum,2,0
2015-04-05,Augsburg,Schalke 04,0,0
2015-04-05,Hertha Berlin,SC Paderborn,2,0
2015-04-06,FC St. Pauli,Fortuna Düsseldorf,4,0
2015-04-10,1. FC Nürnberg,SV Darmstadt 98,1,1
2015-04-10,Karlsruher SC,FC St. Pauli,3,0
2015-04-10,1. FC Heidenheim,FC Ingolstadt 04,0,1
2015-04-10,Hannover 96,Hertha Berlin,1,1
2015-04-11,Eintracht Braunschweig,TSV 1860 München,2,0
2015-04-11,FSV Frankfurt,Greuther Fürth,1,1
2015-04-11,Bayern Munich,Eintracht Frankfurt,3,0
2015-04-11,Schalke 04,SC Freiburg,0,0
2015-04-11,Borussia Mönchengladbach,Borussia Dortmund,3,1
2015-04-11,1. FSV Mainz 05,Bayer Leverkusen,2,3
2015-04-11,SC Paderborn,Augsburg,2,1
2015-04-11,Hamburger SV,Wolfsburg,0,2
2015-04-12,Union Berlin,VfR Aalen,1,1
2015-04-12,FC Erzgebirge Aue,SV Sandhausen,0,1
2015-04-12,VfL Bochum,RB Leipzig,1,2
2015-04-12,1. FC Köln,TSG Hoffenheim,3,2
2015-04-12,VfB Stuttgart,Werder Bremen,3,2
2015-04-13,Fortuna Düsseldorf,1. FC Kaiserslautern,1,1
2015-04-14,Atlético Madrid,Real Madrid,0,0
2015-04-14,Juventus,Monaco,1,0
2015-04-15,Paris Saint Germain,Barcelona,1,3
2015-04-15,Porto,Bayern Munich,3,1
2015-04-17,FC St. Pauli,1. FC Nürnberg,1,0
2015-04-17,FC Ingolstadt 04,Fortuna Düsseldorf,3,2
2015-04-17,SV Sandhausen,Karlsruher SC,0,0
2015-04-17,Eintracht Frankfurt,Borussia Mönchengladbach,0,0
2015-04-18,TSV 1860 München,VfL Bochum,2,1
2015-04-18,VfR Aalen,Eintracht Braunschweig,2,1
2015-04-18,Borussia Dortmund,SC Paderborn,3,0
2015-04-18,Bayer Leverkusen,Hannover 96,4,0
2015-04-18,TSG Hoffenheim,Bayern Munich,0,2
2015-04-18,SC Freiburg,1. FSV Mainz 05,2,3
2015-04-18,Hertha Berlin,1. FC Köln,0,0
2015-04-18,Augsburg,VfB Stuttgart,2,1
2015-04-19,Greuther Fürth,Union Berlin,2,2
2015-04-19,FC Erzgebirge Aue,FSV Frankfurt,1,0
2015-04-19,SV Darmstadt 98,1. FC Heidenheim,1,1
2015-04-19,Werder Bremen,Hamburger SV,1,0
2015-04-19,Wolfsburg,Schalke 04,1,1
2015-04-20,1. FC Kaiserslautern,RB Leipzig,1,1
2015-04-21,Barcelona,Paris Saint Germain,2,0
2015-04-21,Bayern Munich,Porto,6,1
2015-04-22,Real Madrid,Atlético Madrid,1,0
2015-04-22,Monaco,Juventus,0,0
2015-04-24,1. FC Nürnberg,SV Sandhausen,2,0
2015-04-24,VfL Bochum,1. FC Kaiserslautern,0,2
2015-04-24,RB Leipzig,SV Darmstadt 98,2,1
2015-04-24,1. FSV Mainz 05,Schalke 04,2,0
2015-04-25,Karlsruher SC,Greuther Fürth,2,1
2015-04-25,Fortuna Düsseldorf,TSV 1860 München,1,1
2015-04-25,Borussia Dortmund,Eintracht Frankfurt,2,0
2015-04-25,Hannover 96,TSG Hoffenheim,1,2
2015-04-25,VfB Stuttgart,SC Freiburg,2,2
2015-04-25,Hamburger SV,Augsburg,3,2
2015-04-25,1. FC Köln,Bayer Leverkusen,1,1
2015-04-25,Bayern Munich,Hertha Berlin,1,0
2015-04-26,Union Berlin,FC Ingolstadt 04,2,2
2015-04-26,FSV Frankfurt,VfR Aalen,1,1
2015-04-26,1. FC Heidenheim,FC St. Pauli,2,1
2015-04-26,SC Paderborn,Werder Bremen,2,2
2015-04-26,Borussia Mönchengladbach,Wolfsburg,1,0
2015-04-27,Eintracht Braunschweig,FC Erzgebirge Aue,4,2
2015-05-02,Eintracht Braunschweig,FSV Frankfurt,2,0
2015-05-02,SV Darmstadt 98,1. FC Kaiserslautern,3,2
2015-05-02,Schalke 04,VfB Stuttgart,3,2
2015-05-02,Wolfsburg,Hannover 96,2,2
2015-05-02,Augsburg,1. FC Köln,0,0
2015-05-02,TSG Hoffenheim,Borussia Dortmund,1,1
2015-05-02,Werder Bremen,Eintracht Frankfurt,1,0
2015-05-02,SC Freiburg,SC Paderborn,1,2
2015-05-02,Bayer Leverkusen,Bayern Munich,2,0
2015-05-03,Greuther Fürth,Fortuna Düsseldorf,3,0
2015-05-03,TSV 1860 München,Union Berlin,0,3
2015-05-03,FC St. Pauli,RB Leipzig,1,0
2015-05-03,VfR Aalen,VfL Bochum,2,4
2015-05-03,SV Sandhausen,1. FC Heidenheim,2,2
2015-05-03,FC Erzgebirge Aue,Karlsruher SC,3,1
2015-05-03,1. FSV Mainz 05,Hamburger SV,1,2
2015-05-03,Hertha Berlin,Borussia Mönchengladbach,1,2
2015-05-04,FC Ingolstadt 04,1. FC Nürnberg,1,1
2015-05-05,Juventus,Real Madrid,2,1
2015-05-06,Barcelona,Bayern Munich,3,0
2015-05-08,Fortuna Düsseldorf,VfR Aalen,0,2
2015-05-08,FSV Frankfurt,TSV 1860 München,0,1
2015-05-08,RB Leipzig,SV Sandhausen,0,4
2015-05-08,Hamburger SV,SC Freiburg,1,1
2015-05-09,1. FC Kaiserslautern,FC St. Pauli,0,2
2015-05-09,Union Berlin,FC Erzgebirge Aue,1,2
2015-05-09,Borussia Dortmund,Hertha Berlin,2,0
2015-05-09,Bayern Munich,Augsburg,0,1
2015-05-09,Borussia Mönchengladbach,Bayer Leverkusen,3,0
2015-05-09,Hannover 96,Werder Bremen,1,1
2015-05-09,Eintracht Frankfurt,TSG Hoffenheim,3,1
2015-05-09,VfB Stuttgart,1. FSV Mainz 05,2,0
2015-05-10,1. FC Nürnberg,Eintracht Braunschweig,3,1
2015-05-10,VfL Bochum,FC Ingolstadt 04,2,1
2015-05-10,1. FC Heidenheim,Greuther Fürth,3,0
2015-05-10,SC Paderborn,Wolfsburg,1,3
2015-05-10,1. FC Köln,Schalke 04,2,0
2015-05-11,Karlsruher SC,SV Darmstadt 98,0,1
2015-05-12,Bayern Munich,Barcelona,3,2
2015-05-13,Real Madrid,Juventus,1,1
2015-05-16,Schalke 04,SC Paderborn,1,0
2015-05-16,Bayer Leverkusen,TSG Hoffenheim,2,0
2015-05-16,Wolfsburg,Borussia Dortmund,2,1
2015-05-16,1. FSV Mainz 05,1. FC Köln,2,0
2015-05-16,Augsburg,Hannover 96,1,2
2015-05-16,Hertha Berlin,Eintracht Frankfurt,0,0
2015-05-16,Werder Bremen,Borussia Mönchengladbach,0,2
2015-05-16,SC Freiburg,Bayern Munich,2,1
2015-05-16,VfB Stuttgart,Hamburger SV,2,1
2015-05-17,Greuther Fürth,SV Darmstadt 98,1,0
2015-05-17,Eintracht Braunschweig,Karlsruher SC,0,2
2015-05-17,TSV 1860 München,1. FC Nürnberg,2,1
2015-05-17,FC St. Pauli,VfL Bochum,5,1
2015-05-17,FC Ingolstadt 04,RB Leipzig,2,1
2015-05-17,VfR Aalen,1. FC Heidenheim,2,4
2015-05-17,SV Sandhausen,Fortuna Düsseldorf,0,2
2015-05-17,FSV Frankfurt,Union Berlin,1,3
2015-05-17,FC Erzgebirge Aue,1. FC Kaiserslautern,0,0
2015-05-23,Bayern Munich,1. FSV Mainz 05,2,0
2015-05-23,Borussia Dortmund,Werder Bremen,3,2
2015-05-23,Borussia Mönchengladbach,Augsburg,1,3
2015-05-23,TSG Hoffenheim,Hertha Berlin,2,1
2015-05-23,Hannover 96,SC Freiburg,2,1
2015-05-23,Eintracht Frankfurt,Bayer Leverkusen,2,1
2015-05-23,Hamburger SV,Schalke 04,2,0
2015-05-23,1. FC Köln,Wolfsburg,2,2
2015-05-23,SC Paderborn,VfB Stuttgart,1,2
2015-05-24,1. FC Nürnberg,VfR Aalen,2,1
2015-05-24,1. FC Kaiserslautern,FC Ingolstadt 04,1,1
2015-05-24,Karlsruher SC,TSV 1860 München,2,0
2015-05-24,Fortuna Düsseldorf,FSV Frankfurt,2,3
2015-05-24,Union Berlin,Eintracht Braunschweig,2,0
2015-05-24,VfL Bochum,SV Sandhausen,0,0
2015-05-24,1. FC Heidenheim,FC Erzgebirge Aue,2,2
2015-05-24,RB Leipzig,Greuther Fürth,2,0
2015-05-24,SV Darmstadt 98,FC St. Pauli,1,0
2015-06-06,Juventus,Barcelona,1,3
2015-07-24,MSV Duisburg,1. FC Kaiserslautern,1,3
2015-07-25,Greuther Fürth,Karlsruher SC,1,0
2015-07-25,FC St. Pauli,Arminia Bielefeld,0,0
2015-07-25,FSV Frankfurt,RB Leipzig,0,1
2015-07-26,SC Paderborn,VfL Bochum,0,1
2015-07-26,Eintracht Braunschweig,SV Sandhausen,1,3
2015-07-26,Union Berlin,Fortuna Düsseldorf,1,1
2015-07-26,1. FC Heidenheim,TSV 1860 München,1,0
2015-07-27,SC Freiburg,1. FC Nürnberg,6,3
2015-07-31,1. FC Nürnberg,1. FC Heidenheim,3,2
2015-07-31,Arminia Bielefeld,FSV Frankfurt,0,0
2015-07-31,1. FC Kaiserslautern,Eintracht Braunschweig,0,0
2015-08-01,VfL Bochum,MSV Duisburg,3,0
2015-08-01,TSV 1860 München,SC Freiburg,0,1
2015-08-02,Fortuna Düsseldorf,SC Paderborn,1,2
2015-08-02,Karlsruher SC,FC St. Pauli,1,2
2015-08-02,SV Sandhausen,Union Berlin,4,3
2015-08-03,RB Leipzig,Greuther Fürth,2,2
2015-08-14,SC Paderborn,SV Sandhausen,0,6
2015-08-14,1. FC Heidenheim,Fortuna Düsseldorf,1,0
2015-08-14,FSV Frankfurt,Karlsruher SC,1,2
2015-08-14,Bayern Munich,Hamburger SV,5,0
2015-08-15,SC Freiburg,VfL Bochum,1,3
2015-08-15,Eintracht Braunschweig,RB Leipzig,0,2
2015-08-15,SV Darmstadt 98,Hannover 96,2,2
2015-08-15,1. FSV Mainz 05,FC Ingolstadt 04,0,1
2015-08-15,Werder Bremen,Schalke 04,0,3
2015-08-15,Bayer Leverkusen,TSG Hoffenheim,2,1
2015-08-15,Augsburg,Hertha Berlin,0,1
2015-08-15,Borussia Dortmund,Borussia Mönchengladbach,4,0
2015-08-16,Union Berlin,1. FC Kaiserslautern,2,2
2015-08-16,FC St. Pauli,Greuther Fürth,3,2
2015-08-16,MSV Duisburg,Arminia Bielefeld,2,2
2015-08-16,Wolfsburg,Eintracht Frankfurt,2,1
2015-08-16,VfB Stuttgart,1. FC Köln,1,3
2015-08-17,1. FC Nürnberg,TSV 1860 München,2,2
2015-08-21,Greuther Fürth,FSV Frankfurt,0,2
2015-08-21,SV Sandhausen,1. FC Heidenheim,0,0
2015-08-21,Arminia Bielefeld,Eintracht Braunschweig,0,2
2015-08-21,Hertha Berlin,Werder Bremen,1,1
2015-08-22,Karlsruher SC,MSV Duisburg,2,0
2015-08-22,Fortuna Düsseldorf,SC Freiburg,1,2
2015-08-22,Schalke 04,SV Darmstadt 98,1,1
2015-08-22,Eintracht Frankfurt,Augsburg,1,1
2015-08-22,1. FC Köln,Wolfsburg,1,1
2015-08-22,Hannover 96,Bayer Leverkusen,0,1
2015-08-22,TSG Hoffenheim,Bayern Munich,1,2
2015-08-22,Hamburger SV,VfB Stuttgart,3,2
2015-08-23,RB Leipzig,FC St. Pauli,0,1
2015-08-23,VfL Bochum,1. FC Nürnberg,2,1
2015-08-23,TSV 1860 München,Union Berlin,0,0
2015-08-23,FC Ingolstadt 04,Borussia Dortmund,0,4
2015-08-23,Borussia Mönchengladbach,1. FSV Mainz 05,1,2
2015-08-24,1. FC Kaiserslautern,SC Paderborn,1,0
2015-08-28,SC Freiburg,SV Sandhausen,4,1
2015-08-28,Union Berlin,RB Leipzig,1,1
2015-08-28,1. FC Heidenheim,1. FC Kaiserslautern,3,1
2015-08-28,Wolfsburg,Schalke 04,3,0
2015-08-29,SC Paderborn,Arminia Bielefeld,1,2
2015-08-29,MSV Duisburg,Greuther Fürth,2,2
2015-08-29,VfB Stuttgart,Eintracht Frankfurt,1,4
2015-08-29,Augsburg,FC Ingolstadt 04,0,1
2015-08-29,1. FC Köln,Hamburger SV,2,1
2015-08-29,1. FSV Mainz 05,Hannover 96,3,0
2015-08-29,SV Darmstadt 98,TSG Hoffenheim,0,0
2015-08-29,Bayern Munich,Bayer Leverkusen,3,0
2015-08-30,Eintracht Braunschweig,Karlsruher SC,6,0
2015-08-30,1. FC Nürnberg,Fortuna Düsseldorf,1,0
2015-08-30,FSV Frankfurt,FC St. Pauli,1,0
2015-08-30,Borussia Dortmund,Hertha Berlin,3,1
2015-08-30,Werder Bremen,Borussia Mönchengladbach,2,1
2015-08-31,VfL Bochum,TSV 1860 München,1,0
2015-09-11,1. FC Kaiserslautern,SC Freiburg,0,2
2015-09-11,RB Leipzig,SC Paderborn,2,0
2015-09-11,SV Sandhausen,VfL Bochum,1,1
2015-09-11,Borussia Mönchengladbach,Hamburger SV,0,3
2015-09-12,Karlsruher SC,Union Berlin,0,3
2015-09-12,Arminia Bielefeld,1. FC Heidenheim,0,0
2015-09-12,Bayern Munich,Augsburg,2,1
2015-09-12,Bayer Leverkusen,SV Darmstadt 98,0,1
2015-09-12,Hannover 96,Borussia Dortmund,2,4
2015-09-12,Hertha Berlin,VfB Stuttgart,2,1
2015-09-12,FC Ingolstadt 04,Wolfsburg,0,0
2015-09-12,Eintracht Frankfurt,1. FC Köln,6,2
2015-09-13,Fortuna Düsseldorf,TSV 1860 München,3,0
2015-09-13,Greuther Fürth,1. FC Nürnberg,3,2
2015-09-13,FSV Frankfurt,Eintracht Braunschweig,0,3
2015-09-13,TSG Hoffenheim,Werder Bremen,1,3
2015-09-13,Schalke 04,1. FSV Mainz 05,2,1
2015-09-14,FC St. Pauli,MSV Duisburg,2,0
2015-09-15,Real Madrid,Shakhtar Donetsk,4,0
2015-09-15,Paris Saint Germain,Malmo FF,2,0
2015-09-15,Wolfsburg,CSKA Moscow,1,0
2015-09-15,PSV Eindhoven,Manchester United,2,1
2015-09-15,Benfica,Astana,2,0
2015-09-15,Galatasaray,Atlético Madrid,0,2
2015-09-15,Sevilla,Borussia Mönchengladbach,3,0
2015-09-15,Manchester City,Juventus,1,2
2015-09-16,AS Roma,Barcelona,1,1
2015-09-16,Bayer Leverkusen,BATE Borisov,4,1
2015-09-16,Olympiacos,Bayern Munich,0,3
2015-09-16,Dinamo Zagreb,Arsenal,2,1
2015-09-16,Dynamo Kyiv,Porto,2,2
2015-09-16,Chelsea,Maccabi Tel Aviv,4,0
2015-09-16,Valencia,Zenit,2,3
2015-09-16,Gent,Lyon,1,1
2015-09-18,SC Freiburg,Arminia Bielefeld,2,2
2015-09-18,VfL Bochum,Fortuna Düsseldorf,1,1
2015-09-18,1. FC Heidenheim,RB Leipzig,1,1
2015-09-18,1. FSV Mainz 05,TSG Hoffenheim,3,1
2015-09-19,SC Paderborn,Karlsruher SC,2,0
2015-09-19,1. FC Nürnberg,SV Sandhausen,2,0
2015-09-19,TSV 1860 München,1. FC Kaiserslautern,1,1
2015-09-19,Wolfsburg,Hertha Berlin,2,0
2015-09-19,Hamburger SV,Eintracht Frankfurt,0,0
2015-09-19,Werder Bremen,FC Ingolstadt 04,0,1
2015-09-19,1. FC Köln,Borussia Mönchengladbach,1,0
2015-09-19,SV Darmstadt 98,Bayern Munich,0,3
2015-09-20,Eintracht Braunschweig,FC St. Pauli,0,0
2015-09-20,Union Berlin,Greuther Fürth,1,2
2015-09-20,MSV Duisburg,FSV Frankfurt,0,1
2015-09-20,VfB Stuttgart,Schalke 04,0,1
2015-09-20,Borussia Dortmund,Bayer Leverkusen,3,0
2015-09-20,Augsburg,Hannover 96,2,0
2015-09-22,Karlsruher SC,Fortuna Düsseldorf,1,1
2015-09-22,1. FC Kaiserslautern,1. FC Nürnberg,0,3
2015-09-22,SV Sandhausen,TSV 1860 München,1,1
2015-09-22,Arminia Bielefeld,VfL Bochum,1,1
2015-09-22,Bayern Munich,Wolfsburg,5,1
2015-09-22,Hertha Berlin,1. FC Köln,2,0
2015-09-22,FC Ingolstadt 04,Hamburger SV,0,1
2015-09-22,SV Darmstadt 98,Werder Bremen,2,1
2015-09-23,Greuther Fürth,SC Paderborn,3,0
2015-09-23,FC St. Pauli,1. FC Heidenheim,1,0
2015-09-23,FSV Frankfurt,Union Berlin,3,2
2015-09-23,MSV Duisburg,Eintracht Braunschweig,0,5
2015-09-23,Schalke 04,Eintracht Frankfurt,2,0
2015-09-23,Bayer Leverkusen,1. FSV Mainz 05,1,0
2015-09-23,Borussia Mönchengladbach,Augsburg,4,2
2015-09-23,Hannover 96,VfB Stuttgart,1,3
2015-09-23,TSG Hoffenheim,Borussia Dortmund,1,1
2015-09-24,RB Leipzig,SC Freiburg,1,1
2015-09-25,1. FC Nürnberg,Arminia Bielefeld,2,2
2015-09-25,Fortuna Düsseldorf,SV Sandhausen,0,1
2015-09-25,VfL Bochum,1. FC Kaiserslautern,1,2
2015-09-25,1. FC Köln,FC Ingolstadt 04,1,1
2015-09-26,SC Paderborn,FC St. Pauli,0,0
2015-09-26,Union Berlin,MSV Duisburg,3,2
2015-09-26,VfB Stuttgart,Borussia Mönchengladbach,1,3
2015-09-26,Wolfsburg,Hannover 96,1,1
2015-09-26,Augsburg,TSG Hoffenheim,1,3
2015-09-26,Werder Bremen,Bayer Leverkusen,0,3
2015-09-26,1. FSV Mainz 05,Bayern Munich,0,3
2015-09-26,Hamburger SV,Schalke 04,0,1
2015-09-27,SC Freiburg,FSV Frankfurt,2,0
2015-09-27,TSV 1860 München,RB Leipzig,2,2
2015-09-27,1. FC Heidenheim,Karlsruher SC,1,1
2015-09-27,Eintracht Frankfurt,Hertha Berlin,1,1
2015-09-27,Borussia Dortmund,SV Darmstadt 98,2,2
2015-09-28,Eintracht Braunschweig,Greuther Fürth,0,1
2015-09-29,Barcelona,Bayer Leverkusen,2,1
2015-09-29,BATE Borisov,AS Roma,3,2
2015-09-29,Arsenal,Olympiacos,2,3
2015-09-29,Bayern Munich,Dinamo Zagreb,5,0
2015-09-29,Porto,Chelsea,2,1
2015-09-29,Maccabi Tel Aviv,Dynamo Kyiv,0,2
2015-09-29,Lyon,Valencia,0,1
2015-09-29,Zenit,Gent,2,1
2015-09-30,Malmo FF,Real Madrid,0,2
2015-09-30,Shakhtar Donetsk,Paris Saint Germain,0,3
2015-09-30,CSKA Moscow,PSV Eindhoven,3,2
2015-09-30,Manchester United,Wolfsburg,2,1
2015-09-30,Astana,Galatasaray,2,2
2015-09-30,Atlético Madrid,Benfica,1,2
2015-09-30,Juventus,Sevilla,2,0
2015-09-30,Borussia Mönchengladbach,Manchester City,1,2
2015-10-02,1. FC Kaiserslautern,Fortuna Düsseldorf,3,0
2015-10-02,FSV Frankfurt,1. FC Heidenheim,0,4
2015-10-02,Arminia Bielefeld,TSV 1860 München,1,1
2015-10-02,SV Darmstadt 98,1. FSV Mainz 05,2,3
2015-10-03,Greuther Fürth,VfL Bochum,0,5
2015-10-03,FC St. Pauli,SV Sandhausen,1,3
2015-10-03,Borussia Mönchengladbach,Wolfsburg,2,0
2015-10-03,Hannover 96,Werder Bremen,1,0
2015-10-03,Hertha Berlin,Hamburger SV,3,0
2015-10-03,TSG Hoffenheim,VfB Stuttgart,2,2
2015-10-03,FC Ingolstadt 04,Eintracht Frankfurt,2,0
2015-10-04,Karlsruher SC,SC Freiburg,1,1
2015-10-04,RB Leipzig,1. FC Nürnberg,3,2
2015-10-04,Eintracht Braunschweig,Union Berlin,2,1
2015-10-04,Schalke 04,1. FC Köln,0,3
2015-10-04,Bayern Munich,Borussia Dortmund,5,1
2015-10-04,Bayer Leverkusen,Augsburg,1,1
2015-10-05,MSV Duisburg,SC Paderborn,1,0
2015-10-16,SC Paderborn,Eintracht Braunschweig,2,0
2015-10-16,Fortuna Düsseldorf,Arminia Bielefeld,1,0
2015-10-16,SV Sandhausen,1. FC Kaiserslautern,1,0
2015-10-16,1. FSV Mainz 05,Borussia Dortmund,0,2
2015-10-17,1. FC Nürnberg,FSV Frankfurt,1,1
2015-10-17,Union Berlin,FC St. Pauli,3,3
2015-10-17,Schalke 04,Hertha Berlin,2,1
2015-10-17,Wolfsburg,TSG Hoffenheim,4,2
2015-10-17,Hamburger SV,Bayer Leverkusen,0,0
2015-10-17,Augsburg,SV Darmstadt 98,0,2
2015-10-17,Werder Bremen,Bayern Munich,0,1
2015-10-17,Eintracht Frankfurt,Borussia Mönchengladbach,1,5
2015-10-18,SC Freiburg,Greuther Fürth,5,2
2015-10-18,VfL Bochum,RB Leipzig,0,1
2015-10-18,1. FC Heidenheim,MSV Duisburg,1,0
2015-10-18,1. FC Köln,Hannover 96,0,1
2015-10-18,VfB Stuttgart,FC Ingolstadt 04,1,0
2015-10-19,TSV 1860 München,Karlsruher SC,0,1
2015-10-20,BATE Borisov,Barcelona,0,2
2015-10-20,Bayer Leverkusen,AS Roma,4,4
2015-10-20,Arsenal,Bayern Munich,2,0
2015-10-20,Dinamo Zagreb,Olympiacos,0,1
2015-10-20,Porto,Maccabi Tel Aviv,2,0
2015-10-20,Dynamo Kyiv,Chelsea,0,0
2015-10-20,Valencia,Gent,2,1
2015-10-20,Zenit,Lyon,3,1
2015-10-21,Paris Saint Germain,Real Madrid,0,0
2015-10-21,Malmo FF,Shakhtar Donetsk,1,0
2015-10-21,CSKA Moscow,Manchester United,1,1
2015-10-21,Wolfsburg,PSV Eindhoven,2,0
2015-10-21,Galatasaray,Benfica,2,1
2015-10-21,Atlético Madrid,Astana,4,0
2015-10-21,Manchester City,Sevilla,2,1
2015-10-21,Juventus,Borussia Mönchengladbach,0,0
2015-10-23,RB Leipzig,Fortuna Düsseldorf,2,1
2015-10-23,Greuther Fürth,TSV 1860 München,1,0
2015-10-23,FSV Frankfurt,VfL Bochum,3,2
2015-10-23,TSG Hoffenheim,Hamburger SV,0,1
2015-10-24,Karlsruher SC,1. FC Kaiserslautern,2,0
2015-10-24,Union Berlin,SC Paderborn,0,2
2015-10-24,MSV Duisburg,1. FC Nürnberg,0,0
2015-10-24,Bayern Munich,1. FC Köln,4,0
2015-10-24,Bayer Leverkusen,VfB Stuttgart,4,3
2015-10-24,Hannover 96,Eintracht Frankfurt,1,2
2015-10-24,1. FSV Mainz 05,Werder Bremen,1,3
2015-10-24,SV Darmstadt 98,Wolfsburg,0,1
2015-10-24,FC Ingolstadt 04,Hertha Berlin,0,1
2015-10-25,Eintracht Braunschweig,1. FC Heidenheim,1,0
2015-10-25,FC St. Pauli,SC Freiburg,1,0
2015-10-25,Arminia Bielefeld,SV Sandhausen,0,0
2015-10-25,Borussia Dortmund,Augsburg,5,1
2015-10-25,Borussia Mönchengladbach,Schalke 04,3,1
2015-10-30,1. FC Kaiserslautern,Arminia Bielefeld,0,2
2015-10-30,Fortuna Düsseldorf,Greuther Fürth,1,0
2015-10-30,VfL Bochum,FC St. Pauli,1,1
2015-10-30,Eintracht Frankfurt,Bayern Munich,0,0
2015-10-31,1. FC Heidenheim,Union Berlin,0,2
2015-10-31,SC Paderborn,FSV Frankfurt,1,1
2015-10-31,Schalke 04,FC Ingolstadt 04,1,1
2015-10-31,Augsburg,1. FSV Mainz 05,3,3
2015-10-31,Werder Bremen,Borussia Dortmund,1,3
2015-10-31,1. FC Köln,TSG Hoffenheim,0,0
2015-10-31,Hertha Berlin,Borussia Mönchengladbach,1,4
2015-10-31,Wolfsburg,Bayer Leverkusen,2,1
2015-11-01,SV Sandhausen,RB Leipzig,1,2
2015-11-01,SC Freiburg,Eintracht Braunschweig,2,2
2015-11-01,TSV 1860 München,MSV Duisburg,1,0
2015-11-01,VfB Stuttgart,SV Darmstadt 98,2,0
2015-11-01,Hamburger SV,Hannover 96,1,2
2015-11-02,1. FC Nürnberg,Karlsruher SC,0,0
2015-11-03,Real Madrid,Paris Saint Germain,1,0
2015-11-03,Shakhtar Donetsk,Malmo FF,4,0
2015-11-03,PSV Eindhoven,Wolfsburg,2,0
2015-11-03,Manchester United,CSKA Moscow,1,0
2015-11-03,Astana,Atlético Madrid,0,0
2015-11-03,Benfica,Galatasaray,2,1
2015-11-03,Borussia Mönchengladbach,Juventus,1,1
2015-11-03,Sevilla,Manchester City,1,3
2015-11-04,AS Roma,Bayer Leverkusen,3,2
2015-11-04,Barcelona,BATE Borisov,3,0
2015-11-04,Bayern Munich,Arsenal,5,1
2015-11-04,Olympiacos,Dinamo Zagreb,2,1
2015-11-04,Chelsea,Dynamo Kyiv,2,1
2015-11-04,Maccabi Tel Aviv,Porto,1,3
2015-11-04,Lyon,Zenit,0,2
2015-11-04,Gent,Valencia,1,0
2015-11-06,FSV Frankfurt,SV Sandhausen,0,1
2015-11-06,Karlsruher SC,VfL Bochum,3,0
2015-11-06,Greuther Fürth,Arminia Bielefeld,0,0
2015-11-06,Hannover 96,Hertha Berlin,1,3
2015-11-07,Union Berlin,1. FC Nürnberg,3,3
2015-11-07,MSV Duisburg,SC Freiburg,1,1
2015-11-07,Bayern Munich,VfB Stuttgart,4,0
2015-11-07,Bayer Leverkusen,1. FC Köln,1,2
2015-11-07,Borussia Mönchengladbach,FC Ingolstadt 04,0,0
2015-11-07,TSG Hoffenheim,Eintracht Frankfurt,0,0
2015-11-07,1. FSV Mainz 05,Wolfsburg,2,0
2015-11-07,SV Darmstadt 98,Hamburger SV,1,1
2015-11-08,Eintracht Braunschweig,TSV 1860 München,0,0
2015-11-08,RB Leipzig,1. FC Kaiserslautern,0,2
2015-11-08,SC Paderborn,1. FC Heidenheim,1,1
2015-11-08,Borussia Dortmund,Schalke 04,3,2
2015-11-08,Augsburg,Werder Bremen,1,2
2015-11-09,FC St. Pauli,Fortuna Düsseldorf,4,0
2015-11-20,Fortuna Düsseldorf,MSV Duisburg,1,1
2015-11-20,SV Sandhausen,Karlsruher SC,3,1
2015-11-20,VfL Bochum,Union Berlin,1,1
2015-11-20,Hamburger SV,Borussia Dortmund,3,1
2015-11-21,Arminia Bielefeld,RB Leipzig,0,1
2015-11-21,TSV 1860 München,FC St. Pauli,2,0
2015-11-21,Borussia Mönchengladbach,Hannover 96,2,1
2015-11-21,Wolfsburg,Werder Bremen,6,0
2015-11-21,VfB Stuttgart,Augsburg,0,4
2015-11-21,Eintracht Frankfurt,Bayer Leverkusen,1,3
2015-11-21,1. FC Köln,1. FSV Mainz 05,0,0
2015-11-21,Schalke 04,Bayern Munich,1,3
2015-11-22,1. FC Heidenheim,Greuther Fürth,1,2
2015-11-22,1. FC Kaiserslautern,FSV Frankfurt,1,1
2015-11-22,SC Freiburg,SC Paderborn,4,1
2015-11-22,Hertha Berlin,TSG Hoffenheim,1,0
2015-11-22,FC Ingolstadt 04,SV Darmstadt 98,3,1
2015-11-23,1. FC Nürnberg,Eintracht Braunschweig,2,1
2015-11-24,BATE Borisov,Bayer Leverkusen,1,1
2015-11-24,Barcelona,AS Roma,6,1
2015-11-24,Bayern Munich,Olympiacos,4,0
2015-11-24,Arsenal,Dinamo Zagreb,3,0
2015-11-24,Maccabi Tel Aviv,Chelsea,0,4
2015-11-24,Porto,Dynamo Kyiv,0,2
2015-11-24,Zenit,Valencia,2,0
2015-11-24,Lyon,Gent,1,2
2015-11-25,Malmo FF,Paris Saint Germain,0,5
2015-11-25,Shakhtar Donetsk,Real Madrid,3,4
2015-11-25,CSKA Moscow,Wolfsburg,0,2
2015-11-25,Manchester United,PSV Eindhoven,0,0
2015-11-25,Astana,Benfica,2,2
2015-11-25,Atlético Madrid,Galatasaray,2,0
2015-11-25,Juventus,Manchester City,1,0
2015-11-25,Borussia Mönchengladbach,Sevilla,4,2
2015-11-27,1. FC Heidenheim,SC Freiburg,1,2
2015-11-27,Eintracht Braunschweig,VfL Bochum,1,0
2015-11-27,Greuther Fürth,1. FC Kaiserslautern,2,4
2015-11-27,SV Darmstadt 98,1. FC Köln,0,0
2015-11-28,Union Berlin,Arminia Bielefeld,1,1
2015-11-28,SC Paderborn,TSV 1860 München,4,4
2015-11-28,Bayern Munich,Hertha Berlin,2,0
2015-11-28,Werder Bremen,Hamburger SV,1,3
2015-11-28,Hannover 96,FC Ingolstadt 04,4,0
2015-11-28,TSG Hoffenheim,Borussia Mönchengladbach,3,3
2015-11-28,1. FSV Mainz 05,Eintracht Frankfurt,2,1
2015-11-29,FC St. Pauli,1. FC Nürnberg,0,4
2015-11-29,FSV Frankfurt,Fortuna Düsseldorf,1,2
2015-11-29,MSV Duisburg,SV Sandhausen,3,0
2015-11-29,Borussia Dortmund,VfB Stuttgart,4,1
2015-11-29,Bayer Leverkusen,Schalke 04,1,1
2015-11-29,Augsburg,Wolfsburg,0,0
2015-11-30,Karlsruher SC,RB Leipzig,0,1
2015-12-04,1. FC Nürnberg,SC Paderborn,2,1
2015-12-04,SV Sandhausen,Greuther Fürth,1,1
2015-12-04,TSV 1860 München,FSV Frankfurt,0,1
2015-12-04,Schalke 04,Hannover 96,3,1
2015-12-05,Arminia Bielefeld,Karlsruher SC,2,1
2015-12-05,SC Freiburg,Union Berlin,3,0
2015-12-05,Borussia Mönchengladbach,Bayern Munich,3,1
2015-12-05,Hamburger SV,1. FSV Mainz 05,1,3
2015-12-05,1. FC Köln,Augsburg,0,1
2015-12-05,Hertha Berlin,Bayer Leverkusen,2,1
2015-12-05,FC Ingolstadt 04,TSG Hoffenheim,1,1
2015-12-05,Wolfsburg,Borussia Dortmund,1,2
2015-12-06,1. FC Kaiserslautern,FC St. Pauli,1,2
2015-12-06,RB Leipzig,MSV Duisburg,4,2
2015-12-06,VfL Bochum,1. FC Heidenheim,1,1
2015-12-06,VfB Stuttgart,Werder Bremen,1,1
2015-12-06,Eintracht Frankfurt,SV Darmstadt 98,0,1
2015-12-07,Fortuna Düsseldorf,Eintracht Braunschweig,1,0
2015-12-08,Paris Saint Germain,Shakhtar Donetsk,2,0
2015-12-08,Real Madrid,Malmo FF,8,0
2015-12-08,Wolfsburg,Manchester United,3,2
2015-12-08,PSV Eindhoven,CSKA Moscow,2,1
2015-12-08,Galatasaray,Astana,1,1
2015-12-08,Benfica,Atlético Madrid,1,2
2015-12-08,Manchester City,Borussia Mönchengladbach,4,2
2015-12-08,Sevilla,Juventus,1,0
2015-12-09,Bayer Leverkusen,Barcelona,1,1
2015-12-09,AS Roma,BATE Borisov,0,0
2015-12-09,Dinamo Zagreb,Bayern Munich,0,2
2015-12-09,Olympiacos,Arsenal,0,3
2015-12-09,Chelsea,Porto,2,0
2015-12-09,Dynamo Kyiv,Maccabi Tel Aviv,1,0
2015-12-09,Valencia,Lyon,0,2
2015-12-09,Gent,Zenit,2,1
2015-12-11,SV Sandhausen,Eintracht Braunschweig,0,2
2015-12-11,TSV 1860 München,1. FC Heidenheim,1,3
2015-12-11,VfL Bochum,SC Paderborn,4,0
2015-12-11,1. FSV Mainz 05,VfB Stuttgart,0,0
2015-12-12,Fortuna Düsseldorf,Union Berlin,0,3
2015-12-12,Karlsruher SC,Greuther Fürth,1,0
2015-12-12,Bayern Munich,FC Ingolstadt 04,2,0
2015-12-12,Wolfsburg,Hamburger SV,1,1
2015-12-12,Werder Bremen,1. FC Köln,1,1
2015-12-12,TSG Hoffenheim,Hannover 96,1,0
2015-12-12,SV Darmstadt 98,Hertha Berlin,0,4
2015-12-12,Bayer Leverkusen,Borussia Mönchengladbach,5,0
2015-12-13,1. FC Kaiserslautern,MSV Duisburg,2,0
2015-12-13,1. FC Nürnberg,SC Freiburg,2,1
2015-12-13,RB Leipzig,FSV Frankfurt,3,1
2015-12-13,Augsburg,Schalke 04,2,1
2015-12-13,Borussia Dortmund,Eintracht Frankfurt,4,1
2015-12-14,Arminia Bielefeld,FC St. Pauli,0,0
2015-12-18,Union Berlin,SV Sandhausen,1,0
2015-12-18,FC St. Pauli,Karlsruher SC,1,2
2015-12-18,FSV Frankfurt,Arminia Bielefeld,1,2
2015-12-18,Schalke 04,TSG Hoffenheim,1,0
2015-12-19,1. FC Heidenheim,1. FC Nürnberg,0,3
2015-12-19,Greuther Fürth,RB Leipzig,1,2
2015-12-19,Hamburger SV,Augsburg,0,1
2015-12-19,Eintracht Frankfurt,Werder Bremen,2,1
2015-12-19,1. FC Köln,Borussia Dortmund,2,1
2015-12-19,Hannover 96,Bayern Munich,0,1
2015-12-19,FC Ingolstadt 04,Bayer Leverkusen,0,1
2015-12-19,VfB Stuttgart,Wolfsburg,3,1
2015-12-20,Eintracht Braunschweig,1. FC Kaiserslautern,1,1
2015-12-20,MSV Duisburg,VfL Bochum,0,0
2015-12-20,SC Freiburg,TSV 1860 München,3,0
2015-12-20,Hertha Berlin,1. FSV Mainz 05,2,0
2015-12-20,Borussia Mönchengladbach,SV Darmstadt 98,3,2
2015-12-21,SC Paderborn,Fortuna Düsseldorf,0,0
2016-01-22,Hamburger SV,Bayern Munich,1,2
2016-01-23,Hannover 96,SV Darmstadt 98,1,2
2016-01-23,TSG Hoffenheim,Bayer Leverkusen,1,1
2016-01-23,1. FC Köln,VfB Stuttgart,1,3
2016-01-23,Hertha Berlin,Augsburg,0,0
2016-01-23,FC Ingolstadt 04,1. FSV Mainz 05,1,0
2016-01-23,Borussia Mönchengladbach,Borussia Dortmund,1,3
2016-01-24,Eintracht Frankfurt,Wolfsburg,3,2
2016-01-24,Schalke 04,Werder Bremen,1,3
2016-01-29,1. FSV Mainz 05,Borussia Mönchengladbach,1,0
2016-01-30,SV Darmstadt 98,Schalke 04,0,2
2016-01-30,Borussia Dortmund,FC Ingolstadt 04,2,0
2016-01-30,Augsburg,Eintracht Frankfurt,0,0
2016-01-30,Bayer Leverkusen,Hannover 96,3,0
2016-01-30,Werder Bremen,Hertha Berlin,3,3
2016-01-30,VfB Stuttgart,Hamburger SV,2,1
2016-01-31,Wolfsburg,1. FC Köln,1,1
2016-01-31,Bayern Munich,TSG Hoffenheim,2,0
2016-02-05,1. FC Kaiserslautern,Union Berlin,2,2
2016-02-05,SV Sandhausen,SC Paderborn,1,0
2016-02-05,VfL Bochum,SC Freiburg,2,0
2016-02-05,Borussia Mönchengladbach,Werder Bremen,5,1
2016-02-06,Fortuna Düsseldorf,1. FC Heidenheim,0,1
2016-02-06,TSV 1860 München,1. FC Nürnberg,0,1
2016-02-06,Hannover 96,1. FSV Mainz 05,0,1
2016-02-06,Hertha Berlin,Borussia Dortmund,0,0
2016-02-06,Schalke 04,Wolfsburg,3,0
2016-02-06,Eintracht Frankfurt,VfB Stuttgart,2,4
2016-02-06,FC Ingolstadt 04,Augsburg,2,1
2016-02-06,Bayer Leverkusen,Bayern Munich,0,0
2016-02-07,Karlsruher SC,FSV Frankfurt,1,1
2016-02-07,RB Leipzig,Eintracht Braunschweig,2,0
2016-02-07,Greuther Fürth,FC St. Pauli,0,2
2016-02-07,Hamburger SV,1. FC Köln,1,1
2016-02-07,TSG Hoffenheim,SV Darmstadt 98,0,2
2016-02-08,Arminia Bielefeld,MSV Duisburg,2,1
2016-02-12,FC St. Pauli,RB Leipzig,1,0
2016-02-12,FSV Frankfurt,Greuther Fürth,1,2
2016-02-12,SC Paderborn,1. FC Kaiserslautern,0,4
2016-02-12,1. FSV Mainz 05,Schalke 04,2,1
2016-02-13,1. FC Heidenheim,SV Sandhausen,1,1
2016-02-13,MSV Duisburg,Karlsruher SC,0,1
2016-02-13,Borussia Dortmund,Hannover 96,1,0
2016-02-13,VfB Stuttgart,Hertha Berlin,2,0
2016-02-13,Werder Bremen,TSG Hoffenheim,1,1
2016-02-13,Wolfsburg,FC Ingolstadt 04,2,0
2016-02-13,SV Darmstadt 98,Bayer Leverkusen,1,2
2016-02-13,1. FC Köln,Eintracht Frankfurt,3,1
2016-02-14,Union Berlin,TSV 1860 München,3,0
2016-02-14,Eintracht Braunschweig,Arminia Bielefeld,1,0
2016-02-14,SC Freiburg,Fortuna Düsseldorf,1,2
2016-02-14,Hamburger SV,Borussia Mönchengladbach,3,2
2016-02-14,Augsburg,Bayern Munich,1,3
2016-02-15,1. FC Nürnberg,VfL Bochum,1,1
2016-02-16,Paris Saint Germain,Chelsea,2,1
2016-02-16,Benfica,Zenit,1,0
2016-02-17,Gent,Wolfsburg,2,3
2016-02-17,AS Roma,Real Madrid,0,2
2016-02-19,FC St. Pauli,FSV Frankfurt,1,3
2016-02-19,RB Leipzig,Union Berlin,3,0
2016-02-19,Greuther Fürth,MSV Duisburg,1,1
2016-02-19,Eintracht Frankfurt,Hamburger SV,0,0
2016-02-20,1. FC Kaiserslautern,1. FC Heidenheim,2,2
2016-02-20,Karlsruher SC,Eintracht Braunschweig,2,2
2016-02-20,FC Ingolstadt 04,Werder Bremen,2,0
2016-02-20,Borussia Mönchengladbach,1. FC Köln,1,0
2016-02-20,TSG Hoffenheim,1. FSV Mainz 05,3,2
2016-02-20,Bayern Munich,SV Darmstadt 98,3,1
2016-02-20,Hertha Berlin,Wolfsburg,1,1
2016-02-21,Arminia Bielefeld,SC Paderborn,1,1
2016-02-21,SV Sandhausen,SC Freiburg,0,2
2016-02-21,TSV 1860 München,VfL Bochum,1,1
2016-02-21,Bayer Leverkusen,Borussia Dortmund,0,1
2016-02-21,Hannover 96,Augsburg,0,1
2016-02-21,Schalke 04,VfB Stuttgart,1,1
2016-02-22,Fortuna Düsseldorf,1. FC Nürnberg,1,1
2016-02-23,Arsenal,Barcelona,0,2
2016-02-23,Juventus,Bayern Munich,2,2
2016-02-24,PSV Eindhoven,Atlético Madrid,0,0
2016-02-24,Dynamo Kyiv,Manchester City,1,3
2016-02-26,1. FC Nürnberg,Greuther Fürth,2,1
2016-02-26,Union Berlin,Karlsruher SC,2,1
2016-02-26,SC Paderborn,RB Leipzig,0,1
2016-02-26,1. FC Köln,Hertha Berlin,0,1
2016-02-27,SC Freiburg,1. FC Kaiserslautern,2,0
2016-02-27,TSV 1860 München,Fortuna Düsseldorf,3,2
2016-02-27,VfL Bochum,SV Sandhausen,3,2
2016-02-27,VfB Stuttgart,Hannover 96,1,2
2016-02-27,Hamburger SV,FC Ingolstadt 04,1,1
2016-02-27,Wolfsburg,Bayern Munich,0,2
2016-02-27,Werder Bremen,SV Darmstadt 98,2,2
2016-02-28,1. FC Heidenheim,Arminia Bielefeld,3,2
2016-02-28,Eintracht Braunschweig,FSV Frankfurt,0,0
2016-02-28,MSV Duisburg,FC St. Pauli,0,2
2016-02-28,Augsburg,Borussia Mönchengladbach,2,2
2016-02-28,Borussia Dortmund,TSG Hoffenheim,3,1
2016-02-28,1. FSV Mainz 05,Bayer Leverkusen,3,1
2016-02-28,Eintracht Frankfurt,Schalke 04,0,0
2016-03-01,1. FC Kaiserslautern,TSV 1860 München,0,1
2016-03-01,Fortuna Düsseldorf,VfL Bochum,1,3
2016-03-01,Karlsruher SC,SC Paderborn,0,0
2016-03-01,SV Sandhausen,1. FC Nürnberg,0,2
2016-03-01,Greuther Fürth,Union Berlin,2,0
2016-03-01,FC Ingolstadt 04,1. FC Köln,1,1
2016-03-01,Hannover 96,Wolfsburg,0,4
2016-03-02,Arminia Bielefeld,SC Freiburg,1,4
2016-03-02,FSV Frankfurt,MSV Duisburg,3,3
2016-03-02,RB Leipzig,1. FC Heidenheim,3,1
2016-03-02,Schalke 04,Hamburger SV,3,2
2016-03-02,Borussia Mönchengladbach,VfB Stuttgart,4,0
2016-03-02,TSG Hoffenheim,Augsburg,2,1
2016-03-02,Bayer Leverkusen,Werder Bremen,1,4
2016-03-02,Hertha Berlin,Eintracht Frankfurt,2,0
2016-03-02,SV Darmstadt 98,Borussia Dortmund,0,2
2016-03-02,Bayern Munich,1. FSV Mainz 05,1,2
2016-03-03,FC St. Pauli,Eintracht Braunschweig,1,0
2016-03-04,Fortuna Düsseldorf,Karlsruher SC,0,1
2016-03-04,TSV 1860 München,SV Sandhausen,3,2
2016-03-04,1. FC Nürnberg,1. FC Kaiserslautern,2,1
2016-03-05,SC Paderborn,Greuther Fürth,1,1
2016-03-05,Union Berlin,FSV Frankfurt,4,0
2016-03-05,1. FC Köln,Schalke 04,1,3
2016-03-05,Augsburg,Bayer Leverkusen,3,3
2016-03-05,Wolfsburg,Borussia Mönchengladbach,2,1
2016-03-05,Werder Bremen,Hannover 96,4,1
2016-03-05,VfB Stuttgart,TSG Hoffenheim,5,1
2016-03-05,Eintracht Frankfurt,FC Ingolstadt 04,1,1
2016-03-05,Borussia Dortmund,Bayern Munich,0,0
2016-03-06,Eintracht Braunschweig,MSV Duisburg,1,1
2016-03-06,VfL Bochum,Arminia Bielefeld,2,2
2016-03-06,1. FC Heidenheim,FC St. Pauli,2,0
2016-03-06,1. FSV Mainz 05,SV Darmstadt 98,0,0
2016-03-06,Hamburger SV,Hertha Berlin,2,0
2016-03-07,SC Freiburg,RB Leipzig,2,1
2016-03-08,Wolfsburg,Gent,1,0
2016-03-08,Real Madrid,AS Roma,2,0
2016-03-09,Zenit,Benfica,1,2
2016-03-09,Chelsea,Paris Saint Germain,1,2
2016-03-11,Greuther Fürth,Eintracht Braunschweig,3,0
2016-03-11,FC St. Pauli,SC Paderborn,3,4
2016-03-11,Arminia Bielefeld,1. FC Nürnberg,0,4
2016-03-11,Hertha Berlin,Schalke 04,2,0
2016-03-12,SV Sandhausen,Fortuna Düsseldorf,1,0
2016-03-12,MSV Duisburg,Union Berlin,2,1
2016-03-12,TSG Hoffenheim,Wolfsburg,1,0
2016-03-12,FC Ingolstadt 04,VfB Stuttgart,3,3
2016-03-12,SV Darmstadt 98,Augsburg,2,2
2016-03-12,Borussia Mönchengladbach,Eintracht Frankfurt,3,0
2016-03-12,Hannover 96,1. FC Köln,0,2
2016-03-12,Bayern Munich,Werder Bremen,5,0
2016-03-13,Karlsruher SC,1. FC Heidenheim,0,0
2016-03-13,RB Leipzig,TSV 1860 München,2,1
2016-03-13,FSV Frankfurt,SC Freiburg,1,3
2016-03-13,Bayer Leverkusen,Hamburger SV,1,0
2016-03-13,Borussia Dortmund,1. FSV Mainz 05,2,0
2016-03-14,1. FC Kaiserslautern,VfL Bochum,0,2
2016-03-15,Atlético Madrid,PSV Eindhoven,0,0
2016-03-15,Manchester City,Dynamo Kyiv,0,0
2016-03-16,Barcelona,Arsenal,3,1
2016-03-16,Bayern Munich,Juventus,4,2
2016-03-18,SC Paderborn,MSV Duisburg,0,0
2016-03-18,Union Berlin,Eintracht Braunschweig,3,1
2016-03-18,1. FC Heidenheim,FSV Frankfurt,2,2
2016-03-18,Schalke 04,Borussia Mönchengladbach,2,1
2016-03-19,Fortuna Düsseldorf,1. FC Kaiserslautern,4,3
2016-03-19,SV Sandhausen,FC St. Pauli,0,2
2016-03-19,Hertha Berlin,FC Ingolstadt 04,2,1
2016-03-19,1. FC Köln,Bayern Munich,0,1
2016-03-19,Wolfsburg,SV Darmstadt 98,1,1
2016-03-19,Hamburger SV,TSG Hoffenheim,1,3
2016-03-19,Werder Bremen,1. FSV Mainz 05,1,1
2016-03-19,Eintracht Frankfurt,Hannover 96,1,0
2016-03-20,1. FC Nürnberg,RB Leipzig,3,1
2016-03-20,VfL Bochum,Greuther Fürth,2,2
2016-03-20,TSV 1860 München,Arminia Bielefeld,1,1
2016-03-20,VfB Stuttgart,Bayer Leverkusen,0,2
2016-03-20,Augsburg,Borussia Dortmund,1,3
2016-03-21,SC Freiburg,Karlsruher SC,1,0
2016-04-01,Eintracht Braunschweig,SC Paderborn,2,1
2016-04-01,FC St. Pauli,Union Berlin,0,0
2016-04-01,MSV Duisburg,1. FC Heidenheim,0,2
2016-04-01,Bayer Leverkusen,Wolfsburg,3,0
2016-04-02,RB Leipzig,VfL Bochum,3,1
2016-04-02,Arminia Bielefeld,Fortuna Düsseldorf,0,0
2016-04-02,Bayern Munich,Eintracht Frankfurt,1,0
2016-04-02,FC Ingolstadt 04,Schalke 04,3,0
2016-04-02,Hannover 96,Hamburger SV,0,3
2016-04-02,SV Darmstadt 98,VfB Stuttgart,2,2
2016-04-02,1. FSV Mainz 05,Augsburg,4,2
2016-04-02,Borussia Dortmund,Werder Bremen,3,2
2016-04-03,Karlsruher SC,TSV 1860 München,3,1
2016-04-03,1. FC Kaiserslautern,SV Sandhausen,2,0
2016-04-03,FSV Frankfurt,1. FC Nürnberg,0,3
2016-04-03,Borussia Mönchengladbach,Hertha Berlin,5,0
2016-04-03,TSG Hoffenheim,1. FC Köln,1,1
2016-04-04,Greuther Fürth,SC Freiburg,2,3
2016-04-05,Bayern Munich,Benfica,1,0
2016-04-05,Barcelona,Atlético Madrid,2,1
2016-04-06,Wolfsburg,Real Madrid,2,0
2016-04-06,Paris Saint Germain,Manchester City,2,2
2016-04-08,1. FC Heidenheim,Eintracht Braunschweig,2,2
2016-04-08,SC Paderborn,Union Berlin,0,4
2016-04-08,TSV 1860 München,Greuther Fürth,0,1
2016-04-08,Hertha Berlin,Hannover 96,2,2
2016-04-09,SV Sandhausen,Arminia Bielefeld,1,4
2016-04-09,VfL Bochum,FSV Frankfurt,4,1
2016-04-09,Eintracht Frankfurt,TSG Hoffenheim,0,2
2016-04-09,VfB Stuttgart,Bayern Munich,1,3
2016-04-09,Hamburger SV,SV Darmstadt 98,1,2
2016-04-09,FC Ingolstadt 04,Borussia Mönchengladbach,1,0
2016-04-09,Werder Bremen,Augsburg,1,2
2016-04-09,Wolfsburg,1. FSV Mainz 05,1,1
2016-04-10,1. FC Kaiserslautern,Karlsruher SC,0,0
2016-04-10,1. FC Nürnberg,MSV Duisburg,1,2
2016-04-10,SC Freiburg,FC St. Pauli,4,3
2016-04-10,Schalke 04,Borussia Dortmund,2,2
2016-04-10,1. FC Köln,Bayer Leverkusen,0,2
2016-04-11,Fortuna Düsseldorf,RB Leipzig,1,3
2016-04-12,Real Madrid,Wolfsburg,3,0
2016-04-12,Manchester City,Paris Saint Germain,1,0
2016-04-13,Benfica,Bayern Munich,2,2
2016-04-13,Atlético Madrid,Barcelona,2,0
2016-04-15,FSV Frankfurt,SC Paderborn,0,2
2016-04-15,MSV Duisburg,TSV 1860 München,2,1
2016-04-15,RB Leipzig,SV Sandhausen,0,1
2016-04-15,Hannover 96,Borussia Mönchengladbach,2,0
2016-04-16,FC St. Pauli,VfL Bochum,2,0
2016-04-16,Karlsruher SC,1. FC Nürnberg,2,1
2016-04-16,Augsburg,VfB Stuttgart,1,0
2016-04-16,Bayer Leverkusen,Eintracht Frankfurt,3,0
2016-04-16,TSG Hoffenheim,Hertha Berlin,2,1
2016-04-16,SV Darmstadt 98,FC Ingolstadt 04,2,0
2016-04-16,Werder Bremen,Wolfsburg,3,2
2016-04-16,Bayern Munich,Schalke 04,3,0
2016-04-17,Union Berlin,1. FC Heidenheim,1,0
2016-04-17,Arminia Bielefeld,1. FC Kaiserslautern,0,1
2016-04-17,Greuther Fürth,Fortuna Düsseldorf,3,1
2016-04-17,Borussia Dortmund,Hamburger SV,3,0
2016-04-17,1. FSV Mainz 05,1. FC Köln,2,3
2016-04-18,Eintracht Braunschweig,SC Freiburg,2,2
2016-04-22,Fortuna Düsseldorf,FC St. Pauli,1,1
2016-04-22,SC Freiburg,MSV Duisburg,3,0
2016-04-22,VfL Bochum,Karlsruher SC,1,1
2016-04-22,Hamburger SV,Werder Bremen,2,1
2016-04-23,1. FC Heidenheim,SC Paderborn,1,1
2016-04-23,1. FC Nürnberg,Union Berlin,6,2
2016-04-23,Wolfsburg,Augsburg,0,2
2016-04-23,FC Ingolstadt 04,Hannover 96,2,2
2016-04-23,Hertha Berlin,Bayern Munich,0,2
2016-04-23,1. FC Köln,SV Darmstadt 98,4,1
2016-04-23,VfB Stuttgart,Borussia Dortmund,0,3
2016-04-23,Schalke 04,Bayer Leverkusen,2,3
2016-04-24,Arminia Bielefeld,Greuther Fürth,4,2
2016-04-24,SV Sandhausen,FSV Frankfurt,1,0
2016-04-24,TSV 1860 München,Eintracht Braunschweig,1,0
2016-04-24,Borussia Mönchengladbach,TSG Hoffenheim,3,1
2016-04-24,Eintracht Frankfurt,1. FSV Mainz 05,2,1
2016-04-25,1. FC Kaiserslautern,RB Leipzig,1,1
2016-04-26,Manchester City,Real Madrid,0,0
2016-04-27,Atlético Madrid,Bayern Munich,1,0
2016-04-29,Union Berlin,VfL Bochum,1,0
2016-04-29,FC St. Pauli,TSV 1860 München,0,2
2016-04-29,FSV Frankfurt,1. FC Kaiserslautern,1,4
2016-04-29,MSV Duisburg,Fortuna Düsseldorf,2,1
2016-04-29,RB Leipzig,Arminia Bielefeld,1,1
2016-04-29,SC Paderborn,SC Freiburg,1,2
2016-04-29,Augsburg,1. FC Köln,0,0
2016-04-30,Eintracht Braunschweig,1. FC Nürnberg,3,1
2016-04-30,Greuther Fürth,1. FC Heidenheim,0,2
2016-04-30,Borussia Dortmund,Wolfsburg,5,1
2016-04-30,1. FSV Mainz 05,Hamburger SV,0,0
2016-04-30,SV Darmstadt 98,Eintracht Frankfurt,1,2
2016-04-30,Hannover 96,Schalke 04,1,3
2016-04-30,TSG Hoffenheim,FC Ingolstadt 04,2,1
2016-04-30,Bayern Munich,Borussia Mönchengladbach,1,1
2016-04-30,Bayer Leverkusen,Hertha Berlin,2,1
2016-05-02,Karlsruher SC,SV Sandhausen,3,0
2016-05-02,Werder Bremen,VfB Stuttgart,6,2
2016-05-03,Bayern Munich,Atlético Madrid,2,1
2016-05-04,Real Madrid,Manchester City,1,0
2016-05-07,Eintracht Frankfurt,Borussia Dortmund,1,0
2016-05-07,Borussia Mönchengladbach,Bayer Leverkusen,2,1
2016-05-07,Hamburger SV,Wolfsburg,0,1
2016-05-07,Schalke 04,Augsburg,1,1
2016-05-07,1. FC Köln,Werder Bremen,0,0
2016-05-07,Hannover 96,TSG Hoffenheim,1,0
2016-05-07,VfB Stuttgart,1. FSV Mainz 05,1,3
2016-05-07,FC Ingolstadt 04,Bayern Munich,1,2
2016-05-07,Hertha Berlin,SV Darmstadt 98,1,2
2016-05-08,Arminia Bielefeld,Union Berlin,2,0
2016-05-08,Fortuna Düsseldorf,FSV Frankfurt,1,0
2016-05-08,RB Leipzig,Karlsruher SC,2,0
2016-05-08,SV Sandhausen,MSV Duisburg,2,2
2016-05-08,SC Freiburg,1. FC Heidenheim,2,0
2016-05-08,TSV 1860 München,SC Paderborn,1,0
2016-05-08,VfL Bochum,Eintracht Braunschweig,2,3
2016-05-08,1. FC Kaiserslautern,Greuther Fürth,3,1
2016-05-08,1. FC Nürnberg,FC St. Pauli,1,0
2016-05-14,TSG Hoffenheim,Schalke 04,1,4
2016-05-14,Bayer Leverkusen,FC Ingolstadt 04,3,2
2016-05-14,SV Darmstadt 98,Borussia Mönchengladbach,0,2
2016-05-14,Augsburg,Hamburger SV,1,3
2016-05-14,Wolfsburg,VfB Stuttgart,3,1
2016-05-14,Werder Bremen,Eintracht Frankfurt,1,0
2016-05-14,Borussia Dortmund,1. FC Köln,2,2
2016-05-14,Bayern Munich,Hannover 96,3,1
2016-05-14,1. FSV Mainz 05,Hertha Berlin,0,0
2016-05-15,1. FC Heidenheim,VfL Bochum,2,4
2016-05-15,Union Berlin,SC Freiburg,2,1
2016-05-15,Eintracht Braunschweig,Fortuna Düsseldorf,0,2
2016-05-15,FC St. Pauli,1. FC Kaiserslautern,5,2
2016-05-15,FSV Frankfurt,TSV 1860 München,2,1
2016-05-15,Karlsruher SC,Arminia Bielefeld,1,1
2016-05-15,MSV Duisburg,RB Leipzig,1,0
2016-05-15,SC Paderborn,1. FC Nürnberg,0,1
2016-05-15,Greuther Fürth,SV Sandhausen,3,1
2016-05-28,Real Madrid,Atlético Madrid,1,1
2016-08-05,1. FC Kaiserslautern,Hannover 96,0,4
2016-08-06,VfL Bochum,Union Berlin,2,1
2016-08-06,SV Sandhausen,Fortuna Düsseldorf,2,2
2016-08-06,Dynamo Dresden,1. FC Nürnberg,1,1
2016-08-07,Greuther Fürth,TSV 1860 München,1,0
2016-08-07,Eintracht Braunschweig,Würzburger Kickers,2,1
2016-08-07,1. FC Heidenheim,FC Erzgebirge Aue,1,0
2016-08-07,Arminia Bielefeld,Karlsruher SC,0,0
2016-08-08,VfB Stuttgart,FC St. Pauli,2,1
2016-08-12,1. FC Nürnberg,1. FC Heidenheim,1,1
2016-08-12,FC Erzgebirge Aue,SV Sandhausen,2,0
2016-08-12,Fortuna Düsseldorf,VfB Stuttgart,1,0
2016-08-13,Karlsruher SC,VfL Bochum,1,1
2016-08-13,FC St. Pauli,Eintracht Braunschweig,0,2
2016-08-14,Hannover 96,Greuther Fürth,3,1
2016-08-14,TSV 1860 München,Arminia Bielefeld,1,0
2016-08-14,Würzburger Kickers,1. FC Kaiserslautern,1,1
2016-08-15,Union Berlin,Dynamo Dresden,2,2
2016-08-26,VfL Bochum,Hannover 96,1,1
2016-08-26,1. FC Heidenheim,Würzburger Kickers,1,2
2016-08-26,SV Sandhausen,VfB Stuttgart,1,2
2016-08-26,Bayern Munich,Werder Bremen,6,0
2016-08-27,Karlsruher SC,TSV 1860 München,0,0
2016-08-27,Greuther Fürth,FC Erzgebirge Aue,3,2
2016-08-27,Borussia Dortmund,1. FSV Mainz 05,2,1
2016-08-27,1. FC Köln,SV Darmstadt 98,2,0
2016-08-27,Hamburger SV,FC Ingolstadt 04,1,1
2016-08-27,Augsburg,Wolfsburg,0,2
2016-08-27,Eintracht Frankfurt,Schalke 04,1,0
2016-08-27,Borussia Mönchengladbach,Bayer Leverkusen,2,1
2016-08-28,Eintracht Braunschweig,1. FC Nürnberg,6,1
2016-08-28,Arminia Bielefeld,Union Berlin,4,4
2016-08-28,Dynamo Dresden,FC St. Pauli,1,0
2016-08-28,Hertha Berlin,SC Freiburg,2,1
2016-08-28,TSG Hoffenheim,RB Leipzig,2,2
2016-08-29,1. FC Kaiserslautern,Fortuna Düsseldorf,0,0
2016-09-09,VfB Stuttgart,1. FC Heidenheim,1,2
2016-09-09,FC Erzgebirge Aue,Eintracht Braunschweig,0,2
2016-09-09,Würzburger Kickers,VfL Bochum,2,0
2016-09-09,Schalke 04,Bayern Munich,0,2
2016-09-10,FC St. Pauli,Arminia Bielefeld,2,1
2016-09-10,Union Berlin,Karlsruher SC,4,0
2016-09-10,Bayer Leverkusen,Hamburger SV,3,1
2016-09-10,Wolfsburg,1. FC Köln,0,0
2016-09-10,FC Ingolstadt 04,Hertha Berlin,0,2
2016-09-10,SV Darmstadt 98,Eintracht Frankfurt,1,0
2016-09-10,SC Freiburg,Borussia Mönchengladbach,3,1
2016-09-10,RB Leipzig,Borussia Dortmund,1,0
2016-09-11,Hannover 96,Dynamo Dresden,0,2
2016-09-11,SV Sandhausen,1. FC Kaiserslautern,2,0
2016-09-11,Fortuna Düsseldorf,Greuther Fürth,1,1
2016-09-11,Werder Bremen,Augsburg,1,2
2016-09-11,1. FSV Mainz 05,TSG Hoffenheim,4,4
2016-09-12,1. FC Nürnberg,TSV 1860 München,1,2
2016-09-13,Basel,Ludogorets Razgrad,1,1
2016-09-13,Paris Saint Germain,Arsenal,1,1
2016-09-13,Dynamo Kyiv,Napoli,1,2
2016-09-13,Benfica,Besiktas,1,1
2016-09-13,Barcelona,Celtic,7,0
2016-09-13,Bayern Munich,Rostov,5,0
2016-09-13,PSV Eindhoven,Atlético Madrid,0,1
2016-09-14,Manchester City,Borussia Mönchengladbach,4,0
2016-09-14,Bayer Leverkusen,CSKA Moscow,2,2
2016-09-14,Tottenham,Monaco,1,2
2016-09-14,Legia Warsaw,Borussia Dortmund,0,6
2016-09-14,Real Madrid,Sporting Lisbon,2,1
2016-09-14,Club Brugge,Leicester City,0,3
2016-09-14,Porto,Copenhagen,1,1
2016-09-14,Juventus,Sevilla,0,0
2016-09-14,Lyon,Dinamo Zagreb,3,0
2016-09-16,VfL Bochum,1. FC Nürnberg,5,4
2016-09-16,Greuther Fürth,Würzburger Kickers,0,3
2016-09-16,TSV 1860 München,Union Berlin,1,2
2016-09-16,1. FC Köln,SC Freiburg,3,0
2016-09-17,Eintracht Braunschweig,SV Sandhausen,2,1
2016-09-17,1. FC Kaiserslautern,VfB Stuttgart,0,1
2016-09-17,1. FC Heidenheim,Fortuna Düsseldorf,2,0
2016-09-17,Bayern Munich,FC Ingolstadt 04,3,1
2016-09-17,Borussia Dortmund,SV Darmstadt 98,6,0
2016-09-17,Hamburger SV,RB Leipzig,0,4
2016-09-17,TSG Hoffenheim,Wolfsburg,0,0
2016-09-17,Eintracht Frankfurt,Bayer Leverkusen,2,1
2016-09-17,Borussia Mönchengladbach,Werder Bremen,4,1
2016-09-18,Karlsruher SC,FC St. Pauli,1,1
2016-09-18,Arminia Bielefeld,Hannover 96,3,3
2016-09-18,Dynamo Dresden,FC Erzgebirge Aue,0,3
2016-09-18,Augsburg,1. FSV Mainz 05,1,3
2016-09-18,Hertha Berlin,Schalke 04,2,0
2016-09-20,VfB Stuttgart,Eintracht Braunschweig,2,0
2016-09-20,1. FC Nürnberg,Greuther Fürth,1,2
2016-09-20,SV Sandhausen,1. FC Heidenheim,0,0
2016-09-20,Fortuna Düsseldorf,VfL Bochum,3,0
2016-09-20,Wolfsburg,Borussia Dortmund,1,5
2016-09-20,FC Ingolstadt 04,Eintracht Frankfurt,0,2
2016-09-20,SV Darmstadt 98,TSG Hoffenheim,1,1
2016-09-20,SC Freiburg,Hamburger SV,1,0
2016-09-21,Hannover 96,Karlsruher SC,1,0
2016-09-21,1. FC Kaiserslautern,Dynamo Dresden,3,0
2016-09-21,FC Erzgebirge Aue,Arminia Bielefeld,1,1
2016-09-21,Würzburger Kickers,Union Berlin,0,1
2016-09-21,Bayern Munich,Hertha Berlin,3,0
2016-09-21,Bayer Leverkusen,Augsburg,0,0
2016-09-21,Schalke 04,1. FC Köln,1,3
2016-09-21,Werder Bremen,1. FSV Mainz 05,1,2
2016-09-21,RB Leipzig,Borussia Mönchengladbach,1,1
2016-09-22,FC St. Pauli,TSV 1860 München,2,2
2016-09-23,VfL Bochum,VfB Stuttgart,1,1
2016-09-23,Eintracht Braunschweig,Fortuna Düsseldorf,2,1
2016-09-23,Greuther Fürth,SV Sandhausen,1,1
2016-09-23,Borussia Dortmund,SC Freiburg,3,1
2016-09-24,Karlsruher SC,FC Erzgebirge Aue,2,0
2016-09-24,1. FC Heidenheim,1. FC Kaiserslautern,3,0
2016-09-24,Borussia Mönchengladbach,FC Ingolstadt 04,2,0
2016-09-24,1. FSV Mainz 05,Bayer Leverkusen,2,3
2016-09-24,Hamburger SV,Bayern Munich,0,1
2016-09-24,Augsburg,SV Darmstadt 98,1,0
2016-09-24,Eintracht Frankfurt,Hertha Berlin,3,3
2016-09-24,Werder Bremen,Wolfsburg,2,1
2016-09-25,Arminia Bielefeld,1. FC Nürnberg,1,3
2016-09-25,TSV 1860 München,Hannover 96,0,2
2016-09-25,Dynamo Dresden,Würzburger Kickers,2,2
2016-09-25,TSG Hoffenheim,Schalke 04,2,1
2016-09-25,1. FC Köln,RB Leipzig,1,1
2016-09-26,Union Berlin,FC St. Pauli,2,0
2016-09-27,Monaco,Bayer Leverkusen,1,1
2016-09-27,CSKA Moscow,Tottenham,0,1
2016-09-27,Borussia Dortmund,Real Madrid,2,2
2016-09-27,Sporting Lisbon,Legia Warsaw,2,0
2016-09-27,Copenhagen,Club Brugge,4,0
2016-09-27,Leicester City,Porto,1,0
2016-09-27,Dinamo Zagreb,Juventus,0,4
2016-09-27,Sevilla,Lyon,1,0
2016-09-28,Arsenal,Basel,2,0
2016-09-28,Ludogorets Razgrad,Paris Saint Germain,1,3
2016-09-28,Besiktas,Dynamo Kyiv,1,1
2016-09-28,Napoli,Benfica,4,2
2016-09-28,Borussia Mönchengladbach,Barcelona,1,2
2016-09-28,Celtic,Manchester City,3,3
2016-09-28,Atlético Madrid,Bayern Munich,1,0
2016-09-28,Rostov,PSV Eindhoven,2,2
2016-09-30,1. FC Nürnberg,Union Berlin,2,0
2016-09-30,SV Sandhausen,Dynamo Dresden,2,0
2016-09-30,FC Erzgebirge Aue,VfL Bochum,2,4
2016-09-30,RB Leipzig,Augsburg,2,1
2016-10-01,Hannover 96,FC St. Pauli,2,0
2016-10-01,Fortuna Düsseldorf,Karlsruher SC,1,1
2016-10-01,Bayern Munich,1. FC Köln,1,1
2016-10-01,Hertha Berlin,Hamburger SV,2,0
2016-10-01,FC Ingolstadt 04,TSG Hoffenheim,1,2
2016-10-01,SV Darmstadt 98,Werder Bremen,2,2
2016-10-01,SC Freiburg,Eintracht Frankfurt,1,0
2016-10-01,Bayer Leverkusen,Borussia Dortmund,2,0
2016-10-02,1. FC Kaiserslautern,Arminia Bielefeld,0,0
2016-10-02,1. FC Heidenheim,Eintracht Braunschweig,1,1
2016-10-02,Würzburger Kickers,TSV 1860 München,2,0
2016-10-02,Wolfsburg,1. FSV Mainz 05,0,0
2016-10-02,Schalke 04,Borussia Mönchengladbach,4,0
2016-10-03,VfB Stuttgart,Greuther Fürth,4,0
2016-10-14,FC St. Pauli,FC Erzgebirge Aue,1,2
2016-10-14,VfL Bochum,SV Sandhausen,2,2
2016-10-14,Arminia Bielefeld,Würzburger Kickers,0,1
2016-10-14,Borussia Dortmund,Hertha Berlin,1,1
2016-10-15,Greuther Fürth,1. FC Heidenheim,0,2
2016-10-15,Dynamo Dresden,VfB Stuttgart,5,0
2016-10-15,Borussia Mönchengladbach,Hamburger SV,0,0
2016-10-15,1. FC Köln,FC Ingolstadt 04,2,1
2016-10-15,Augsburg,Schalke 04,1,1
2016-10-15,TSG Hoffenheim,SC Freiburg,2,1
2016-10-15,Eintracht Frankfurt,Bayern Munich,2,2
2016-10-15,Werder Bremen,Bayer Leverkusen,2,1
2016-10-16,Union Berlin,Hannover 96,2,1
2016-10-16,Karlsruher SC,1. FC Nürnberg,0,3
2016-10-16,TSV 1860 München,Fortuna Düsseldorf,1,3
2016-10-16,1. FSV Mainz 05,SV Darmstadt 98,2,1
2016-10-16,Wolfsburg,RB Leipzig,0,1
2016-10-17,Eintracht Braunschweig,1. FC Kaiserslautern,1,0
2016-10-18,Bayer Leverkusen,Tottenham,0,0
2016-10-18,CSKA Moscow,Monaco,1,1
2016-10-18,Real Madrid,Legia Warsaw,5,1
2016-10-18,Sporting Lisbon,Borussia Dortmund,1,2
2016-10-18,Club Brugge,Porto,1,2
2016-10-18,Leicester City,Copenhagen,1,0
2016-10-18,Dinamo Zagreb,Sevilla,0,1
2016-10-18,Lyon,Juventus,0,1
2016-10-19,Arsenal,Ludogorets Razgrad,6,0
2016-10-19,Paris Saint Germain,Basel,3,0
2016-10-19,Dynamo Kyiv,Benfica,0,2
2016-10-19,Napoli,Besiktas,2,3
2016-10-19,Celtic,Borussia Mönchengladbach,0,2
2016-10-19,Barcelona,Manchester City,4,0
2016-10-19,Bayern Munich,PSV Eindhoven,4,1
2016-10-19,Rostov,Atlético Madrid,0,1
2016-10-21,VfB Stuttgart,TSV 1860 München,2,1
2016-10-21,Fortuna Düsseldorf,Arminia Bielefeld,4,0
2016-10-21,Würzburger Kickers,Karlsruher SC,0,2
2016-10-21,Hamburger SV,Eintracht Frankfurt,0,3
2016-10-22,1. FC Heidenheim,Dynamo Dresden,0,0
2016-10-22,SV Sandhausen,FC St. Pauli,3,0
2016-10-22,Bayer Leverkusen,TSG Hoffenheim,0,3
2016-10-22,Hertha Berlin,1. FC Köln,2,1
2016-10-22,FC Ingolstadt 04,Borussia Dortmund,3,3
2016-10-22,SV Darmstadt 98,Wolfsburg,3,1
2016-10-22,SC Freiburg,Augsburg,2,1
2016-10-22,Bayern Munich,Borussia Mönchengladbach,2,0
2016-10-23,1. FC Nürnberg,Hannover 96,2,0
2016-10-23,Eintracht Braunschweig,Greuther Fürth,1,0
2016-10-23,FC Erzgebirge Aue,Union Berlin,1,3
2016-10-23,RB Leipzig,Werder Bremen,3,1
2016-10-23,Schalke 04,1. FSV Mainz 05,3,0
2016-10-24,1. FC Kaiserslautern,VfL Bochum,3,0
2016-10-28,Arminia Bielefeld,SV Sandhausen,1,0
2016-10-28,TSV 1860 München,FC Erzgebirge Aue,6,2
2016-10-28,Dynamo Dresden,Eintracht Braunschweig,3,2
2016-10-28,Borussia Mönchengladbach,Eintracht Frankfurt,0,0
2016-10-29,Union Berlin,Fortuna Düsseldorf,0,1
2016-10-29,Greuther Fürth,1. FC Kaiserslautern,0,1
2016-10-29,1. FSV Mainz 05,FC Ingolstadt 04,2,0
2016-10-29,Wolfsburg,Bayer Leverkusen,1,2
2016-10-29,Augsburg,Bayern Munich,1,3
2016-10-29,Werder Bremen,SC Freiburg,1,3
2016-10-29,SV Darmstadt 98,RB Leipzig,0,2
2016-10-29,Borussia Dortmund,Schalke 04,0,0
2016-10-30,Hannover 96,Würzburger Kickers,3,1
2016-10-30,VfL Bochum,1. FC Heidenheim,2,1
2016-10-30,Karlsruher SC,VfB Stuttgart,1,3
2016-10-30,TSG Hoffenheim,Hertha Berlin,1,0
2016-10-30,1. FC Köln,Hamburger SV,3,0
2016-10-31,FC St. Pauli,1. FC Nürnberg,1,1
2016-11-01,Basel,Paris Saint Germain,1,2
2016-11-01,Ludogorets Razgrad,Arsenal,2,3
2016-11-01,Besiktas,Napoli,1,1
2016-11-01,Benfica,Dynamo Kyiv,1,0
2016-11-01,Borussia Mönchengladbach,Celtic,1,1
2016-11-01,Manchester City,Barcelona,3,1
2016-11-01,Atlético Madrid,Rostov,2,1
2016-11-01,PSV Eindhoven,Bayern Munich,1,2
2016-11-02,Monaco,CSKA Moscow,3,0
2016-11-02,Tottenham,Bayer Leverkusen,0,1
2016-11-02,Borussia Dortmund,Sporting Lisbon,1,0
2016-11-02,Legia Warsaw,Real Madrid,3,3
2016-11-02,Copenhagen,Leicester City,0,0
2016-11-02,Porto,Club Brugge,1,0
2016-11-02,Juventus,Lyon,1,1
2016-11-02,Sevilla,Dinamo Zagreb,4,0
2016-11-04,1. FC Heidenheim,Karlsruher SC,2,1
2016-11-04,Fortuna Düsseldorf,Dynamo Dresden,0,3
2016-11-04,FC Erzgebirge Aue,1. FC Nürnberg,1,2
2016-11-04,Hertha Berlin,Borussia Mönchengladbach,3,0
2016-11-05,Greuther Fürth,VfL Bochum,2,1
2016-11-05,1. FC Kaiserslautern,Union Berlin,1,0
2016-11-05,Bayern Munich,TSG Hoffenheim,1,1
2016-11-05,Bayer Leverkusen,SV Darmstadt 98,3,2
2016-11-05,Hamburger SV,Borussia Dortmund,2,5
2016-11-05,FC Ingolstadt 04,Augsburg,0,2
2016-11-05,SC Freiburg,Wolfsburg,0,3
2016-11-05,Eintracht Frankfurt,1. FC Köln,1,0
2016-11-06,VfB Stuttgart,Arminia Bielefeld,3,1
2016-11-06,Eintracht Braunschweig,Hannover 96,2,2
2016-11-06,SV Sandhausen,TSV 1860 München,3,2
2016-11-06,RB Leipzig,1. FSV Mainz 05,3,1
2016-11-06,Schalke 04,Werder Bremen,3,1
2016-11-07,Würzburger Kickers,FC St. Pauli,1,0
2016-11-18,1. FC Nürnberg,Würzburger Kickers,2,2
2016-11-18,VfL Bochum,Eintracht Braunschweig,1,1
2016-11-18,Arminia Bielefeld,1. FC Heidenheim,2,1
2016-11-18,Bayer Leverkusen,RB Leipzig,2,3
2016-11-19,Hannover 96,FC Erzgebirge Aue,2,0
2016-11-19,Karlsruher SC,SV Sandhausen,1,3
2016-11-19,Borussia Mönchengladbach,1. FC Köln,1,2
2016-11-19,1. FSV Mainz 05,SC Freiburg,4,2
2016-11-19,Wolfsburg,Schalke 04,0,1
2016-11-19,Augsburg,Hertha Berlin,0,0
2016-11-19,SV Darmstadt 98,FC Ingolstadt 04,0,1
2016-11-19,Borussia Dortmund,Bayern Munich,1,0
2016-11-20,FC St. Pauli,Fortuna Düsseldorf,0,1
2016-11-20,Union Berlin,VfB Stuttgart,1,1
2016-11-20,Dynamo Dresden,Greuther Fürth,2,1
2016-11-20,TSG Hoffenheim,Hamburger SV,2,2
2016-11-20,Werder Bremen,Eintracht Frankfurt,1,2
2016-11-21,TSV 1860 München,1. FC Kaiserslautern,1,1
2016-11-22,CSKA Moscow,Bayer Leverkusen,1,1
2016-11-22,Monaco,Tottenham,2,1
2016-11-22,Borussia Dortmund,Legia Warsaw,8,4
2016-11-22,Sporting Lisbon,Real Madrid,1,2
2016-11-22,Copenhagen,Porto,0,0
2016-11-22,Leicester City,Club Brugge,2,1
2016-11-22,Dinamo Zagreb,Lyon,0,1
2016-11-22,Sevilla,Juventus,1,3
2016-11-23,Arsenal,Paris Saint Germain,2,2
2016-11-23,Ludogorets Razgrad,Basel,0,0
2016-11-23,Besiktas,Benfica,3,3
2016-11-23,Napoli,Dynamo Kyiv,0,0
2016-11-23,Borussia Mönchengladbach,Manchester City,1,1
2016-11-23,Celtic,Barcelona,0,2
2016-11-23,Rostov,Bayern Munich,3,2
2016-11-23,Atlético Madrid,PSV Eindhoven,2,0
2016-11-25,Greuther Fürth,Arminia Bielefeld,2,1
2016-11-25,Fortuna Düsseldorf,Hannover 96,2,2
2016-11-25,Würzburger Kickers,FC Erzgebirge Aue,1,1
2016-11-25,SC Freiburg,RB Leipzig,1,4
2016-11-26,1. FC Heidenheim,FC St. Pauli,2,0
2016-11-26,Dynamo Dresden,VfL Bochum,2,2
2016-11-26,Borussia Mönchengladbach,TSG Hoffenheim,1,1
2016-11-26,1. FC Köln,Augsburg,0,0
2016-11-26,Hamburger SV,Werder Bremen,2,2
2016-11-26,FC Ingolstadt 04,Wolfsburg,1,1
2016-11-26,Eintracht Frankfurt,Borussia Dortmund,2,1
2016-11-26,Bayern Munich,Bayer Leverkusen,2,1
2016-11-27,Eintracht Braunschweig,TSV 1860 München,2,1
2016-11-27,1. FC Kaiserslautern,Karlsruher SC,0,0
2016-11-27,SV Sandhausen,Union Berlin,0,1
2016-11-27,Schalke 04,SV Darmstadt 98,3,1
2016-11-27,Hertha Berlin,1. FSV Mainz 05,2,1
2016-11-28,VfB Stuttgart,1. FC Nürnberg,3,1
2016-12-02,Hannover 96,1. FC Heidenheim,3,2
2016-12-02,FC St. Pauli,1. FC Kaiserslautern,0,0
2016-12-02,Karlsruher SC,Greuther Fürth,1,2
2016-12-02,1. FSV Mainz 05,Bayern Munich,1,3
2016-12-03,1. FC Nürnberg,SV Sandhausen,1,3
2016-12-03,TSV 1860 München,Dynamo Dresden,1,0
2016-12-03,Borussia Dortmund,Borussia Mönchengladbach,4,1
2016-12-03,Bayer Leverkusen,SC Freiburg,1,1
2016-12-03,Wolfsburg,Hertha Berlin,2,3
2016-12-03,Werder Bremen,FC Ingolstadt 04,2,1
2016-12-03,TSG Hoffenheim,1. FC Köln,4,0
2016-12-03,RB Leipzig,Schalke 04,2,1
2016-12-04,Arminia Bielefeld,VfL Bochum,1,0
2016-12-04,FC Erzgebirge Aue,VfB Stuttgart,0,4
2016-12-04,Würzburger Kickers,Fortuna Düsseldorf,0,0
2016-12-04,SV Darmstadt 98,Hamburger SV,0,2
2016-12-04,Augsburg,Eintracht Frankfurt,1,1
2016-12-05,Union Berlin,Eintracht Braunschweig,2,0
2016-12-06,Basel,Arsenal,1,4
2016-12-06,Paris Saint Germain,Ludogorets Razgrad,2,2
2016-12-06,Dynamo Kyiv,Besiktas,6,0
2016-12-06,Benfica,Napoli,1,2
2016-12-06,Barcelona,Borussia Mönchengladbach,4,0
2016-12-06,Manchester City,Celtic,1,1
2016-12-06,Bayern Munich,Atlético Madrid,1,0
2016-12-06,PSV Eindhoven,Rostov,0,0
2016-12-07,Bayer Leverkusen,Monaco,3,0
2016-12-07,Tottenham,CSKA Moscow,3,1
2016-12-07,Legia Warsaw,Sporting Lisbon,1,0
2016-12-07,Real Madrid,Borussia Dortmund,2,2
2016-12-07,Club Brugge,Copenhagen,0,2
2016-12-07,Porto,Leicester City,5,0
2016-12-07,Juventus,Dinamo Zagreb,2,0
2016-12-07,Lyon,Sevilla,0,0
2016-12-09,1. FC Heidenheim,Union Berlin,3,0
2016-12-09,Fortuna Düsseldorf,1. FC Nürnberg,0,2
2016-12-09,Dynamo Dresden,Karlsruher SC,0,0
2016-12-09,Eintracht Frankfurt,TSG Hoffenheim,0,0
2016-12-10,VfL Bochum,TSV 1860 München,1,0
2016-12-10,1. FC Kaiserslautern,FC Erzgebirge Aue,0,0
2016-12-10,Bayern Munich,Wolfsburg,5,0
2016-12-10,1. FC Köln,Borussia Dortmund,1,1
2016-12-10,Hamburger SV,Augsburg,1,0
2016-12-10,FC Ingolstadt 04,RB Leipzig,1,0
2016-12-10,SC Freiburg,SV Darmstadt 98,1,0
2016-12-10,Hertha Berlin,Werder Bremen,0,1
2016-12-11,Eintracht Braunschweig,Arminia Bielefeld,3,2
2016-12-11,Greuther Fürth,FC St. Pauli,0,2
2016-12-11,SV Sandhausen,Würzburger Kickers,0,0
2016-12-11,Borussia Mönchengladbach,1. FSV Mainz 05,1,0
2016-12-11,Schalke 04,Bayer Leverkusen,0,1
2016-12-12,VfB Stuttgart,Hannover 96,1,2
2016-12-16,Union Berlin,Greuther Fürth,1,1
2016-12-16,TSV 1860 München,1. FC Heidenheim,1,1
2016-12-16,FC Erzgebirge Aue,Fortuna Düsseldorf,0,0
2016-12-16,TSG Hoffenheim,Borussia Dortmund,2,2
2016-12-17,FC St. Pauli,VfL Bochum,1,1
2016-12-17,Karlsruher SC,Eintracht Braunschweig,0,0
2016-12-17,Schalke 04,SC Freiburg,1,1
2016-12-17,1. FSV Mainz 05,Hamburger SV,3,1
2016-12-17,Augsburg,Borussia Mönchengladbach,1,0
2016-12-17,Werder Bremen,1. FC Köln,1,1
2016-12-17,RB Leipzig,Hertha Berlin,2,0
2016-12-17,Wolfsburg,Eintracht Frankfurt,1,0
2016-12-18,Hannover 96,SV Sandhausen,0,0
2016-12-18,Arminia Bielefeld,Dynamo Dresden,1,2
2016-12-18,Würzburger Kickers,VfB Stuttgart,3,0
2016-12-18,SV Darmstadt 98,Bayern Munich,0,1
2016-12-18,Bayer Leverkusen,FC Ingolstadt 04,1,2
2016-12-19,1. FC Nürnberg,1. FC Kaiserslautern,2,1
2016-12-20,Borussia Dortmund,Augsburg,1,1
2016-12-20,Borussia Mönchengladbach,Wolfsburg,1,2
2016-12-20,Hamburger SV,Schalke 04,2,1
2016-12-20,Eintracht Frankfurt,1. FSV Mainz 05,3,0
2016-12-21,Bayern Munich,RB Leipzig,3,0
2016-12-21,Hertha Berlin,SV Darmstadt 98,2,0
2016-12-21,1. FC Köln,Bayer Leverkusen,1,1
2016-12-21,FC Ingolstadt 04,SC Freiburg,1,2
2016-12-21,TSG Hoffenheim,Werder Bremen,1,1
2017-01-20,SC Freiburg,Bayern Munich,1,2
2017-01-21,Schalke 04,FC Ingolstadt 04,1,0
2017-01-21,Wolfsburg,Hamburger SV,1,0
2017-01-21,Augsburg,TSG Hoffenheim,0,2
2017-01-21,Werder Bremen,Borussia Dortmund,1,2
2017-01-21,SV Darmstadt 98,Borussia Mönchengladbach,0,0
2017-01-21,RB Leipzig,Eintracht Frankfurt,3,0
2017-01-22,Bayer Leverkusen,Hertha Berlin,3,1
2017-01-22,1. FSV Mainz 05,1. FC Köln,0,0
2017-01-27,Union Berlin,VfL Bochum,2,1
2017-01-27,TSV 1860 München,Greuther Fürth,2,1
2017-01-27,Fortuna Düsseldorf,SV Sandhausen,0,3
2017-01-27,Schalke 04,Eintracht Frankfurt,0,1
2017-01-28,Würzburger Kickers,Eintracht Braunschweig,1,1
2017-01-28,FC Erzgebirge Aue,1. FC Heidenheim,2,1
2017-01-28,Werder Bremen,Bayern Munich,1,2
2017-01-28,SV Darmstadt 98,1. FC Köln,1,6
2017-01-28,FC Ingolstadt 04,Hamburger SV,3,1
2017-01-28,Wolfsburg,Augsburg,1,2
2017-01-28,RB Leipzig,TSG Hoffenheim,2,1
2017-01-28,Bayer Leverkusen,Borussia Mönchengladbach,2,3
2017-01-29,1. FC Nürnberg,Dynamo Dresden,1,2
2017-01-29,FC St. Pauli,VfB Stuttgart,0,1
2017-01-29,Karlsruher SC,Arminia Bielefeld,3,2
2017-01-29,SC Freiburg,Hertha Berlin,2,1
2017-01-29,1. FSV Mainz 05,Borussia Dortmund,1,1
2017-01-30,Hannover 96,1. FC Kaiserslautern,1,0
2017-02-03,Greuther Fürth,Hannover 96,4,1
2017-02-03,1. FC Kaiserslautern,Würzburger Kickers,1,0
2017-02-03,Arminia Bielefeld,TSV 1860 München,2,1
2017-02-03,Hamburger SV,Bayer Leverkusen,1,0
2017-02-04,SV Sandhausen,FC Erzgebirge Aue,2,0
2017-02-04,1. FC Heidenheim,1. FC Nürnberg,2,3
2017-02-04,Borussia Mönchengladbach,SC Freiburg,3,0
2017-02-04,Bayern Munich,Schalke 04,1,1
2017-02-04,TSG Hoffenheim,1. FSV Mainz 05,4,0
2017-02-04,1. FC Köln,Wolfsburg,1,0
2017-02-04,Hertha Berlin,FC Ingolstadt 04,1,0
2017-02-04,Borussia Dortmund,RB Leipzig,1,0
2017-02-05,Eintracht Braunschweig,FC St. Pauli,1,2
2017-02-05,Dynamo Dresden,Union Berlin,0,0
2017-02-05,VfL Bochum,Karlsruher SC,1,1
2017-02-05,Augsburg,Werder Bremen,3,2
2017-02-05,Eintracht Frankfurt,SV Darmstadt 98,2,0
2017-02-06,VfB Stuttgart,Fortuna Düsseldorf,2,0
2017-02-10,1. FC Nürnberg,Eintracht Braunschweig,1,1
2017-02-10,FC Erzgebirge Aue,Greuther Fürth,0,0
2017-02-10,Fortuna Düsseldorf,1. FC Kaiserslautern,1,1
2017-02-10,1. FSV Mainz 05,Augsburg,2,0
2017-02-11,TSV 1860 München,Karlsruher SC,2,1
2017-02-11,Würzburger Kickers,1. FC Heidenheim,0,2
2017-02-11,FC Ingolstadt 04,Bayern Munich,0,2
2017-02-11,Bayer Leverkusen,Eintracht Frankfurt,3,0
2017-02-11,SV Darmstadt 98,Borussia Dortmund,2,1
2017-02-11,Werder Bremen,Borussia Mönchengladbach,0,1
2017-02-11,RB Leipzig,Hamburger SV,0,3
2017-02-11,Schalke 04,Hertha Berlin,2,0
2017-02-12,Union Berlin,Arminia Bielefeld,3,1
2017-02-12,VfB Stuttgart,SV Sandhausen,2,1
2017-02-12,FC St. Pauli,Dynamo Dresden,2,0
2017-02-12,Wolfsburg,TSG Hoffenheim,2,1
2017-02-12,SC Freiburg,1. FC Köln,2,1
2017-02-13,Hannover 96,VfL Bochum,2,1
2017-02-14,Benfica,Borussia Dortmund,1,0
2017-02-14,Paris Saint Germain,Barcelona,4,0
2017-02-15,Real Madrid,Napoli,3,1
2017-02-15,Bayern Munich,Arsenal,5,1
2017-02-17,1. FC Kaiserslautern,SV Sandhausen,3,0
2017-02-17,Eintracht Braunschweig,FC Erzgebirge Aue,1,1
2017-02-17,1. FC Heidenheim,VfB Stuttgart,1,2
2017-02-17,Augsburg,Bayer Leverkusen,1,3
2017-02-18,Greuther Fürth,Fortuna Düsseldorf,1,0
2017-02-18,VfL Bochum,Würzburger Kickers,2,1
2017-02-18,1. FSV Mainz 05,Werder Bremen,0,2
2017-02-18,TSG Hoffenheim,SV Darmstadt 98,2,0
2017-02-18,Hertha Berlin,Bayern Munich,1,1
2017-02-18,Borussia Dortmund,Wolfsburg,3,0
2017-02-18,Eintracht Frankfurt,FC Ingolstadt 04,0,2
2017-02-18,Hamburger SV,SC Freiburg,2,2
2017-02-19,Dynamo Dresden,Hannover 96,1,2
2017-02-19,Arminia Bielefeld,FC St. Pauli,1,1
2017-02-19,Karlsruher SC,Union Berlin,1,2
2017-02-19,Borussia Mönchengladbach,RB Leipzig,1,2
2017-02-19,1. FC Köln,Schalke 04,1,1
2017-02-20,TSV 1860 München,1. FC Nürnberg,2,0
2017-02-21,Manchester City,Monaco,5,3
2017-02-21,Bayer Leverkusen,Atlético Madrid,2,4
2017-02-22,Porto,Juventus,0,2
2017-02-22,Sevilla,Leicester City,2,1
2017-02-24,Union Berlin,TSV 1860 München,2,0
2017-02-24,SV Sandhausen,Eintracht Braunschweig,0,1
2017-02-24,Würzburger Kickers,Greuther Fürth,1,1
2017-02-24,Wolfsburg,Werder Bremen,1,2
2017-02-25,Fortuna Düsseldorf,1. FC Heidenheim,0,0
2017-02-25,Hannover 96,Arminia Bielefeld,2,2
2017-02-25,Bayern Munich,Hamburger SV,8,0
2017-02-25,SV Darmstadt 98,Augsburg,1,2
2017-02-25,SC Freiburg,Borussia Dortmund,0,3
2017-02-25,Bayer Leverkusen,1. FSV Mainz 05,0,2
2017-02-25,RB Leipzig,1. FC Köln,3,1
2017-02-25,Hertha Berlin,Eintracht Frankfurt,2,0
2017-02-26,VfB Stuttgart,1. FC Kaiserslautern,2,0
2017-02-26,1. FC Nürnberg,VfL Bochum,0,1
2017-02-26,FC Erzgebirge Aue,Dynamo Dresden,1,4
2017-02-26,FC Ingolstadt 04,Borussia Mönchengladbach,0,2
2017-02-26,Schalke 04,TSG Hoffenheim,1,1
2017-02-27,FC St. Pauli,Karlsruher SC,5,0
2017-03-03,Dynamo Dresden,1. FC Kaiserslautern,3,3
2017-03-03,VfL Bochum,Fortuna Düsseldorf,1,2
2017-03-03,Union Berlin,Würzburger Kickers,2,0
2017-03-03,Augsburg,RB Leipzig,2,2
2017-03-04,TSV 1860 München,FC St. Pauli,1,2
2017-03-04,Karlsruher SC,Hannover 96,2,0
2017-03-04,Borussia Dortmund,Bayer Leverkusen,6,2
2017-03-04,1. FSV Mainz 05,Wolfsburg,1,1
2017-03-04,TSG Hoffenheim,FC Ingolstadt 04,5,2
2017-03-04,Werder Bremen,SV Darmstadt 98,2,0
2017-03-04,1. FC Köln,Bayern Munich,0,3
2017-03-04,Borussia Mönchengladbach,Schalke 04,4,2
2017-03-05,1. FC Heidenheim,SV Sandhausen,2,2
2017-03-05,Arminia Bielefeld,FC Erzgebirge Aue,2,2
2017-03-05,Greuther Fürth,1. FC Nürnberg,1,0
2017-03-05,Eintracht Frankfurt,SC Freiburg,1,2
2017-03-05,Hamburger SV,Hertha Berlin,1,0
2017-03-06,Eintracht Braunschweig,VfB Stuttgart,1,1
2017-03-07,Napoli,Real Madrid,1,3
2017-03-07,Arsenal,Bayern Munich,1,5
2017-03-08,Borussia Dortmund,Benfica,4,0
2017-03-08,Barcelona,Paris Saint Germain,6,1
2017-03-10,FC St. Pauli,Union Berlin,1,2
2017-03-10,FC Erzgebirge Aue,Karlsruher SC,1,0
2017-03-10,VfB Stuttgart,VfL Bochum,1,1
2017-03-10,Bayer Leverkusen,Werder Bremen,1,1
2017-03-11,Hannover 96,TSV 1860 München,1,0
2017-03-11,Würzburger Kickers,Dynamo Dresden,0,2
2017-03-11,Hertha Berlin,Borussia Dortmund,2,1
2017-03-11,SV Darmstadt 98,1. FSV Mainz 05,2,1
2017-03-11,RB Leipzig,Wolfsburg,0,1
2017-03-11,SC Freiburg,TSG Hoffenheim,1,1
2017-03-11,Bayern Munich,Eintracht Frankfurt,3,0
2017-03-11,FC Ingolstadt 04,1. FC Köln,2,2
2017-03-12,SV Sandhausen,Greuther Fürth,1,1
2017-03-12,1. FC Kaiserslautern,1. FC Heidenheim,1,1
2017-03-12,1. FC Nürnberg,Arminia Bielefeld,1,0
2017-03-12,Schalke 04,Augsburg,3,0
2017-03-12,Hamburger SV,Borussia Mönchengladbach,2,1
2017-03-13,Fortuna Düsseldorf,Eintracht Braunschweig,1,2
2017-03-14,Juventus,Porto,1,0
2017-03-14,Leicester City,Sevilla,2,0
2017-03-15,Monaco,Manchester City,3,1
2017-03-15,Atlético Madrid,Bayer Leverkusen,0,0
2017-03-17,Arminia Bielefeld,1. FC Kaiserslautern,2,0
2017-03-17,Eintracht Braunschweig,1. FC Heidenheim,3,2
2017-03-17,TSV 1860 München,Würzburger Kickers,2,1
2017-03-17,Borussia Dortmund,FC Ingolstadt 04,1,0
2017-03-18,FC St. Pauli,Hannover 96,0,0
2017-03-18,Greuther Fürth,VfB Stuttgart,1,0
2017-03-18,TSG Hoffenheim,Bayer Leverkusen,1,0
2017-03-18,1. FC Köln,Hertha Berlin,4,2
2017-03-18,Wolfsburg,SV Darmstadt 98,1,0
2017-03-18,Augsburg,SC Freiburg,1,1
2017-03-18,Werder Bremen,RB Leipzig,3,0
2017-03-18,Eintracht Frankfurt,Hamburger SV,0,0
2017-03-19,Dynamo Dresden,SV Sandhausen,2,0
2017-03-19,Karlsruher SC,Fortuna Düsseldorf,0,3
2017-03-19,VfL Bochum,FC Erzgebirge Aue,1,1
2017-03-19,1. FSV Mainz 05,Schalke 04,0,1
2017-03-19,Borussia Mönchengladbach,Bayern Munich,0,1
2017-03-20,Union Berlin,1. FC Nürnberg,1,0
2017-03-31,FC Erzgebirge Aue,FC St. Pauli,1,0
2017-03-31,1. FC Nürnberg,Karlsruher SC,2,1
2017-03-31,Fortuna Düsseldorf,TSV 1860 München,0,1
2017-03-31,Hertha Berlin,TSG Hoffenheim,1,3
2017-04-01,SV Sandhausen,VfL Bochum,0,0
2017-04-01,Hannover 96,Union Berlin,2,0
2017-04-01,Würzburger Kickers,Arminia Bielefeld,1,1
2017-04-01,Schalke 04,Borussia Dortmund,1,1
2017-04-01,Hamburger SV,1. FC Köln,2,1
2017-04-01,Bayern Munich,Augsburg,6,0
2017-04-01,SC Freiburg,Werder Bremen,2,5
2017-04-01,RB Leipzig,SV Darmstadt 98,4,0
2017-04-01,Eintracht Frankfurt,Borussia Mönchengladbach,0,0
2017-04-02,VfB Stuttgart,Dynamo Dresden,3,3
2017-04-02,1. FC Kaiserslautern,Eintracht Braunschweig,0,1
2017-04-02,1. FC Heidenheim,Greuther Fürth,0,2
2017-04-02,FC Ingolstadt 04,1. FSV Mainz 05,2,1
2017-04-02,Bayer Leverkusen,Wolfsburg,3,3
2017-04-04,Karlsruher SC,Würzburger Kickers,1,1
2017-04-04,Hannover 96,1. FC Nürnberg,1,0
2017-04-04,FC St. Pauli,SV Sandhausen,0,0
2017-04-04,Arminia Bielefeld,Fortuna Düsseldorf,2,1
2017-04-04,TSG Hoffenheim,Bayern Munich,1,0
2017-04-04,Werder Bremen,Schalke 04,3,0
2017-04-04,Borussia Dortmund,Hamburger SV,3,0
2017-04-04,1. FC Köln,Eintracht Frankfurt,1,0
2017-04-05,Union Berlin,FC Erzgebirge Aue,0,1
2017-04-05,TSV 1860 München,VfB Stuttgart,1,1
2017-04-05,Greuther Fürth,Eintracht Braunschweig,0,0
2017-04-05,VfL Bochum,1. FC Kaiserslautern,0,0
2017-04-05,Dynamo Dresden,1. FC Heidenheim,2,1
2017-04-05,Wolfsburg,SC Freiburg,0,1
2017-04-05,1. FSV Mainz 05,RB Leipzig,2,3
2017-04-05,SV Darmstadt 98,Bayer Leverkusen,0,2
2017-04-05,Borussia Mönchengladbach,Hertha Berlin,1,0
2017-04-05,Augsburg,FC Ingolstadt 04,2,3
2017-04-07,SV Sandhausen,Arminia Bielefeld,1,3
2017-04-07,Würzburger Kickers,Hannover 96,0,0
2017-04-07,1. FC Nürnberg,FC St. Pauli,0,2
2017-04-07,Eintracht Frankfurt,Werder Bremen,2,2
2017-04-08,1. FC Heidenheim,VfL Bochum,0,0
2017-04-08,1. FC Kaiserslautern,Greuther Fürth,2,0
2017-04-08,Hamburger SV,TSG Hoffenheim,2,1
2017-04-08,RB Leipzig,Bayer Leverkusen,1,0
2017-04-08,1. FC Köln,Borussia Mönchengladbach,2,3
2017-04-08,SC Freiburg,1. FSV Mainz 05,1,0
2017-04-08,Schalke 04,Wolfsburg,4,1
2017-04-08,Bayern Munich,Borussia Dortmund,4,1
2017-04-09,FC Erzgebirge Aue,TSV 1860 München,3,0
2017-04-09,Fortuna Düsseldorf,Union Berlin,2,2
2017-04-09,VfB Stuttgart,Karlsruher SC,2,0
2017-04-09,Hertha Berlin,Augsburg,2,0
2017-04-09,FC Ingolstadt 04,SV Darmstadt 98,3,2
2017-04-10,Eintracht Braunschweig,Dynamo Dresden,1,0
2017-04-11,Juventus,Barcelona,3,0
2017-04-12,Borussia Dortmund,Monaco,2,3
2017-04-12,Atlético Madrid,Leicester City,1,0
2017-04-12,Bayern Munich,Real Madrid,1,2
2017-04-15,1. FC Nürnberg,FC Erzgebirge Aue,2,1
2017-04-15,Hannover 96,Eintracht Braunschweig,1,0
2017-04-15,Wolfsburg,FC Ingolstadt 04,3,0
2017-04-15,Borussia Dortmund,Eintracht Frankfurt,3,1
2017-04-15,RB Leipzig,SC Freiburg,4,0
2017-04-15,TSG Hoffenheim,Borussia Mönchengladbach,5,3
2017-04-15,1. FSV Mainz 05,Hertha Berlin,1,0
2017-04-15,Augsburg,1. FC Köln,2,1
2017-04-15,Bayer Leverkusen,Bayern Munich,0,0
2017-04-16,TSV 1860 München,SV Sandhausen,1,1
2017-04-16,Dynamo Dresden,Fortuna Düsseldorf,1,1
2017-04-16,FC St. Pauli,Würzburger Kickers,1,0
2017-04-16,VfL Bochum,Greuther Fürth,1,0
2017-04-16,Union Berlin,1. FC Kaiserslautern,3,1
2017-04-16,Karlsruher SC,1. FC Heidenheim,0,1
2017-04-16,Werder Bremen,Hamburger SV,2,1
2017-04-16,SV Darmstadt 98,Schalke 04,2,1
2017-04-17,Arminia Bielefeld,VfB Stuttgart,2,3
2017-04-18,Leicester City,Atlético Madrid,1,1
2017-04-18,Real Madrid,Bayern Munich,4,2
2017-04-19,Barcelona,Juventus,0,0
2017-04-19,Monaco,Borussia Dortmund,3,1
2017-04-21,1. FC Kaiserslautern,TSV 1860 München,1,0
2017-04-21,Greuther Fürth,Dynamo Dresden,1,0
2017-04-21,Fortuna Düsseldorf,FC St. Pauli,1,3
2017-04-21,1. FC Köln,TSG Hoffenheim,1,1
2017-04-22,1. FC Heidenheim,Arminia Bielefeld,2,2
2017-04-22,FC Erzgebirge Aue,Hannover 96,2,2
2017-04-22,Eintracht Frankfurt,Augsburg,3,1
2017-04-22,FC Ingolstadt 04,Werder Bremen,2,4
2017-04-22,Hamburger SV,SV Darmstadt 98,1,2
2017-04-22,Bayern Munich,1. FSV Mainz 05,2,2
2017-04-22,Hertha Berlin,Wolfsburg,1,0
2017-04-22,Borussia Mönchengladbach,Borussia Dortmund,2,3
2017-04-23,SV Sandhausen,Karlsruher SC,4,0
2017-04-23,Würzburger Kickers,1. FC Nürnberg,1,1
2017-04-23,Eintracht Braunschweig,VfL Bochum,2,0
2017-04-23,SC Freiburg,Bayer Leverkusen,2,1
2017-04-23,Schalke 04,RB Leipzig,1,1
2017-04-24,VfB Stuttgart,Union Berlin,3,1
2017-04-28,FC St. Pauli,1. FC Heidenheim,3,0
2017-04-28,Union Berlin,SV Sandhausen,2,1
2017-04-28,VfL Bochum,Dynamo Dresden,4,2
2017-04-28,Bayer Leverkusen,Schalke 04,1,4
2017-04-29,Karlsruher SC,1. FC Kaiserslautern,1,3
2017-04-29,1. FC Nürnberg,VfB Stuttgart,2,3
2017-04-29,Arminia Bielefeld,Greuther Fürth,1,1
2017-04-29,Werder Bremen,Hertha Berlin,2,0
2017-04-29,Borussia Dortmund,1. FC Köln,0,0
2017-04-29,RB Leipzig,FC Ingolstadt 04,0,0
2017-04-29,SV Darmstadt 98,SC Freiburg,3,0
2017-04-29,1. FSV Mainz 05,Borussia Mönchengladbach,1,2
2017-04-29,Wolfsburg,Bayern Munich,0,6
2017-04-30,Hannover 96,Fortuna Düsseldorf,1,0
2017-04-30,FC Erzgebirge Aue,Würzburger Kickers,3,1
2017-04-30,TSV 1860 München,Eintracht Braunschweig,0,1
2017-04-30,Augsburg,Hamburger SV,4,0
2017-04-30,TSG Hoffenheim,Eintracht Frankfurt,1,0
2017-05-02,Real Madrid,Atlético Madrid,3,0
2017-05-03,Monaco,Juventus,0,2
2017-05-05,1. FC Kaiserslautern,FC St. Pauli,1,2
2017-05-05,Dynamo Dresden,TSV 1860 München,1,2
2017-05-05,1. FC Heidenheim,Hannover 96,0,2
2017-05-05,1. FC Köln,Werder Bremen,4,3
2017-05-06,Fortuna Düsseldorf,Würzburger Kickers,1,1
2017-05-06,SV Sandhausen,1. FC Nürnberg,0,1
2017-05-06,Eintracht Frankfurt,Wolfsburg,0,2
2017-05-06,Borussia Mönchengladbach,Augsburg,1,1
2017-05-06,Bayern Munich,SV Darmstadt 98,1,0
2017-05-06,Borussia Dortmund,TSG Hoffenheim,2,1
2017-05-06,FC Ingolstadt 04,Bayer Leverkusen,1,1
2017-05-06,Hertha Berlin,RB Leipzig,1,4
2017-05-07,Greuther Fürth,Karlsruher SC,0,1
2017-05-07,VfL Bochum,Arminia Bielefeld,1,1
2017-05-07,VfB Stuttgart,FC Erzgebirge Aue,3,0
2017-05-07,Hamburger SV,1. FSV Mainz 05,0,0
2017-05-07,SC Freiburg,Schalke 04,2,0
2017-05-08,Eintracht Braunschweig,Union Berlin,3,1
2017-05-09,Juventus,Monaco,2,1
2017-05-10,Atlético Madrid,Real Madrid,2,1
2017-05-13,Augsburg,Borussia Dortmund,1,1
2017-05-13,Wolfsburg,Borussia Mönchengladbach,1,1
2017-05-13,SV Darmstadt 98,Hertha Berlin,0,2
2017-05-13,Bayer Leverkusen,1. FC Köln,2,2
2017-05-13,Schalke 04,Hamburger SV,1,1
2017-05-13,SC Freiburg,FC Ingolstadt 04,1,1
2017-05-13,Werder Bremen,TSG Hoffenheim,3,5
2017-05-13,RB Leipzig,Bayern Munich,4,5
2017-05-13,1. FSV Mainz 05,Eintracht Frankfurt,4,2
2017-05-14,TSV 1860 München,VfL Bochum,1,2
2017-05-14,Arminia Bielefeld,Eintracht Braunschweig,6,0
2017-05-14,FC St. Pauli,Greuther Fürth,1,1
2017-05-14,FC Erzgebirge Aue,1. FC Kaiserslautern,1,0
2017-05-14,Union Berlin,1. FC Heidenheim,0,1
2017-05-14,Würzburger Kickers,SV Sandhausen,0,1
2017-05-14,1. FC Nürnberg,Fortuna Düsseldorf,2,3
2017-05-14,Hannover 96,VfB Stuttgart,1,0
2017-05-14,Karlsruher SC,Dynamo Dresden,3,4
2017-05-20,Hertha Berlin,Bayer Leverkusen,2,6
2017-05-20,Eintracht Frankfurt,RB Leipzig,2,2
2017-05-20,FC Ingolstadt 04,Schalke 04,1,1
2017-05-20,1. FC Köln,1. FSV Mainz 05,2,0
2017-05-20,Hamburger SV,Wolfsburg,2,1
2017-05-20,TSG Hoffenheim,Augsburg,0,0
2017-05-20,Borussia Dortmund,Werder Bremen,4,3
2017-05-20,Borussia Mönchengladbach,SV Darmstadt 98,2,2
2017-05-20,Bayern Munich,SC Freiburg,4,1
2017-05-21,SV Sandhausen,Hannover 96,1,1
2017-05-21,VfB Stuttgart,Würzburger Kickers,4,1
2017-05-21,1. FC Kaiserslautern,1. FC Nürnberg,1,0
2017-05-21,VfL Bochum,FC St. Pauli,1,3
2017-05-21,Greuther Fürth,Union Berlin,1,2
2017-05-21,Eintracht Braunschweig,Karlsruher SC,2,1
2017-05-21,Dynamo Dresden,Arminia Bielefeld,1,1
2017-05-21,1. FC Heidenheim,TSV 1860 München,2,1
2017-05-21,Fortuna Düsseldorf,FC Erzgebirge Aue,1,0
2017-06-03,Juventus,Real Madrid,1,4
2017-07-28,VfL Bochum,FC St. Pauli,0,1
2017-07-29,FC Ingolstadt 04,Union Berlin,0,1
2017-07-29,SV Darmstadt 98,Greuther Fürth,1,0
2017-07-29,Arminia Bielefeld,Jahn Regensburg,2,1
2017-07-30,1. FC Nürnberg,1. FC Kaiserslautern,3,0
2017-07-30,Dynamo Dresden,MSV Duisburg,1,0
2017-07-30,1. FC Heidenheim,FC Erzgebirge Aue,2,1
2017-07-30,Holstein Kiel,SV Sandhausen,2,2
2017-07-31,Fortuna Düsseldorf,Eintracht Braunschweig,2,2
2017-08-04,Union Berlin,Holstein Kiel,4,3
2017-08-04,SV Sandhausen,FC Ingolstadt 04,1,0
2017-08-04,1. FC Kaiserslautern,SV Darmstadt 98,1,1
2017-08-05,MSV Duisburg,VfL Bochum,1,1
2017-08-05,Eintracht Braunschweig,1. FC Heidenheim,2,0
2017-08-06,Jahn Regensburg,1. FC Nürnberg,0,1
2017-08-06,Greuther Fürth,Arminia Bielefeld,1,2
2017-08-06,FC Erzgebirge Aue,Fortuna Düsseldorf,0,2
2017-08-07,FC St. Pauli,Dynamo Dresden,2,2
2017-08-18,SV Darmstadt 98,FC St. Pauli,3,0
2017-08-18,Eintracht Braunschweig,FC Erzgebirge Aue,1,1
2017-08-18,Bayern Munich,Bayer Leverkusen,3,1
2017-08-19,Dynamo Dresden,SV Sandhausen,0,4
2017-08-19,1. FC Heidenheim,MSV Duisburg,1,2
2017-08-19,Fortuna Düsseldorf,1. FC Kaiserslautern,2,0
2017-08-19,TSG Hoffenheim,Werder Bremen,1,0
2017-08-19,Hertha Berlin,VfB Stuttgart,2,0
2017-08-19,Hamburger SV,Augsburg,1,0
2017-08-19,1. FSV Mainz 05,Hannover 96,0,1
2017-08-19,Wolfsburg,Borussia Dortmund,0,3
2017-08-19,Schalke 04,RB Leipzig,2,0
2017-08-20,FC Ingolstadt 04,Jahn Regensburg,2,4
2017-08-20,1. FC Nürnberg,Union Berlin,2,2
2017-08-20,Holstein Kiel,Greuther Fürth,3,1
2017-08-20,SC Freiburg,Eintracht Frankfurt,0,0
2017-08-20,Borussia Mönchengladbach,1. FC Köln,1,0
2017-08-21,Arminia Bielefeld,VfL Bochum,2,0
2017-08-25,Greuther Fürth,FC Ingolstadt 04,0,1
2017-08-25,MSV Duisburg,SV Darmstadt 98,1,2
2017-08-25,1. FC Köln,Hamburger SV,1,3
2017-08-26,FC St. Pauli,1. FC Heidenheim,1,0
2017-08-26,FC Erzgebirge Aue,1. FC Nürnberg,3,1
2017-08-26,Jahn Regensburg,Holstein Kiel,1,2
2017-08-26,Werder Bremen,Bayern Munich,0,2
2017-08-26,Eintracht Frankfurt,Wolfsburg,0,1
2017-08-26,Bayer Leverkusen,TSG Hoffenheim,2,2
2017-08-26,Augsburg,Borussia Mönchengladbach,2,2
2017-08-26,VfB Stuttgart,1. FSV Mainz 05,1,0
2017-08-26,Borussia Dortmund,Hertha Berlin,2,0
2017-08-27,Union Berlin,Arminia Bielefeld,1,1
2017-08-27,VfL Bochum,Dynamo Dresden,3,2
2017-08-27,SV Sandhausen,Fortuna Düsseldorf,1,2
2017-08-27,RB Leipzig,SC Freiburg,4,1
2017-08-27,Hannover 96,Schalke 04,1,0
2017-08-28,1. FC Kaiserslautern,Eintracht Braunschweig,1,1
2017-09-08,Dynamo Dresden,Greuther Fürth,1,1
2017-09-08,1. FC Heidenheim,Jahn Regensburg,1,3
2017-09-08,Hamburger SV,RB Leipzig,0,2
2017-09-09,FC Ingolstadt 04,FC Erzgebirge Aue,1,2
2017-09-09,Arminia Bielefeld,MSV Duisburg,0,4
2017-09-09,Holstein Kiel,1. FC Kaiserslautern,2,1
2017-09-09,SC Freiburg,Borussia Dortmund,0,0
2017-09-09,Borussia Mönchengladbach,Eintracht Frankfurt,0,1
2017-09-09,Augsburg,1. FC Köln,3,0
2017-09-09,1. FSV Mainz 05,Bayer Leverkusen,3,1
2017-09-09,Wolfsburg,Hannover 96,1,1
2017-09-09,TSG Hoffenheim,Bayern Munich,2,0
2017-09-10,SV Darmstadt 98,VfL Bochum,1,2
2017-09-10,Eintracht Braunschweig,SV Sandhausen,1,1
2017-09-10,Fortuna Düsseldorf,Union Berlin,3,2
2017-09-10,Hertha Berlin,Werder Bremen,1,1
2017-09-10,Schalke 04,VfB Stuttgart,3,1
2017-09-11,1. FC Nürnberg,FC St. Pauli,0,1
2017-09-15,Union Berlin,Eintracht Braunschweig,1,1
2017-09-15,FC Erzgebirge Aue,Holstein Kiel,0,3
2017-09-15,Hannover 96,Hamburger SV,2,0
2017-09-16,FC St. Pauli,FC Ingolstadt 04,0,4
2017-09-16,SV Sandhausen,1. FC Kaiserslautern,1,0
2017-09-16,MSV Duisburg,1. FC Nürnberg,1,6
2017-09-16,Bayern Munich,1. FSV Mainz 05,4,0
2017-09-16,Werder Bremen,Schalke 04,1,2
2017-09-16,Eintracht Frankfurt,Augsburg,1,2
2017-09-16,VfB Stuttgart,Wolfsburg,1,0
2017-09-16,RB Leipzig,Borussia Mönchengladbach,2,2
2017-09-17,SV Darmstadt 98,Arminia Bielefeld,4,3
2017-09-17,Greuther Fürth,Fortuna Düsseldorf,3,1
2017-09-17,VfL Bochum,1. FC Heidenheim,1,2
2017-09-17,Jahn Regensburg,Dynamo Dresden,0,2
2017-09-17,TSG Hoffenheim,Hertha Berlin,1,1
2017-09-17,Bayer Leverkusen,SC Freiburg,4,0
2017-09-17,Borussia Dortmund,1. FC Köln,5,0
2017-09-19,FC Ingolstadt 04,MSV Duisburg,2,2
2017-09-19,SV Sandhausen,Union Berlin,1,0
2017-09-19,1. FC Kaiserslautern,FC Erzgebirge Aue,0,2
2017-09-19,Holstein Kiel,FC St. Pauli,0,1
2017-09-19,Borussia Mönchengladbach,VfB Stuttgart,2,0
2017-09-19,Schalke 04,Bayern Munich,0,3
2017-09-19,Augsburg,RB Leipzig,1,0
2017-09-19,Wolfsburg,Werder Bremen,1,1
2017-09-20,Eintracht Braunschweig,Greuther Fürth,3,0
2017-09-20,Dynamo Dresden,Arminia Bielefeld,0,2
2017-09-20,1. FC Heidenheim,SV Darmstadt 98,2,2
2017-09-20,Fortuna Düsseldorf,Jahn Regensburg,1,0
2017-09-20,1. FC Köln,Eintracht Frankfurt,0,1
2017-09-20,Hertha Berlin,Bayer Leverkusen,2,1
2017-09-20,SC Freiburg,Hannover 96,1,1
2017-09-20,Hamburger SV,Borussia Dortmund,0,3
2017-09-20,1. FSV Mainz 05,TSG Hoffenheim,2,3
2017-09-21,1. FC Nürnberg,VfL Bochum,3,1
2017-09-22,FC Erzgebirge Aue,SV Sandhausen,1,0
2017-09-22,MSV Duisburg,Holstein Kiel,1,3
2017-09-22,Bayern Munich,Wolfsburg,2,2
2017-09-23,FC St. Pauli,Fortuna Düsseldorf,1,2
2017-09-23,Arminia Bielefeld,1. FC Heidenheim,1,1
2017-09-23,Jahn Regensburg,Eintracht Braunschweig,2,1
2017-09-23,RB Leipzig,Eintracht Frankfurt,2,1
2017-09-23,TSG Hoffenheim,Schalke 04,2,0
2017-09-23,Werder Bremen,SC Freiburg,0,0
2017-09-23,1. FSV Mainz 05,Hertha Berlin,1,0
2017-09-23,VfB Stuttgart,Augsburg,0,0
2017-09-23,Borussia Dortmund,Borussia Mönchengladbach,6,1
2017-09-24,SV Darmstadt 98,Dynamo Dresden,3,3
2017-09-24,Greuther Fürth,1. FC Nürnberg,1,3
2017-09-24,VfL Bochum,FC Ingolstadt 04,2,0
2017-09-24,Hannover 96,1. FC Köln,0,0
2017-09-24,Bayer Leverkusen,Hamburger SV,3,0
2017-09-25,Union Berlin,1. FC Kaiserslautern,5,0
2017-09-29,FC Ingolstadt 04,SV Darmstadt 98,3,0
2017-09-29,1. FC Kaiserslautern,Greuther Fürth,3,0
2017-09-29,Schalke 04,Bayer Leverkusen,1,1
2017-09-30,1. FC Nürnberg,Arminia Bielefeld,1,2
2017-09-30,FC Erzgebirge Aue,Union Berlin,1,2
2017-09-30,Holstein Kiel,VfL Bochum,3,0
2017-09-30,Borussia Mönchengladbach,Hannover 96,2,1
2017-09-30,Eintracht Frankfurt,VfB Stuttgart,2,1
2017-09-30,Augsburg,Borussia Dortmund,1,2
2017-09-30,Wolfsburg,1. FSV Mainz 05,1,1
2017-09-30,Hamburger SV,Werder Bremen,0,0
2017-10-01,Eintracht Braunschweig,FC St. Pauli,0,2
2017-10-01,1. FC Heidenheim,Dynamo Dresden,0,2
2017-10-01,SV Sandhausen,Jahn Regensburg,2,0
2017-10-01,SC Freiburg,TSG Hoffenheim,3,2
2017-10-01,Hertha Berlin,Bayern Munich,2,2
2017-10-01,1. FC Köln,RB Leipzig,1,2
2017-10-02,Fortuna Düsseldorf,MSV Duisburg,3,1
2017-10-13,FC St. Pauli,1. FC Kaiserslautern,1,1
2017-10-13,MSV Duisburg,Eintracht Braunschweig,0,0
2017-10-13,VfB Stuttgart,1. FC Köln,2,1
2017-10-14,Dynamo Dresden,FC Ingolstadt 04,2,2
2017-10-14,VfL Bochum,SV Sandhausen,2,0
2017-10-14,Arminia Bielefeld,Fortuna Düsseldorf,0,2
2017-10-14,Bayern Munich,SC Freiburg,5,0
2017-10-14,TSG Hoffenheim,Augsburg,2,2
2017-10-14,Hertha Berlin,Schalke 04,0,2
2017-10-14,1. FSV Mainz 05,Hamburger SV,3,2
2017-10-14,Hannover 96,Eintracht Frankfurt,1,2
2017-10-14,Borussia Dortmund,RB Leipzig,2,3
2017-10-15,1. FC Heidenheim,Holstein Kiel,3,5
2017-10-15,Greuther Fürth,FC Erzgebirge Aue,2,1
2017-10-15,Jahn Regensburg,Union Berlin,0,2
2017-10-15,Bayer Leverkusen,Wolfsburg,2,2
2017-10-15,Werder Bremen,Borussia Mönchengladbach,0,2
2017-10-16,SV Darmstadt 98,1. FC Nürnberg,3,4
2017-10-20,FC Ingolstadt 04,1. FC Heidenheim,3,0
2017-10-20,Fortuna Düsseldorf,SV Darmstadt 98,1,0
2017-10-20,Schalke 04,1. FSV Mainz 05,2,0
2017-10-21,Eintracht Braunschweig,VfL Bochum,1,0
2017-10-21,Union Berlin,Greuther Fürth,3,1
2017-10-21,Holstein Kiel,Arminia Bielefeld,2,1
2017-10-21,RB Leipzig,VfB Stuttgart,1,0
2017-10-21,Borussia Mönchengladbach,Bayer Leverkusen,1,5
2017-10-21,Eintracht Frankfurt,Borussia Dortmund,2,2
2017-10-21,Augsburg,Hannover 96,1,2
2017-10-21,Hamburger SV,Bayern Munich,0,1
2017-10-22,1. FC Nürnberg,Dynamo Dresden,2,1
2017-10-22,1. FC Kaiserslautern,MSV Duisburg,0,1
2017-10-22,FC Erzgebirge Aue,Jahn Regensburg,1,0
2017-10-22,1. FC Köln,Werder Bremen,0,0
2017-10-22,SC Freiburg,Hertha Berlin,1,1
2017-10-22,Wolfsburg,TSG Hoffenheim,1,1
2017-10-23,SV Sandhausen,FC St. Pauli,1,1
2017-10-27,FC St. Pauli,FC Erzgebirge Aue,1,1
2017-10-27,Arminia Bielefeld,FC Ingolstadt 04,1,3
2017-10-27,1. FSV Mainz 05,Eintracht Frankfurt,1,1
2017-10-28,SV Darmstadt 98,Holstein Kiel,1,1
2017-10-28,Greuther Fürth,SV Sandhausen,2,1
2017-10-28,Jahn Regensburg,1. FC Kaiserslautern,3,1
2017-10-28,TSG Hoffenheim,Borussia Mönchengladbach,1,3
2017-10-28,Hertha Berlin,Hamburger SV,2,1
2017-10-28,Schalke 04,Wolfsburg,1,1
2017-10-28,Bayer Leverkusen,1. FC Köln,2,1
2017-10-28,Hannover 96,Borussia Dortmund,4,2
2017-10-28,Bayern Munich,RB Leipzig,2,0
2017-10-29,Dynamo Dresden,Eintracht Braunschweig,1,1
2017-10-29,1. FC Heidenheim,1. FC Nürnberg,1,0
2017-10-29,MSV Duisburg,Union Berlin,1,1
2017-10-29,Werder Bremen,Augsburg,0,3
2017-10-29,VfB Stuttgart,SC Freiburg,3,0
2017-10-30,VfL Bochum,Fortuna Düsseldorf,0,0
2017-11-03,SV Sandhausen,MSV Duisburg,0,1
2017-11-03,1. FC Kaiserslautern,VfL Bochum,0,0
2017-11-03,Eintracht Frankfurt,Werder Bremen,2,1
2017-11-04,Eintracht Braunschweig,SV Darmstadt 98,2,2
2017-11-04,Union Berlin,FC St. Pauli,1,0
2017-11-04,Jahn Regensburg,Greuther Fürth,3,2
2017-11-04,RB Leipzig,Hannover 96,2,1
2017-11-04,SC Freiburg,Schalke 04,0,1
2017-11-04,Borussia Mönchengladbach,1. FSV Mainz 05,1,1
2017-11-04,Augsburg,Bayer Leverkusen,1,1
2017-11-04,Hamburger SV,VfB Stuttgart,3,1
2017-11-04,Borussia Dortmund,Bayern Munich,1,3
2017-11-05,Fortuna Düsseldorf,1. FC Heidenheim,2,2
2017-11-05,FC Erzgebirge Aue,Arminia Bielefeld,1,1
2017-11-05,Holstein Kiel,Dynamo Dresden,3,0
2017-11-05,1. FC Köln,TSG Hoffenheim,0,3
2017-11-05,Wolfsburg,Hertha Berlin,3,3
2017-11-06,1. FC Nürnberg,FC Ingolstadt 04,1,2
2017-11-17,SV Darmstadt 98,SV Sandhausen,1,2
2017-11-17,Arminia Bielefeld,Eintracht Braunschweig,2,2
2017-11-17,VfB Stuttgart,Borussia Dortmund,2,1
2017-11-18,1. FC Heidenheim,Union Berlin,4,3
2017-11-18,VfL Bochum,Greuther Fürth,1,1
2017-11-18,1. FC Nürnberg,Holstein Kiel,2,2
2017-11-18,Bayern Munich,Augsburg,3,0
2017-11-18,TSG Hoffenheim,Eintracht Frankfurt,1,1
2017-11-18,Bayer Leverkusen,RB Leipzig,2,2
2017-11-18,1. FSV Mainz 05,1. FC Köln,1,0
2017-11-18,Wolfsburg,SC Freiburg,3,1
2017-11-18,Hertha Berlin,Borussia Mönchengladbach,2,4
2017-11-19,FC Ingolstadt 04,Fortuna Düsseldorf,1,0
2017-11-19,FC St. Pauli,Jahn Regensburg,2,2
2017-11-19,MSV Duisburg,FC Erzgebirge Aue,3,0
2017-11-19,Schalke 04,Hamburger SV,2,0
2017-11-19,Werder Bremen,Hannover 96,4,0
2017-11-20,Dynamo Dresden,1. FC Kaiserslautern,1,2
2017-11-24,Union Berlin,SV Darmstadt 98,3,3
2017-11-24,SV Sandhausen,1. FC Heidenheim,1,2
2017-11-24,Hannover 96,VfB Stuttgart,1,1
2017-11-25,Eintracht Braunschweig,1. FC Nürnberg,2,3
2017-11-25,Holstein Kiel,FC Ingolstadt 04,0,0
2017-11-25,Jahn Regensburg,MSV Duisburg,4,0
2017-11-25,Borussia Dortmund,Schalke 04,4,4
2017-11-25,RB Leipzig,Werder Bremen,2,0
2017-11-25,SC Freiburg,1. FSV Mainz 05,2,1
2017-11-25,Eintracht Frankfurt,Bayer Leverkusen,0,1
2017-11-25,Augsburg,Wolfsburg,2,1
2017-11-25,Borussia Mönchengladbach,Bayern Munich,2,1
2017-11-26,Greuther Fürth,FC St. Pauli,4,0
2017-11-26,1. FC Kaiserslautern,Arminia Bielefeld,0,2
2017-11-26,FC Erzgebirge Aue,VfL Bochum,1,1
2017-11-26,Hamburger SV,TSG Hoffenheim,3,0
2017-11-26,1. FC Köln,Hertha Berlin,0,2
2017-11-27,Fortuna Düsseldorf,Dynamo Dresden,1,3
2017-12-01,1. FC Heidenheim,1. FC Kaiserslautern,3,2
2017-12-01,Arminia Bielefeld,FC St. Pauli,5,0
2017-12-01,SC Freiburg,Hamburger SV,0,0
2017-12-02,1. FC Nürnberg,SV Sandhausen,1,0
2017-12-02,MSV Duisburg,Greuther Fürth,2,0
2017-12-02,Holstein Kiel,Fortuna Düsseldorf,2,2
2017-12-02,Bayern Munich,Hannover 96,3,1
2017-12-02,TSG Hoffenheim,RB Leipzig,4,0
2017-12-02,Werder Bremen,VfB Stuttgart,1,0
2017-12-02,Bayer Leverkusen,Borussia Dortmund,1,1
2017-12-02,1. FSV Mainz 05,Augsburg,1,3
2017-12-02,Schalke 04,1. FC Köln,2,2
2017-12-03,SV Darmstadt 98,Jahn Regensburg,0,1
2017-12-03,Dynamo Dresden,FC Erzgebirge Aue,4,0
2017-12-03,VfL Bochum,Union Berlin,2,1
2017-12-03,Hertha Berlin,Eintracht Frankfurt,1,2
2017-12-03,Wolfsburg,Borussia Mönchengladbach,3,0
2017-12-04,FC Ingolstadt 04,Eintracht Braunschweig,0,2
2017-12-08,Eintracht Braunschweig,Holstein Kiel,0,0
2017-12-08,FC Erzgebirge Aue,SV Darmstadt 98,1,0
2017-12-08,VfB Stuttgart,Bayer Leverkusen,0,2
2017-12-09,Union Berlin,Dynamo Dresden,0,1
2017-12-09,Greuther Fürth,1. FC Heidenheim,1,0
2017-12-09,Jahn Regensburg,VfL Bochum,0,1
2017-12-09,Borussia Dortmund,Werder Bremen,1,2
2017-12-09,RB Leipzig,1. FSV Mainz 05,2,2
2017-12-09,Eintracht Frankfurt,Bayern Munich,0,1
2017-12-09,Hamburger SV,Wolfsburg,0,0
2017-12-09,Borussia Mönchengladbach,Schalke 04,1,1
2017-12-10,FC St. Pauli,MSV Duisburg,2,2
2017-12-10,SV Sandhausen,Arminia Bielefeld,3,1
2017-12-10,1. FC Kaiserslautern,FC Ingolstadt 04,1,1
2017-12-10,1. FC Köln,SC Freiburg,3,4
2017-12-10,Hannover 96,TSG Hoffenheim,2,0
2017-12-10,Augsburg,Hertha Berlin,1,1
2017-12-11,Fortuna Düsseldorf,1. FC Nürnberg,0,2
2017-12-12,Wolfsburg,RB Leipzig,1,1
2017-12-12,SC Freiburg,Borussia Mönchengladbach,1,0
2017-12-12,Hamburger SV,Eintracht Frankfurt,1,2
2017-12-12,1. FSV Mainz 05,Borussia Dortmund,0,2
2017-12-13,TSG Hoffenheim,VfB Stuttgart,1,0
2017-12-13,Bayern Munich,1. FC Köln,1,0
2017-12-13,Hertha Berlin,Hannover 96,3,1
2017-12-13,Schalke 04,Augsburg,3,2
2017-12-13,Bayer Leverkusen,Werder Bremen,1,0
2017-12-15,Eintracht Braunschweig,Fortuna Düsseldorf,0,1
2017-12-15,Union Berlin,FC Ingolstadt 04,1,2
2017-12-15,Borussia Mönchengladbach,Hamburger SV,3,1
2017-12-16,1. FC Kaiserslautern,1. FC Nürnberg,1,1
2017-12-16,FC Erzgebirge Aue,1. FC Heidenheim,1,1
2017-12-16,Jahn Regensburg,Arminia Bielefeld,3,2
2017-12-16,1. FC Köln,Wolfsburg,1,0
2017-12-16,Werder Bremen,1. FSV Mainz 05,2,2
2017-12-16,Eintracht Frankfurt,Schalke 04,2,2
2017-12-16,Augsburg,SC Freiburg,3,3
2017-12-16,VfB Stuttgart,Bayern Munich,0,1
2017-12-16,Borussia Dortmund,TSG Hoffenheim,2,1
2017-12-17,Greuther Fürth,SV Darmstadt 98,1,1
2017-12-17,SV Sandhausen,Holstein Kiel,3,1
2017-12-17,MSV Duisburg,Dynamo Dresden,2,0
2017-12-17,Hannover 96,Bayer Leverkusen,4,4
2017-12-17,RB Leipzig,Hertha Berlin,2,3
2017-12-18,FC St. Pauli,VfL Bochum,2,1
2018-01-12,Bayer Leverkusen,Bayern Munich,1,3
2018-01-13,Werder Bremen,TSG Hoffenheim,1,1
2018-01-13,Eintracht Frankfurt,SC Freiburg,1,1
2018-01-13,Augsburg,Hamburger SV,1,0
2018-01-13,Hannover 96,1. FSV Mainz 05,3,2
2018-01-13,VfB Stuttgart,Hertha Berlin,1,0
2018-01-13,RB Leipzig,Schalke 04,3,1
2018-01-14,1. FC Köln,Borussia Mönchengladbach,2,1
2018-01-14,Borussia Dortmund,Wolfsburg,0,0
2018-01-19,Hertha Berlin,Borussia Dortmund,1,1
2018-01-20,TSG Hoffenheim,Bayer Leverkusen,1,4
2018-01-20,SC Freiburg,RB Leipzig,2,1
2018-01-20,Borussia Mönchengladbach,Augsburg,2,0
2018-01-20,1. FSV Mainz 05,VfB Stuttgart,3,2
2018-01-20,Wolfsburg,Eintracht Frankfurt,1,3
2018-01-20,Hamburger SV,1. FC Köln,0,2
2018-01-21,Bayern Munich,Werder Bremen,4,2
2018-01-21,Schalke 04,Hannover 96,1,1
2018-01-23,VfL Bochum,MSV Duisburg,0,2
2018-01-23,FC Ingolstadt 04,SV Sandhausen,0,0
2018-01-23,1. FC Nürnberg,Jahn Regensburg,2,2
2018-01-23,Holstein Kiel,Union Berlin,2,2
2018-01-24,SV Darmstadt 98,1. FC Kaiserslautern,1,2
2018-01-24,1. FC Heidenheim,Eintracht Braunschweig,2,0
2018-01-24,Fortuna Düsseldorf,FC Erzgebirge Aue,2,1
2018-01-24,Arminia Bielefeld,Greuther Fürth,0,0
2018-01-25,Dynamo Dresden,FC St. Pauli,1,3
2018-01-26,Union Berlin,1. FC Nürnberg,0,1
2018-01-26,Jahn Regensburg,FC Ingolstadt 04,3,2
2018-01-26,Eintracht Frankfurt,Borussia Mönchengladbach,2,0
2018-01-27,Greuther Fürth,Holstein Kiel,0,0
2018-01-27,1. FC Kaiserslautern,Fortuna Düsseldorf,1,3
2018-01-27,MSV Duisburg,1. FC Heidenheim,3,3
2018-01-27,Bayern Munich,TSG Hoffenheim,5,2
2018-01-27,Borussia Dortmund,SC Freiburg,2,2
2018-01-27,RB Leipzig,Hamburger SV,1,1
2018-01-27,1. FC Köln,Augsburg,1,1
2018-01-27,VfB Stuttgart,Schalke 04,0,2
2018-01-27,Werder Bremen,Hertha Berlin,0,0
2018-01-28,FC St. Pauli,SV Darmstadt 98,0,1
2018-01-28,SV Sandhausen,Dynamo Dresden,1,0
2018-01-28,FC Erzgebirge Aue,Eintracht Braunschweig,1,3
2018-01-28,Bayer Leverkusen,1. FSV Mainz 05,2,0
2018-01-28,Hannover 96,Wolfsburg,0,1
2018-01-29,VfL Bochum,Arminia Bielefeld,0,1
2018-02-02,Fortuna Düsseldorf,SV Sandhausen,1,0
2018-02-02,1. FC Nürnberg,FC Erzgebirge Aue,4,1
2018-02-02,1. FC Köln,Borussia Dortmund,2,3
2018-02-03,FC Ingolstadt 04,Greuther Fürth,3,0
2018-02-03,1. FC Heidenheim,FC St. Pauli,3,1
2018-02-03,Holstein Kiel,Jahn Regensburg,1,1
2018-02-03,Hertha Berlin,TSG Hoffenheim,1,1
2018-02-03,SC Freiburg,Bayer Leverkusen,0,0
2018-02-03,Schalke 04,Werder Bremen,1,2
2018-02-03,1. FSV Mainz 05,Bayern Munich,0,2
2018-02-03,Wolfsburg,VfB Stuttgart,1,1
2018-02-03,Borussia Mönchengladbach,RB Leipzig,0,1
2018-02-04,SV Darmstadt 98,MSV Duisburg,1,2
2018-02-04,Eintracht Braunschweig,1. FC Kaiserslautern,1,2
2018-02-04,Dynamo Dresden,VfL Bochum,2,0
2018-02-04,Augsburg,Eintracht Frankfurt,3,0
2018-02-04,Hamburger SV,Hannover 96,1,1
2018-02-05,Arminia Bielefeld,Union Berlin,1,1
2018-02-09,VfL Bochum,SV Darmstadt 98,2,1
2018-02-09,1. FC Kaiserslautern,Holstein Kiel,3,1
2018-02-09,RB Leipzig,Augsburg,2,0
2018-02-10,Union Berlin,Fortuna Düsseldorf,3,1
2018-02-10,MSV Duisburg,Arminia Bielefeld,2,2
2018-02-10,Jahn Regensburg,1. FC Heidenheim,2,0
2018-02-10,Borussia Dortmund,Hamburger SV,2,0
2018-02-10,TSG Hoffenheim,1. FSV Mainz 05,4,2
2018-02-10,Eintracht Frankfurt,1. FC Köln,4,2
2018-02-10,Bayer Leverkusen,Hertha Berlin,0,2
2018-02-10,Hannover 96,SC Freiburg,2,1
2018-02-10,Bayern Munich,Schalke 04,2,1
2018-02-11,Greuther Fürth,Dynamo Dresden,1,0
2018-02-11,SV Sandhausen,Eintracht Braunschweig,0,0
2018-02-11,FC Erzgebirge Aue,FC Ingolstadt 04,0,0
2018-02-11,VfB Stuttgart,Borussia Mönchengladbach,1,0
2018-02-11,Werder Bremen,Wolfsburg,3,1
2018-02-12,FC St. Pauli,1. FC Nürnberg,0,0
2018-02-16,1. FC Heidenheim,VfL Bochum,1,0
2018-02-16,1. FC Kaiserslautern,SV Sandhausen,0,1
2018-02-16,Hertha Berlin,1. FSV Mainz 05,0,2
2018-02-17,FC Ingolstadt 04,FC St. Pauli,0,1
2018-02-17,Fortuna Düsseldorf,Greuther Fürth,1,1
2018-02-17,Arminia Bielefeld,SV Darmstadt 98,2,0
2018-02-17,Holstein Kiel,FC Erzgebirge Aue,2,2
2018-02-17,1. FC Köln,Hannover 96,1,1
2018-02-17,SC Freiburg,Werder Bremen,1,0
2018-02-17,Hamburger SV,Bayer Leverkusen,1,2
2018-02-17,Wolfsburg,Bayern Munich,1,2
2018-02-17,Schalke 04,TSG Hoffenheim,2,1
2018-02-18,Eintracht Braunschweig,Union Berlin,1,0
2018-02-18,Dynamo Dresden,Jahn Regensburg,1,0
2018-02-18,1. FC Nürnberg,MSV Duisburg,3,1
2018-02-18,Augsburg,VfB Stuttgart,0,1
2018-02-18,Borussia Mönchengladbach,Borussia Dortmund,0,1
2018-02-19,Eintracht Frankfurt,RB Leipzig,2,1
2018-02-23,Arminia Bielefeld,Dynamo Dresden,2,3
2018-02-23,Jahn Regensburg,Fortuna Düsseldorf,4,3
2018-02-23,1. FSV Mainz 05,Wolfsburg,1,1
2018-02-24,Union Berlin,SV Sandhausen,2,1
2018-02-24,Greuther Fürth,Eintracht Braunschweig,2,1
2018-02-24,FC Erzgebirge Aue,1. FC Kaiserslautern,2,1
2018-02-24,MSV Duisburg,FC Ingolstadt 04,2,1
2018-02-24,Bayern Munich,Hertha Berlin,0,0
2018-02-24,TSG Hoffenheim,SC Freiburg,1,1
2018-02-24,Hannover 96,Borussia Mönchengladbach,0,1
2018-02-24,VfB Stuttgart,Eintracht Frankfurt,1,0
2018-02-24,Werder Bremen,Hamburger SV,1,0
2018-02-25,SV Darmstadt 98,1. FC Heidenheim,1,1
2018-02-25,FC St. Pauli,Holstein Kiel,3,2
2018-02-25,VfL Bochum,1. FC Nürnberg,0,0
2018-02-25,Bayer Leverkusen,Schalke 04,0,2
2018-02-25,RB Leipzig,1. FC Köln,1,2
2018-02-26,Borussia Dortmund,Augsburg,1,1
2018-03-02,Dynamo Dresden,SV Darmstadt 98,0,2
2018-03-02,1. FC Kaiserslautern,Union Berlin,4,3
2018-03-02,Borussia Mönchengladbach,Werder Bremen,2,2
2018-03-03,SV Sandhausen,FC Erzgebirge Aue,1,1
2018-03-03,1. FC Nürnberg,Greuther Fürth,0,2
2018-03-03,Holstein Kiel,MSV Duisburg,5,0
2018-03-03,Schalke 04,Hertha Berlin,1,0
2018-03-03,Eintracht Frankfurt,Hannover 96,1,0
2018-03-03,Augsburg,TSG Hoffenheim,0,2
2018-03-03,Hamburger SV,1. FSV Mainz 05,0,0
2018-03-03,Wolfsburg,Bayer Leverkusen,1,2
2018-03-03,RB Leipzig,Borussia Dortmund,1,1
2018-03-04,Eintracht Braunschweig,Jahn Regensburg,2,1
2018-03-04,1. FC Heidenheim,Arminia Bielefeld,2,2
2018-03-04,Fortuna Düsseldorf,FC St. Pauli,2,1
2018-03-04,1. FC Köln,VfB Stuttgart,2,3
2018-03-04,SC Freiburg,Bayern Munich,0,4
2018-03-05,FC Ingolstadt 04,VfL Bochum,0,1
2018-03-09,Dynamo Dresden,1. FC Heidenheim,3,2
2018-03-09,Arminia Bielefeld,1. FC Nürnberg,1,0
2018-03-09,1. FSV Mainz 05,Schalke 04,0,1
2018-03-10,SV Darmstadt 98,FC Ingolstadt 04,1,1
2018-03-10,FC St. Pauli,Eintracht Braunschweig,0,0
2018-03-10,Greuther Fürth,1. FC Kaiserslautern,2,1
2018-03-10,VfL Bochum,Holstein Kiel,1,1
2018-03-10,Bayern Munich,Hamburger SV,6,0
2018-03-10,TSG Hoffenheim,Wolfsburg,3,0
2018-03-10,Hertha Berlin,SC Freiburg,0,0
2018-03-10,Hannover 96,Augsburg,1,3
2018-03-10,Bayer Leverkusen,Borussia Mönchengladbach,2,0
2018-03-11,Union Berlin,FC Erzgebirge Aue,0,0
2018-03-11,MSV Duisburg,Fortuna Düsseldorf,1,2
2018-03-11,Jahn Regensburg,SV Sandhausen,2,1
2018-03-11,VfB Stuttgart,RB Leipzig,0,0
2018-03-11,Borussia Dortmund,Eintracht Frankfurt,3,2
2018-03-12,Werder Bremen,1. FC Köln,3,1
2018-03-16,Fortuna Düsseldorf,Arminia Bielefeld,4,2
2018-03-16,Holstein Kiel,1. FC Heidenheim,2,1
2018-03-16,SC Freiburg,VfB Stuttgart,1,2
2018-03-17,Union Berlin,Jahn Regensburg,2,2
2018-03-17,SV Sandhausen,VfL Bochum,2,3
2018-03-17,1. FC Kaiserslautern,FC St. Pauli,1,1
2018-03-17,Borussia Mönchengladbach,TSG Hoffenheim,3,3
2018-03-17,Eintracht Frankfurt,1. FSV Mainz 05,3,0
2018-03-17,Augsburg,Werder Bremen,1,3
2018-03-17,Hamburger SV,Hertha Berlin,1,2
2018-03-17,Wolfsburg,Schalke 04,0,1
2018-03-18,FC Ingolstadt 04,Dynamo Dresden,4,2
2018-03-18,Eintracht Braunschweig,MSV Duisburg,3,2
2018-03-18,1. FC Nürnberg,SV Darmstadt 98,1,1
2018-03-18,Borussia Dortmund,Hannover 96,1,0
2018-03-18,1. FC Köln,Bayer Leverkusen,2,0
2018-03-18,RB Leipzig,Bayern Munich,2,1
2018-03-19,FC Erzgebirge Aue,Greuther Fürth,2,1
2018-03-31,Dynamo Dresden,1. FC Nürnberg,1,1
2018-03-31,1. FC Heidenheim,FC Ingolstadt 04,1,2
2018-03-31,MSV Duisburg,1. FC Kaiserslautern,1,4
2018-03-31,TSG Hoffenheim,1. FC Köln,6,0
2018-03-31,Schalke 04,SC Freiburg,2,0
2018-03-31,Bayer Leverkusen,Augsburg,0,0
2018-03-31,Hannover 96,RB Leipzig,2,3
2018-03-31,VfB Stuttgart,Hamburger SV,1,1
2018-03-31,Bayern Munich,Borussia Dortmund,6,0
2018-03-31,Hertha Berlin,Wolfsburg,0,0
2018-04-01,FC St. Pauli,SV Sandhausen,1,1
2018-04-01,Greuther Fürth,Union Berlin,2,1
2018-04-01,VfL Bochum,Eintracht Braunschweig,2,0
2018-04-01,Arminia Bielefeld,Holstein Kiel,1,1
2018-04-01,Jahn Regensburg,FC Erzgebirge Aue,1,3
2018-04-01,Werder Bremen,Eintracht Frankfurt,2,1
2018-04-01,1. FSV Mainz 05,Borussia Mönchengladbach,0,0
2018-04-02,SV Darmstadt 98,Fortuna Düsseldorf,1,0
2018-04-06,SV Sandhausen,Greuther Fürth,0,0
2018-04-06,Fortuna Düsseldorf,VfL Bochum,1,2
2018-04-06,Hannover 96,Werder Bremen,2,1
2018-04-07,Union Berlin,MSV Duisburg,0,0
2018-04-07,1. FC Nürnberg,1. FC Heidenheim,3,2
2018-04-07,FC Erzgebirge Aue,FC St. Pauli,2,1
2018-04-07,Holstein Kiel,SV Darmstadt 98,0,0
2018-04-07,1. FC Köln,1. FSV Mainz 05,1,1
2018-04-07,SC Freiburg,Wolfsburg,0,2
2018-04-07,Borussia Mönchengladbach,Hertha Berlin,2,1
2018-04-07,Augsburg,Bayern Munich,1,4
2018-04-07,Hamburger SV,Schalke 04,3,2
2018-04-08,FC Ingolstadt 04,Arminia Bielefeld,2,2
2018-04-08,Eintracht Braunschweig,Dynamo Dresden,1,1
2018-04-08,1. FC Kaiserslautern,Jahn Regensburg,1,1
2018-04-08,Borussia Dortmund,VfB Stuttgart,3,0
2018-04-08,Eintracht Frankfurt,TSG Hoffenheim,1,1
2018-04-09,RB Leipzig,Bayer Leverkusen,1,4
2018-04-13,Greuther Fürth,Jahn Regensburg,1,2
2018-04-13,VfL Bochum,1. FC Kaiserslautern,3,2
2018-04-13,Wolfsburg,Augsburg,0,0
2018-04-14,Dynamo Dresden,Holstein Kiel,0,4
2018-04-14,FC St. Pauli,Union Berlin,0,1
2018-04-14,Arminia Bielefeld,FC Erzgebirge Aue,2,0
2018-04-14,MSV Duisburg,SV Sandhausen,0,2
2018-04-14,TSG Hoffenheim,Hamburger SV,2,0
2018-04-14,Hertha Berlin,1. FC Köln,2,1
2018-04-14,Bayer Leverkusen,Eintracht Frankfurt,4,1
2018-04-14,VfB Stuttgart,Hannover 96,1,1
2018-04-14,Bayern Munich,Borussia Mönchengladbach,5,1
2018-04-15,FC Ingolstadt 04,1. FC Nürnberg,1,1
2018-04-15,SV Darmstadt 98,Eintracht Braunschweig,1,1
2018-04-15,1. FC Heidenheim,Fortuna Düsseldorf,3,1
2018-04-15,Schalke 04,Borussia Dortmund,2,0
2018-04-15,Werder Bremen,RB Leipzig,1,1
2018-04-16,1. FSV Mainz 05,SC Freiburg,2,0
2018-04-20,Eintracht Braunschweig,Arminia Bielefeld,0,0
2018-04-20,Greuther Fürth,VfL Bochum,1,1
2018-04-20,Borussia Mönchengladbach,Wolfsburg,3,0
2018-04-21,Union Berlin,1. FC Heidenheim,1,1
2018-04-21,SV Sandhausen,SV Darmstadt 98,1,1
2018-04-21,Jahn Regensburg,FC St. Pauli,3,1
2018-04-21,RB Leipzig,TSG Hoffenheim,2,5
2018-04-21,Eintracht Frankfurt,Hertha Berlin,0,3
2018-04-21,Hamburger SV,SC Freiburg,1,0
2018-04-21,Hannover 96,Bayern Munich,0,3
2018-04-21,VfB Stuttgart,Werder Bremen,2,0
2018-04-21,Borussia Dortmund,Bayer Leverkusen,4,0
2018-04-22,Fortuna Düsseldorf,FC Ingolstadt 04,3,0
2018-04-22,1. FC Kaiserslautern,Dynamo Dresden,0,1
2018-04-22,FC Erzgebirge Aue,MSV Duisburg,1,3
2018-04-22,Augsburg,1. FSV Mainz 05,2,0
2018-04-22,1. FC Köln,Schalke 04,2,2
2018-04-23,Holstein Kiel,1. FC Nürnberg,1,3
2018-04-27,VfL Bochum,FC Erzgebirge Aue,2,1
2018-04-27,Arminia Bielefeld,1. FC Kaiserslautern,3,2
2018-04-27,TSG Hoffenheim,Hannover 96,3,1
2018-04-28,SV Darmstadt 98,Union Berlin,3,1
2018-04-28,Dynamo Dresden,Fortuna Düsseldorf,1,2
2018-04-28,FC St. Pauli,Greuther Fürth,3,0
2018-04-28,Bayern Munich,Eintracht Frankfurt,4,1
2018-04-28,Hertha Berlin,Augsburg,2,2
2018-04-28,SC Freiburg,1. FC Köln,3,2
2018-04-28,Schalke 04,Borussia Mönchengladbach,1,1
2018-04-28,Wolfsburg,Hamburger SV,1,3
2018-04-28,Bayer Leverkusen,VfB Stuttgart,0,1
2018-04-29,FC Ingolstadt 04,Holstein Kiel,1,5
2018-04-29,1. FC Heidenheim,SV Sandhausen,2,0
2018-04-29,MSV Duisburg,Jahn Regensburg,4,1
2018-04-29,1. FSV Mainz 05,RB Leipzig,3,0
2018-04-29,Werder Bremen,Borussia Dortmund,1,1
2018-04-30,1. FC Nürnberg,Eintracht Braunschweig,2,0
2018-05-05,Borussia Dortmund,1. FSV Mainz 05,1,2
2018-05-05,RB Leipzig,Wolfsburg,4,1
2018-05-05,1. FC Köln,Bayern Munich,1,3
2018-05-05,Werder Bremen,Bayer Leverkusen,0,0
2018-05-05,Borussia Mönchengladbach,SC Freiburg,3,1
2018-05-05,Eintracht Frankfurt,Hamburger SV,3,0
2018-05-05,Augsburg,Schalke 04,1,2
2018-05-05,Hannover 96,Hertha Berlin,3,1
2018-05-05,VfB Stuttgart,TSG Hoffenheim,2,0
2018-05-06,Eintracht Braunschweig,FC Ingolstadt 04,0,2
2018-05-06,Union Berlin,VfL Bochum,3,1
2018-05-06,FC St. Pauli,Arminia Bielefeld,1,0
2018-05-06,Greuther Fürth,MSV Duisburg,2,2
2018-05-06,SV Sandhausen,1. FC Nürnberg,0,2
2018-05-06,Fortuna Düsseldorf,Holstein Kiel,1,1
2018-05-06,1. FC Kaiserslautern,1. FC Heidenheim,1,0
2018-05-06,FC Erzgebirge Aue,Dynamo Dresden,0,0
2018-05-06,Jahn Regensburg,SV Darmstadt 98,0,3
2018-05-12,Bayern Munich,VfB Stuttgart,1,4
2018-05-12,TSG Hoffenheim,Borussia Dortmund,3,1
2018-05-12,Hertha Berlin,RB Leipzig,2,6
2018-05-12,SC Freiburg,Augsburg,2,0
2018-05-12,Schalke 04,Eintracht Frankfurt,1,0
2018-05-12,Bayer Leverkusen,Hannover 96,3,2
2018-05-12,Hamburger SV,Borussia Mönchengladbach,2,1
2018-05-12,1. FSV Mainz 05,Werder Bremen,1,2
2018-05-12,Wolfsburg,1. FC Köln,4,1
2018-05-13,FC Ingolstadt 04,1. FC Kaiserslautern,1,3
2018-05-13,SV Darmstadt 98,FC Erzgebirge Aue,1,0
2018-05-13,Dynamo Dresden,Union Berlin,0,1
2018-05-13,1. FC Heidenheim,Greuther Fürth,1,1
2018-05-13,VfL Bochum,Jahn Regensburg,1,1
2018-05-13,1. FC Nürnberg,Fortuna Düsseldorf,2,3
2018-05-13,Arminia Bielefeld,SV Sandhausen,0,0
2018-05-13,MSV Duisburg,FC St. Pauli,2,0
2018-05-13,Holstein Kiel,Eintracht Braunschweig,6,2
2018-08-03,Hamburger SV,Holstein Kiel,0,3
2018-08-04,VfL Bochum,1. FC Köln,0,2
2018-08-04,Jahn Regensburg,FC Ingolstadt 04,2,1
2018-08-04,Greuther Fürth,SV Sandhausen,3,1
2018-08-05,1. FC Magdeburg,FC St. Pauli,1,2
2018-08-05,Union Berlin,FC Erzgebirge Aue,1,0
2018-08-05,SV Darmstadt 98,SC Paderborn,1,0
2018-08-05,1. FC Heidenheim,Arminia Bielefeld,1,1
2018-08-06,Dynamo Dresden,MSV Duisburg,1,0
2018-08-10,FC Ingolstadt 04,Greuther Fürth,1,1
2018-08-10,SC Paderborn,Jahn Regensburg,2,0
2018-08-10,FC St. Pauli,SV Darmstadt 98,2,0
2018-08-11,MSV Duisburg,VfL Bochum,0,2
2018-08-11,Arminia Bielefeld,Dynamo Dresden,2,1
2018-08-12,SV Sandhausen,Hamburger SV,0,3
2018-08-12,Holstein Kiel,1. FC Heidenheim,1,1
2018-08-12,FC Erzgebirge Aue,1. FC Magdeburg,0,0
2018-08-13,1. FC Köln,Union Berlin,1,1
2018-08-24,VfL Bochum,SV Sandhausen,1,0
2018-08-24,SV Darmstadt 98,MSV Duisburg,3,0
2018-08-24,Bayern Munich,TSG Hoffenheim,3,1
2018-08-25,1. FC Köln,FC Erzgebirge Aue,3,1
2018-08-25,Greuther Fürth,SC Paderborn,2,2
2018-08-25,1. FC Magdeburg,FC Ingolstadt 04,1,1
2018-08-25,Hertha Berlin,1. FC Nürnberg,1,0
2018-08-25,Werder Bremen,Hannover 96,1,1
2018-08-25,SC Freiburg,Eintracht Frankfurt,0,2
2018-08-25,Wolfsburg,Schalke 04,2,1
2018-08-25,Fortuna Düsseldorf,Augsburg,1,2
2018-08-25,Borussia Mönchengladbach,Bayer Leverkusen,2,0
2018-08-26,Jahn Regensburg,Holstein Kiel,0,0
2018-08-26,Union Berlin,FC St. Pauli,4,1
2018-08-26,Dynamo Dresden,1. FC Heidenheim,1,3
2018-08-26,1. FSV Mainz 05,VfB Stuttgart,1,0
2018-08-26,Borussia Dortmund,RB Leipzig,4,1
2018-08-27,Hamburger SV,Arminia Bielefeld,3,0
2018-08-31,FC Ingolstadt 04,FC Erzgebirge Aue,3,2
2018-08-31,SC Paderborn,VfL Bochum,2,2
2018-08-31,Hannover 96,Borussia Dortmund,0,0
2018-09-01,Arminia Bielefeld,Jahn Regensburg,5,3
2018-09-01,MSV Duisburg,Greuther Fürth,0,1
2018-09-01,TSG Hoffenheim,SC Freiburg,3,1
2018-09-01,Bayer Leverkusen,Wolfsburg,1,3
2018-09-01,Eintracht Frankfurt,Werder Bremen,1,2
2018-09-01,Augsburg,Borussia Mönchengladbach,1,1
2018-09-01,1. FC Nürnberg,1. FSV Mainz 05,1,1
2018-09-01,VfB Stuttgart,Bayern Munich,0,3
2018-09-02,SV Sandhausen,Union Berlin,0,0
2018-09-02,FC St. Pauli,1. FC Köln,3,5
2018-09-02,1. FC Heidenheim,SV Darmstadt 98,0,1
2018-09-02,RB Leipzig,Fortuna Düsseldorf,1,1
2018-09-02,Schalke 04,Hertha Berlin,0,2
2018-09-03,Holstein Kiel,1. FC Magdeburg,2,1
2018-09-14,Jahn Regensburg,Dynamo Dresden,0,2
2018-09-14,Union Berlin,MSV Duisburg,2,2
2018-09-14,Borussia Dortmund,Eintracht Frankfurt,3,1
2018-09-15,Hamburger SV,1. FC Heidenheim,3,2
2018-09-15,SV Darmstadt 98,SV Sandhausen,1,1
2018-09-15,Greuther Fürth,Holstein Kiel,4,1
2018-09-15,Bayern Munich,Bayer Leverkusen,3,1
2018-09-15,RB Leipzig,Hannover 96,3,2
2018-09-15,1. FSV Mainz 05,Augsburg,2,1
2018-09-15,Wolfsburg,Hertha Berlin,2,2
2018-09-15,Fortuna Düsseldorf,TSG Hoffenheim,2,1
2018-09-15,Borussia Mönchengladbach,Schalke 04,2,1
2018-09-16,1. FC Köln,SC Paderborn,3,5
2018-09-16,VfL Bochum,FC Ingolstadt 04,6,0
2018-09-16,FC Erzgebirge Aue,FC St. Pauli,3,1
2018-09-16,Werder Bremen,1. FC Nürnberg,1,1
2018-09-16,SC Freiburg,VfB Stuttgart,3,3
2018-09-17,1. FC Magdeburg,Arminia Bielefeld,0,0
2018-09-18,Dynamo Dresden,Hamburger SV,0,1
2018-09-21,FC Ingolstadt 04,FC St. Pauli,0,1
2018-09-21,SV Sandhausen,1. FC Köln,0,2
2018-09-21,VfB Stuttgart,Fortuna Düsseldorf,0,0
2018-09-22,Holstein Kiel,VfL Bochum,2,2
2018-09-22,Arminia Bielefeld,Union Berlin,1,1
2018-09-22,Dynamo Dresden,SV Darmstadt 98,4,1
2018-09-22,TSG Hoffenheim,Borussia Dortmund,1,1
2018-09-22,Hertha Berlin,Borussia Mönchengladbach,4,2
2018-09-22,Augsburg,Werder Bremen,2,3
2018-09-22,Wolfsburg,SC Freiburg,1,3
2018-09-22,1. FC Nürnberg,Hannover 96,2,0
2018-09-22,Schalke 04,Bayern Munich,0,2
2018-09-23,Hamburger SV,Jahn Regensburg,0,5
2018-09-23,MSV Duisburg,FC Erzgebirge Aue,1,2
2018-09-23,1. FC Heidenheim,Greuther Fürth,2,0
2018-09-23,SC Paderborn,1. FC Magdeburg,4,4
2018-09-23,Bayer Leverkusen,1. FSV Mainz 05,1,0
2018-09-23,Eintracht Frankfurt,RB Leipzig,1,1
2018-09-25,1. FC Köln,FC Ingolstadt 04,2,1
2018-09-25,VfL Bochum,Dynamo Dresden,0,1
2018-09-25,Union Berlin,Holstein Kiel,2,0
2018-09-25,SV Darmstadt 98,Arminia Bielefeld,1,2
2018-09-25,Werder Bremen,Hertha Berlin,3,1
2018-09-25,Bayern Munich,Augsburg,1,1
2018-09-25,Hannover 96,TSG Hoffenheim,1,3
2018-09-25,SC Freiburg,Schalke 04,1,0
2018-09-26,Jahn Regensburg,1. FC Heidenheim,2,1
2018-09-26,FC St. Pauli,SC Paderborn,2,1
2018-09-26,FC Erzgebirge Aue,SV Sandhausen,0,2
2018-09-26,1. FC Magdeburg,MSV Duisburg,3,3
2018-09-26,Fortuna Düsseldorf,Bayer Leverkusen,1,2
2018-09-26,Borussia Dortmund,1. FC Nürnberg,7,0
2018-09-26,RB Leipzig,VfB Stuttgart,2,0
2018-09-26,Borussia Mönchengladbach,Eintracht Frankfurt,3,1
2018-09-26,1. FSV Mainz 05,Wolfsburg,0,0
2018-09-27,Greuther Fürth,Hamburger SV,0,0
2018-09-28,Holstein Kiel,SV Darmstadt 98,4,2
2018-09-28,Arminia Bielefeld,1. FC Köln,1,3
2018-09-28,Hertha Berlin,Bayern Munich,2,0
2018-09-29,MSV Duisburg,Jahn Regensburg,1,3
2018-09-29,1. FC Heidenheim,VfL Bochum,3,2
2018-09-29,SC Paderborn,FC Erzgebirge Aue,1,0
2018-09-29,Schalke 04,1. FSV Mainz 05,1,0
2018-09-29,TSG Hoffenheim,RB Leipzig,1,2
2018-09-29,VfB Stuttgart,Werder Bremen,2,1
2018-09-29,Wolfsburg,Borussia Mönchengladbach,2,2
2018-09-29,1. FC Nürnberg,Fortuna Düsseldorf,3,0
2018-09-29,Bayer Leverkusen,Borussia Dortmund,2,4
2018-09-30,Hamburger SV,FC St. Pauli,0,0
2018-09-30,SV Sandhausen,1. FC Magdeburg,0,1
2018-09-30,Dynamo Dresden,Greuther Fürth,0,1
2018-09-30,Eintracht Frankfurt,Hannover 96,4,1
2018-09-30,Augsburg,SC Freiburg,4,1
2018-10-01,FC Ingolstadt 04,Union Berlin,1,2
2018-10-05,VfL Bochum,Arminia Bielefeld,1,0
2018-10-05,SV Darmstadt 98,Hamburger SV,1,2
2018-10-05,Werder Bremen,Wolfsburg,2,0
2018-10-06,Greuther Fürth,Jahn Regensburg,1,1
2018-10-06,FC Erzgebirge Aue,Holstein Kiel,2,1
2018-10-06,1. FC Magdeburg,Dynamo Dresden,2,2
2018-10-06,Borussia Dortmund,Augsburg,4,3
2018-10-06,Hannover 96,VfB Stuttgart,3,1
2018-10-06,1. FSV Mainz 05,Hertha Berlin,0,0
2018-10-06,Fortuna Düsseldorf,Schalke 04,0,2
2018-10-06,Bayern Munich,Borussia Mönchengladbach,0,3
2018-10-07,Union Berlin,1. FC Heidenheim,1,1
2018-10-07,FC Ingolstadt 04,SC Paderborn,1,2
2018-10-07,FC St. Pauli,SV Sandhausen,3,1
2018-10-07,SC Freiburg,Bayer Leverkusen,0,0
2018-10-07,TSG Hoffenheim,Eintracht Frankfurt,1,2
2018-10-07,RB Leipzig,1. FC Nürnberg,6,0
2018-10-08,1. FC Köln,MSV Duisburg,1,2
2018-10-19,SV Sandhausen,FC Ingolstadt 04,4,0
2018-10-19,Dynamo Dresden,FC Erzgebirge Aue,1,1
2018-10-19,Eintracht Frankfurt,Fortuna Düsseldorf,7,1
2018-10-20,Holstein Kiel,1. FC Köln,1,1
2018-10-20,Arminia Bielefeld,Greuther Fürth,2,3
2018-10-20,1. FC Heidenheim,1. FC Magdeburg,3,0
2018-10-20,Bayer Leverkusen,Hannover 96,2,2
2018-10-20,VfB Stuttgart,Borussia Dortmund,0,4
2018-10-20,Augsburg,RB Leipzig,0,0
2018-10-20,Wolfsburg,Bayern Munich,1,3
2018-10-20,1. FC Nürnberg,TSG Hoffenheim,1,3
2018-10-20,Schalke 04,Werder Bremen,0,2
2018-10-21,Hamburger SV,VfL Bochum,0,0
2018-10-21,Jahn Regensburg,SV Darmstadt 98,1,1
2018-10-21,SC Paderborn,Union Berlin,0,0
2018-10-21,Hertha Berlin,SC Freiburg,1,1
2018-10-21,Borussia Mönchengladbach,1. FSV Mainz 05,4,0
2018-10-22,MSV Duisburg,FC St. Pauli,0,1
2018-10-26,SV Darmstadt 98,Greuther Fürth,2,0
2018-10-26,1. FC Magdeburg,Hamburger SV,0,1
2018-10-26,SC Freiburg,Borussia Mönchengladbach,3,1
2018-10-27,1. FC Köln,1. FC Heidenheim,1,1
2018-10-27,FC Erzgebirge Aue,Arminia Bielefeld,1,0
2018-10-27,SC Paderborn,SV Sandhausen,3,3
2018-10-27,Borussia Dortmund,Hertha Berlin,2,2
2018-10-27,Hannover 96,Augsburg,1,2
2018-10-27,1. FSV Mainz 05,Bayern Munich,1,2
2018-10-27,Fortuna Düsseldorf,Wolfsburg,0,3
2018-10-27,TSG Hoffenheim,VfB Stuttgart,4,0
2018-10-28,Union Berlin,Dynamo Dresden,0,0
2018-10-28,FC Ingolstadt 04,MSV Duisburg,1,1
2018-10-28,FC St. Pauli,Holstein Kiel,0,1
2018-10-28,1. FC Nürnberg,Eintracht Frankfurt,1,1
2018-10-28,RB Leipzig,Schalke 04,0,0
2018-10-28,Werder Bremen,Bayer Leverkusen,2,6
2018-10-29,VfL Bochum,Jahn Regensburg,3,3
2018-11-02,Dynamo Dresden,SV Sandhausen,3,1
2018-11-02,Greuther Fürth,VfL Bochum,2,2
2018-11-02,VfB Stuttgart,Eintracht Frankfurt,0,3
2018-11-03,Holstein Kiel,FC Ingolstadt 04,2,2
2018-11-03,MSV Duisburg,SC Paderborn,2,0
2018-11-03,SV Darmstadt 98,1. FC Magdeburg,3,1
2018-11-03,Bayern Munich,SC Freiburg,1,1
2018-11-03,Schalke 04,Hannover 96,3,1
2018-11-03,Bayer Leverkusen,TSG Hoffenheim,1,4
2018-11-03,Augsburg,1. FC Nürnberg,2,2
2018-11-03,Wolfsburg,Borussia Dortmund,0,1
2018-11-03,Hertha Berlin,RB Leipzig,0,3
2018-11-04,Arminia Bielefeld,FC St. Pauli,1,2
2018-11-04,Jahn Regensburg,Union Berlin,1,1
2018-11-04,1. FC Heidenheim,FC Erzgebirge Aue,1,0
2018-11-04,Borussia Mönchengladbach,Fortuna Düsseldorf,3,0
2018-11-04,1. FSV Mainz 05,Werder Bremen,2,1
2018-11-05,Hamburger SV,1. FC Köln,1,0
2018-11-09,SV Sandhausen,MSV Duisburg,0,0
2018-11-09,SC Paderborn,Holstein Kiel,4,4
2018-11-09,Hannover 96,Wolfsburg,2,1
2018-11-10,1. FC Köln,Dynamo Dresden,8,1
2018-11-10,FC St. Pauli,1. FC Heidenheim,1,1
2018-11-10,FC Erzgebirge Aue,Hamburger SV,1,3
2018-11-10,TSG Hoffenheim,Augsburg,2,1
2018-11-10,Werder Bremen,Borussia Mönchengladbach,1,3
2018-11-10,SC Freiburg,1. FSV Mainz 05,1,3
2018-11-10,Fortuna Düsseldorf,Hertha Berlin,4,1
2018-11-10,1. FC Nürnberg,VfB Stuttgart,0,2
2018-11-10,Borussia Dortmund,Bayern Munich,3,2
2018-11-11,Union Berlin,Greuther Fürth,4,0
2018-11-11,FC Ingolstadt 04,Arminia Bielefeld,1,1
2018-11-11,1. FC Magdeburg,Jahn Regensburg,2,3
2018-11-11,RB Leipzig,Bayer Leverkusen,3,0
2018-11-11,Eintracht Frankfurt,Schalke 04,3,0
2018-11-12,VfL Bochum,SV Darmstadt 98,1,0
2018-11-23,Arminia Bielefeld,MSV Duisburg,0,1
2018-11-23,Greuther Fürth,1. FC Magdeburg,3,2
2018-11-23,Bayer Leverkusen,VfB Stuttgart,2,0
2018-11-24,Holstein Kiel,SV Sandhausen,2,1
2018-11-24,VfL Bochum,FC Erzgebirge Aue,2,1
2018-11-24,SV Darmstadt 98,1. FC Köln,0,3
2018-11-24,Bayern Munich,Fortuna Düsseldorf,3,3
2018-11-24,Hertha Berlin,TSG Hoffenheim,3,3
2018-11-24,Augsburg,Eintracht Frankfurt,1,3
2018-11-24,1. FSV Mainz 05,Borussia Dortmund,1,2
2018-11-24,Wolfsburg,RB Leipzig,1,0
2018-11-24,Schalke 04,1. FC Nürnberg,5,2
2018-11-25,Jahn Regensburg,FC St. Pauli,1,1
2018-11-25,1. FC Heidenheim,SC Paderborn,1,5
2018-11-25,Dynamo Dresden,FC Ingolstadt 04,2,0
2018-11-25,SC Freiburg,Werder Bremen,1,1
2018-11-25,Borussia Mönchengladbach,Hannover 96,4,1
2018-11-26,Hamburger SV,Union Berlin,2,2
2018-11-30,FC Erzgebirge Aue,Jahn Regensburg,1,1
2018-11-30,SC Paderborn,Arminia Bielefeld,2,2
2018-11-30,Fortuna Düsseldorf,1. FSV Mainz 05,0,1
2018-12-01,1. FC Köln,Greuther Fürth,4,0
2018-12-01,Union Berlin,SV Darmstadt 98,3,1
2018-12-01,FC Ingolstadt 04,Hamburger SV,1,2
2018-12-01,FC St. Pauli,Dynamo Dresden,1,1
2018-12-01,Borussia Dortmund,SC Freiburg,2,0
2018-12-01,VfB Stuttgart,Augsburg,1,0
2018-12-01,Werder Bremen,Bayern Munich,1,2
2018-12-01,Hannover 96,Hertha Berlin,0,2
2018-12-01,TSG Hoffenheim,Schalke 04,1,1
2018-12-02,MSV Duisburg,Holstein Kiel,0,4
2018-12-02,SV Sandhausen,1. FC Heidenheim,1,2
2018-12-02,1. FC Magdeburg,VfL Bochum,0,0
2018-12-02,RB Leipzig,Borussia Mönchengladbach,2,0
2018-12-02,Eintracht Frankfurt,Wolfsburg,1,2
2018-12-03,1. FC Nürnberg,Bayer Leverkusen,1,1
2018-12-07,Hamburger SV,SC Paderborn,1,0
2018-12-07,Jahn Regensburg,1. FC Köln,1,3
2018-12-07,Werder Bremen,Fortuna Düsseldorf,3,1
2018-12-08,SV Darmstadt 98,FC Ingolstadt 04,1,1
2018-12-08,1. FC Heidenheim,MSV Duisburg,4,1
2018-12-08,Greuther Fürth,FC Erzgebirge Aue,0,5
2018-12-08,Bayern Munich,1. FC Nürnberg,3,0
2018-12-08,Schalke 04,Borussia Dortmund,1,2
2018-12-08,Bayer Leverkusen,Augsburg,1,0
2018-12-08,SC Freiburg,RB Leipzig,3,0
2018-12-08,Wolfsburg,TSG Hoffenheim,2,2
2018-12-08,Hertha Berlin,Eintracht Frankfurt,1,0
2018-12-09,Arminia Bielefeld,SV Sandhausen,1,1
2018-12-09,Dynamo Dresden,Holstein Kiel,0,2
2018-12-09,1. FC Magdeburg,Union Berlin,1,1
2018-12-09,1. FSV Mainz 05,Hannover 96,1,1
2018-12-09,Borussia Mönchengladbach,VfB Stuttgart,3,0
2018-12-10,VfL Bochum,FC St. Pauli,1,3
2018-12-14,Holstein Kiel,Arminia Bielefeld,1,2
2018-12-14,MSV Duisburg,Hamburger SV,1,2
2018-12-14,1. FC Nürnberg,Wolfsburg,0,2
2018-12-15,Union Berlin,VfL Bochum,2,0
2018-12-15,FC St. Pauli,Greuther Fürth,2,0
2018-12-15,SC Paderborn,Dynamo Dresden,3,0
2018-12-15,TSG Hoffenheim,Borussia Mönchengladbach,0,0
2018-12-15,VfB Stuttgart,Hertha Berlin,2,1
2018-12-15,Augsburg,Schalke 04,1,1
2018-12-15,Hannover 96,Bayern Munich,0,4
2018-12-15,Fortuna Düsseldorf,SC Freiburg,2,0
2018-12-15,Borussia Dortmund,Werder Bremen,2,1
2018-12-16,FC Ingolstadt 04,1. FC Heidenheim,1,1
2018-12-16,SV Sandhausen,Jahn Regensburg,2,2
2018-12-16,FC Erzgebirge Aue,SV Darmstadt 98,2,2
2018-12-16,RB Leipzig,1. FSV Mainz 05,4,1
2018-12-16,Eintracht Frankfurt,Bayer Leverkusen,2,1
2018-12-17,1. FC Köln,1. FC Magdeburg,3,0
2018-12-18,Borussia Mönchengladbach,1. FC Nürnberg,2,0
2018-12-18,Hertha Berlin,Augsburg,2,2
2018-12-18,Wolfsburg,VfB Stuttgart,2,0
2018-12-18,Fortuna Düsseldorf,Borussia Dortmund,2,1
2018-12-19,Schalke 04,Bayer Leverkusen,1,2
2018-12-19,Bayern Munich,RB Leipzig,1,0
2018-12-19,Werder Bremen,TSG Hoffenheim,1,1
2018-12-19,SC Freiburg,Hannover 96,1,1
2018-12-19,1. FSV Mainz 05,Eintracht Frankfurt,2,2
2018-12-21,1. FC Köln,VfL Bochum,2,3
2018-12-21,SV Sandhausen,Greuther Fürth,0,0
2018-12-21,Borussia Dortmund,Borussia Mönchengladbach,2,1
2018-12-22,Arminia Bielefeld,1. FC Heidenheim,1,2
2018-12-22,FC Ingolstadt 04,Jahn Regensburg,1,2
2018-12-22,FC St. Pauli,1. FC Magdeburg,4,1
2018-12-22,Bayer Leverkusen,Hertha Berlin,3,1
2018-12-22,RB Leipzig,Werder Bremen,3,2
2018-12-22,VfB Stuttgart,Schalke 04,1,3
2018-12-22,Hannover 96,Fortuna Düsseldorf,0,1
2018-12-22,1. FC Nürnberg,SC Freiburg,0,1
2018-12-22,Eintracht Frankfurt,Bayern Munich,0,3
2018-12-23,Holstein Kiel,Hamburger SV,3,1
2018-12-23,MSV Duisburg,Dynamo Dresden,1,3
2018-12-23,FC Erzgebirge Aue,Union Berlin,3,0
2018-12-23,SC Paderborn,SV Darmstadt 98,6,2
2018-12-23,Augsburg,Wolfsburg,2,3
2018-12-23,TSG Hoffenheim,1. FSV Mainz 05,1,1
2019-01-18,TSG Hoffenheim,Bayern Munich,1,3
2019-01-19,Bayer Leverkusen,Borussia Mönchengladbach,0,1
2019-01-19,VfB Stuttgart,1. FSV Mainz 05,2,3
2019-01-19,Eintracht Frankfurt,SC Freiburg,3,1
2019-01-19,Augsburg,Fortuna Düsseldorf,1,2
2019-01-19,Hannover 96,Werder Bremen,0,1
2019-01-19,RB Leipzig,Borussia Dortmund,0,1
2019-01-20,1. FC Nürnberg,Hertha Berlin,1,3
2019-01-20,Schalke 04,Wolfsburg,2,1
2019-01-25,Hertha Berlin,Schalke 04,2,2
2019-01-26,Borussia Dortmund,Hannover 96,5,1
2019-01-26,Borussia Mönchengladbach,Augsburg,2,0
2019-01-26,SC Freiburg,TSG Hoffenheim,2,4
2019-01-26,1. FSV Mainz 05,1. FC Nürnberg,2,1
2019-01-26,Wolfsburg,Bayer Leverkusen,0,3
2019-01-26,Werder Bremen,Eintracht Frankfurt,2,2
2019-01-27,Bayern Munich,VfB Stuttgart,4,1
2019-01-27,Fortuna Düsseldorf,RB Leipzig,0,4
2019-01-29,VfL Bochum,MSV Duisburg,2,1
2019-01-29,SV Darmstadt 98,FC St. Pauli,2,1
2019-01-29,Greuther Fürth,FC Ingolstadt 04,0,1
2019-01-29,1. FC Magdeburg,FC Erzgebirge Aue,1,0
2019-01-30,Jahn Regensburg,SC Paderborn,2,0
2019-01-30,Hamburger SV,SV Sandhausen,2,1
2019-01-30,1. FC Heidenheim,Holstein Kiel,2,2
2019-01-30,Dynamo Dresden,Arminia Bielefeld,3,4
2019-01-31,Union Berlin,1. FC Köln,2,0
2019-02-01,MSV Duisburg,SV Darmstadt 98,3,2
2019-02-01,FC Ingolstadt 04,1. FC Magdeburg,0,1
2019-02-01,Hannover 96,RB Leipzig,0,3
2019-02-02,Arminia Bielefeld,Hamburger SV,2,0
2019-02-02,1. FC Heidenheim,Dynamo Dresden,1,0
2019-02-02,SC Paderborn,Greuther Fürth,6,0
2019-02-02,TSG Hoffenheim,Fortuna Düsseldorf,1,1
2019-02-02,Bayer Leverkusen,Bayern Munich,3,1
2019-02-02,Eintracht Frankfurt,Borussia Dortmund,1,1
2019-02-02,Hertha Berlin,Wolfsburg,0,1
2019-02-02,1. FC Nürnberg,Werder Bremen,1,1
2019-02-02,Schalke 04,Borussia Mönchengladbach,0,2
2019-02-03,Holstein Kiel,Jahn Regensburg,2,0
2019-02-03,SV Sandhausen,VfL Bochum,3,0
2019-02-03,Augsburg,1. FSV Mainz 05,3,0
2019-02-03,VfB Stuttgart,SC Freiburg,2,2
2019-02-04,FC St. Pauli,Union Berlin,3,2
2019-02-08,1. FC Köln,FC St. Pauli,4,1
2019-02-08,Jahn Regensburg,Arminia Bielefeld,0,3
2019-02-08,1. FSV Mainz 05,Bayer Leverkusen,1,5
2019-02-09,VfL Bochum,SC Paderborn,1,2
2019-02-09,Union Berlin,SV Sandhausen,2,0
2019-02-09,Greuther Fürth,MSV Duisburg,1,0
2019-02-09,Borussia Dortmund,TSG Hoffenheim,3,3
2019-02-09,RB Leipzig,Eintracht Frankfurt,0,0
2019-02-09,Borussia Mönchengladbach,Hertha Berlin,0,3
2019-02-09,Hannover 96,1. FC Nürnberg,2,0
2019-02-09,SC Freiburg,Wolfsburg,3,3
2019-02-09,Bayern Munich,Schalke 04,3,1
2019-02-10,SV Darmstadt 98,1. FC Heidenheim,1,2
2019-02-10,FC Erzgebirge Aue,FC Ingolstadt 04,0,3
2019-02-10,1. FC Magdeburg,Holstein Kiel,1,1
2019-02-10,Werder Bremen,Augsburg,4,0
2019-02-10,Fortuna Düsseldorf,VfB Stuttgart,3,0
2019-02-11,Hamburger SV,Dynamo Dresden,1,0
2019-02-15,SV Sandhausen,SV Darmstadt 98,1,1
2019-02-15,SC Paderborn,1. FC Köln,3,2
2019-02-15,Augsburg,Bayern Munich,2,3
2019-02-16,MSV Duisburg,Union Berlin,2,3
2019-02-16,FC Ingolstadt 04,VfL Bochum,2,1
2019-02-16,FC St. Pauli,FC Erzgebirge Aue,1,2
2019-02-16,1. FC Heidenheim,Hamburger SV,2,2
2019-02-16,Schalke 04,SC Freiburg,0,0
2019-02-16,TSG Hoffenheim,Hannover 96,3,0
2019-02-16,VfB Stuttgart,RB Leipzig,1,3
2019-02-16,Wolfsburg,1. FSV Mainz 05,3,0
2019-02-16,Hertha Berlin,Werder Bremen,1,1
2019-02-17,Holstein Kiel,Greuther Fürth,2,2
2019-02-17,Arminia Bielefeld,1. FC Magdeburg,1,3
2019-02-17,Dynamo Dresden,Jahn Regensburg,0,0
2019-02-17,Eintracht Frankfurt,Borussia Mönchengladbach,1,1
2019-02-17,Bayer Leverkusen,Fortuna Düsseldorf,2,0
2019-02-18,1. FC Nürnberg,Borussia Dortmund,0,0
2019-02-22,Union Berlin,Arminia Bielefeld,1,1
2019-02-22,Greuther Fürth,1. FC Heidenheim,0,0
2019-02-22,Werder Bremen,VfB Stuttgart,1,1
2019-02-23,1. FC Köln,SV Sandhausen,3,1
2019-02-23,VfL Bochum,Holstein Kiel,1,3
2019-02-23,SV Darmstadt 98,Dynamo Dresden,2,0
2019-02-23,FC St. Pauli,FC Ingolstadt 04,1,0
2019-02-23,Bayern Munich,Hertha Berlin,1,0
2019-02-23,Borussia Mönchengladbach,Wolfsburg,0,3
2019-02-23,SC Freiburg,Augsburg,5,1
2019-02-23,1. FSV Mainz 05,Schalke 04,3,0
2019-02-23,Fortuna Düsseldorf,1. FC Nürnberg,2,1
2019-02-24,Jahn Regensburg,Hamburger SV,2,1
2019-02-24,FC Erzgebirge Aue,MSV Duisburg,0,0
2019-02-24,1. FC Magdeburg,SC Paderborn,1,1
2019-02-24,Hannover 96,Eintracht Frankfurt,0,3
2019-02-24,Borussia Dortmund,Bayer Leverkusen,3,2
2019-02-25,RB Leipzig,TSG Hoffenheim,1,1
2019-02-27,FC Erzgebirge Aue,1. FC Köln,0,1
2019-03-01,Holstein Kiel,Union Berlin,0,2
2019-03-01,MSV Duisburg,1. FC Magdeburg,1,0
2019-03-01,Augsburg,Borussia Dortmund,2,1
2019-03-02,SV Sandhausen,FC Erzgebirge Aue,0,3
2019-03-02,1. FC Heidenheim,Jahn Regensburg,1,2
2019-03-02,SC Paderborn,FC St. Pauli,0,1
2019-03-02,Schalke 04,Fortuna Düsseldorf,0,4
2019-03-02,Bayer Leverkusen,SC Freiburg,2,0
2019-03-02,Eintracht Frankfurt,TSG Hoffenheim,3,2
2019-03-02,Hertha Berlin,1. FSV Mainz 05,2,1
2019-03-02,1. FC Nürnberg,RB Leipzig,0,1
2019-03-02,Borussia Mönchengladbach,Bayern Munich,1,5
2019-03-03,Arminia Bielefeld,SV Darmstadt 98,1,0
2019-03-03,FC Ingolstadt 04,1. FC Köln,1,2
2019-03-03,Dynamo Dresden,VfL Bochum,2,2
2019-03-03,VfB Stuttgart,Hannover 96,5,1
2019-03-03,Wolfsburg,Werder Bremen,1,1
2019-03-04,Hamburger SV,Greuther Fürth,1,0
2019-03-08,VfL Bochum,1. FC Heidenheim,1,0
2019-03-08,Union Berlin,FC Ingolstadt 04,2,0
2019-03-08,Werder Bremen,Schalke 04,4,2
2019-03-09,1. FC Köln,Arminia Bielefeld,5,1
2019-03-09,Jahn Regensburg,MSV Duisburg,1,1
2019-03-09,SV Darmstadt 98,Holstein Kiel,3,2
2019-03-09,FC Erzgebirge Aue,SC Paderborn,2,1
2019-03-09,Bayern Munich,Wolfsburg,6,0
2019-03-09,Borussia Dortmund,VfB Stuttgart,3,1
2019-03-09,RB Leipzig,Augsburg,0,0
2019-03-09,SC Freiburg,Hertha Berlin,2,1
2019-03-09,1. FSV Mainz 05,Borussia Mönchengladbach,0,1
2019-03-10,FC St. Pauli,Hamburger SV,0,4
2019-03-10,1. FC Magdeburg,SV Sandhausen,0,1
2019-03-10,TSG Hoffenheim,1. FC Nürnberg,2,1
2019-03-10,Hannover 96,Bayer Leverkusen,2,3
2019-03-11,Fortuna Düsseldorf,Eintracht Frankfurt,0,3
2019-03-15,Holstein Kiel,FC Erzgebirge Aue,5,1
2019-03-15,1. FC Heidenheim,Union Berlin,2,1
2019-03-15,Borussia Mönchengladbach,SC Freiburg,1,1
2019-03-16,Hamburger SV,SV Darmstadt 98,2,3
2019-03-16,SV Sandhausen,FC St. Pauli,4,0
2019-03-16,Dynamo Dresden,1. FC Magdeburg,1,1
2019-03-16,Schalke 04,RB Leipzig,0,1
2019-03-16,VfB Stuttgart,TSG Hoffenheim,1,1
2019-03-16,Augsburg,Hannover 96,3,1
2019-03-16,Wolfsburg,Fortuna Düsseldorf,5,2
2019-03-16,Hertha Berlin,Borussia Dortmund,2,3
2019-03-17,Arminia Bielefeld,VfL Bochum,3,1
2019-03-17,SC Paderborn,FC Ingolstadt 04,3,1
2019-03-17,Bayer Leverkusen,Werder Bremen,1,3
2019-03-17,Eintracht Frankfurt,1. FC Nürnberg,1,0
2019-03-17,Bayern Munich,1. FSV Mainz 05,6,0
2019-03-18,Jahn Regensburg,Greuther Fürth,0,2
2019-03-27,Greuther Fürth,Dynamo Dresden,0,0
2019-03-29,FC St. Pauli,MSV Duisburg,0,0
2019-03-29,1. FC Magdeburg,1. FC Heidenheim,0,0
2019-03-29,TSG Hoffenheim,Bayer Leverkusen,4,1
2019-03-30,VfL Bochum,Hamburger SV,0,0
2019-03-30,Union Berlin,SC Paderborn,1,3
2019-03-30,SV Darmstadt 98,Jahn Regensburg,1,1
2019-03-30,Borussia Dortmund,Wolfsburg,2,0
2019-03-30,Werder Bremen,1. FSV Mainz 05,3,1
2019-03-30,SC Freiburg,Bayern Munich,1,1
2019-03-30,Fortuna Düsseldorf,Borussia Mönchengladbach,3,1
2019-03-30,1. FC Nürnberg,Augsburg,3,0
2019-03-30,RB Leipzig,Hertha Berlin,5,0
2019-03-31,1. FC Köln,Holstein Kiel,4,0
2019-03-31,FC Ingolstadt 04,SV Sandhausen,1,2
2019-03-31,Greuther Fürth,Arminia Bielefeld,2,2
2019-03-31,Hannover 96,Schalke 04,0,1
2019-03-31,Eintracht Frankfurt,VfB Stuttgart,3,0
2019-04-01,FC Erzgebirge Aue,Dynamo Dresden,1,3
2019-04-05,Arminia Bielefeld,FC Erzgebirge Aue,2,1
2019-04-05,Jahn Regensburg,VfL Bochum,2,1
2019-04-05,1. FSV Mainz 05,SC Freiburg,5,0
2019-04-06,Holstein Kiel,FC St. Pauli,2,1
2019-04-06,MSV Duisburg,FC Ingolstadt 04,2,4
2019-04-06,SV Sandhausen,SC Paderborn,1,1
2019-04-06,Schalke 04,Eintracht Frankfurt,1,2
2019-04-06,Bayer Leverkusen,RB Leipzig,2,4
2019-04-06,VfB Stuttgart,1. FC Nürnberg,1,1
2019-04-06,Hertha Berlin,Fortuna Düsseldorf,1,2
2019-04-06,Wolfsburg,Hannover 96,3,1
2019-04-06,Bayern Munich,Borussia Dortmund,5,0
2019-04-07,1. FC Heidenheim,1. FC Köln,0,2
2019-04-07,Dynamo Dresden,Union Berlin,0,0
2019-04-07,Greuther Fürth,SV Darmstadt 98,2,1
2019-04-07,Augsburg,TSG Hoffenheim,0,4
2019-04-07,Borussia Mönchengladbach,Werder Bremen,1,1
2019-04-08,Hamburger SV,1. FC Magdeburg,1,2
2019-04-10,MSV Duisburg,1. FC Köln,4,4
2019-04-12,Union Berlin,Jahn Regensburg,2,2
2019-04-12,FC Erzgebirge Aue,1. FC Heidenheim,0,1
2019-04-12,1. FC Nürnberg,Schalke 04,1,1
2019-04-13,SV Sandhausen,Dynamo Dresden,3,1
2019-04-13,1. FC Magdeburg,SV Darmstadt 98,0,1
2019-04-13,SC Paderborn,MSV Duisburg,4,0
2019-04-13,RB Leipzig,Wolfsburg,2,0
2019-04-13,VfB Stuttgart,Bayer Leverkusen,0,1
2019-04-13,Werder Bremen,SC Freiburg,2,1
2019-04-13,Hannover 96,Borussia Mönchengladbach,0,1
2019-04-13,Borussia Dortmund,1. FSV Mainz 05,2,1
2019-04-14,VfL Bochum,Greuther Fürth,3,2
2019-04-14,FC Ingolstadt 04,Holstein Kiel,1,1
2019-04-14,FC St. Pauli,Arminia Bielefeld,1,1
2019-04-14,TSG Hoffenheim,Hertha Berlin,2,0
2019-04-14,Fortuna Düsseldorf,Bayern Munich,1,4
2019-04-14,Eintracht Frankfurt,Augsburg,1,3
2019-04-15,1. FC Köln,Hamburger SV,1,1
2019-04-20,Hamburger SV,FC Erzgebirge Aue,1,1
2019-04-20,Holstein Kiel,SC Paderborn,1,2
2019-04-20,MSV Duisburg,SV Sandhausen,2,2
2019-04-20,Greuther Fürth,Union Berlin,1,1
2019-04-20,Bayern Munich,Werder Bremen,1,0
2019-04-20,Bayer Leverkusen,1. FC Nürnberg,2,0
2019-04-20,Augsburg,VfB Stuttgart,6,0
2019-04-20,1. FSV Mainz 05,Fortuna Düsseldorf,3,1
2019-04-20,Borussia Mönchengladbach,RB Leipzig,1,2
2019-04-20,Schalke 04,TSG Hoffenheim,2,5
2019-04-21,Arminia Bielefeld,FC Ingolstadt 04,1,3
2019-04-21,Jahn Regensburg,1. FC Magdeburg,1,0
2019-04-21,SV Darmstadt 98,VfL Bochum,0,0
2019-04-21,1. FC Heidenheim,FC St. Pauli,3,0
2019-04-21,Dynamo Dresden,1. FC Köln,3,0
2019-04-21,SC Freiburg,Borussia Dortmund,0,4
2019-04-21,Hertha Berlin,Hannover 96,0,0
2019-04-22,Wolfsburg,Eintracht Frankfurt,1,1
2019-04-26,1. FC Köln,SV Darmstadt 98,1,2
2019-04-26,FC Ingolstadt 04,Dynamo Dresden,1,0
2019-04-26,Augsburg,Bayer Leverkusen,1,4
2019-04-27,SV Sandhausen,Holstein Kiel,3,2
2019-04-27,FC St. Pauli,Jahn Regensburg,4,3
2019-04-27,1. FC Magdeburg,Greuther Fürth,2,1
2019-04-27,Borussia Dortmund,Schalke 04,2,4
2019-04-27,RB Leipzig,SC Freiburg,2,1
2019-04-27,Eintracht Frankfurt,Hertha Berlin,0,0
2019-04-27,Hannover 96,1. FSV Mainz 05,1,0
2019-04-27,Fortuna Düsseldorf,Werder Bremen,4,1
2019-04-27,VfB Stuttgart,Borussia Mönchengladbach,1,0
2019-04-28,Union Berlin,Hamburger SV,2,0
2019-04-28,FC Erzgebirge Aue,VfL Bochum,3,2
2019-04-28,SC Paderborn,1. FC Heidenheim,3,1
2019-04-28,TSG Hoffenheim,Wolfsburg,1,4
2019-04-28,1. FC Nürnberg,Bayern Munich,1,1
2019-04-29,MSV Duisburg,Arminia Bielefeld,2,2
2019-05-03,Arminia Bielefeld,SC Paderborn,2,0
2019-05-03,Dynamo Dresden,FC St. Pauli,2,1
2019-05-03,1. FSV Mainz 05,RB Leipzig,3,3
2019-05-04,Hamburger SV,FC Ingolstadt 04,0,3
2019-05-04,VfL Bochum,1. FC Magdeburg,4,2
2019-05-04,1. FC Heidenheim,SV Sandhausen,2,3
2019-05-04,Bayern Munich,Hannover 96,3,1
2019-05-04,Borussia Mönchengladbach,TSG Hoffenheim,2,2
2019-05-04,Hertha Berlin,VfB Stuttgart,3,1
2019-05-04,Wolfsburg,1. FC Nürnberg,2,0
2019-05-04,Werder Bremen,Borussia Dortmund,2,2
2019-05-05,Holstein Kiel,MSV Duisburg,0,2
2019-05-05,Jahn Regensburg,FC Erzgebirge Aue,1,3
2019-05-05,SV Darmstadt 98,Union Berlin,2,1
2019-05-05,Schalke 04,Augsburg,0,0
2019-05-05,SC Freiburg,Fortuna Düsseldorf,1,1
2019-05-05,Bayer Leverkusen,Eintracht Frankfurt,6,1
2019-05-06,Greuther Fürth,1. FC Köln,0,4
2019-05-11,TSG Hoffenheim,Werder Bremen,0,1
2019-05-11,Borussia Dortmund,Fortuna Düsseldorf,3,2
2019-05-11,Bayer Leverkusen,Schalke 04,1,1
2019-05-11,RB Leipzig,Bayern Munich,0,0
2019-05-11,VfB Stuttgart,Wolfsburg,3,0
2019-05-11,Augsburg,Hertha Berlin,3,4
2019-05-11,Hannover 96,SC Freiburg,3,0
2019-05-11,1. FC Nürnberg,Borussia Mönchengladbach,0,4
2019-05-12,1. FC Köln,Jahn Regensburg,3,5
2019-05-12,Holstein Kiel,Dynamo Dresden,3,0
2019-05-12,MSV Duisburg,1. FC Heidenheim,3,4
2019-05-12,Union Berlin,1. FC Magdeburg,3,0
2019-05-12,FC Ingolstadt 04,SV Darmstadt 98,3,0
2019-05-12,SV Sandhausen,Arminia Bielefeld,0,3
2019-05-12,FC St. Pauli,VfL Bochum,0,0
2019-05-12,FC Erzgebirge Aue,Greuther Fürth,1,1
2019-05-12,SC Paderborn,Hamburger SV,4,1
2019-05-12,Eintracht Frankfurt,1. FSV Mainz 05,0,2
2019-05-18,Bayern Munich,Eintracht Frankfurt,5,1
2019-05-18,Schalke 04,VfB Stuttgart,0,0
2019-05-18,Borussia Mönchengladbach,Borussia Dortmund,0,2
2019-05-18,Hertha Berlin,Bayer Leverkusen,1,5
2019-05-18,Werder Bremen,RB Leipzig,2,1
2019-05-18,SC Freiburg,1. FC Nürnberg,5,1
2019-05-18,1. FSV Mainz 05,TSG Hoffenheim,4,2
2019-05-18,Wolfsburg,Augsburg,8,1
2019-05-18,Fortuna Düsseldorf,Hannover 96,2,1
2019-05-19,Hamburger SV,MSV Duisburg,3,0
2019-05-19,Arminia Bielefeld,Holstein Kiel,1,0
2019-05-19,Jahn Regensburg,SV Sandhausen,2,2
2019-05-19,VfL Bochum,Union Berlin,2,2
2019-05-19,SV Darmstadt 98,FC Erzgebirge Aue,1,0
2019-05-19,1. FC Heidenheim,FC Ingolstadt 04,4,2
2019-05-19,Dynamo Dresden,SC Paderborn,3,1
2019-05-19,Greuther Fürth,FC St. Pauli,2,1
2019-05-19,1. FC Magdeburg,1. FC Köln,1,1
2019-07-26,VfB Stuttgart,Hannover 96,2,1
2019-07-27,Dynamo Dresden,1. FC Nürnberg,0,1
2019-07-27,Holstein Kiel,SV Sandhausen,1,1
2019-07-27,VfL Osnabrück,1. FC Heidenheim,1,3
2019-07-28,Hamburger SV,SV Darmstadt 98,1,1
2019-07-28,Jahn Regensburg,VfL Bochum,3,1
2019-07-28,Greuther Fürth,FC Erzgebirge Aue,0,2
2019-07-28,SV Wehen Wiesbaden,Karlsruher SC,1,2
2019-07-29,Arminia Bielefeld,FC St. Pauli,1,1
2019-08-02,VfL Bochum,Arminia Bielefeld,3,3
2019-08-02,SV Sandhausen,VfL Osnabrück,0,1
2019-08-02,FC St. Pauli,Greuther Fürth,1,3
2019-08-03,Karlsruher SC,Dynamo Dresden,4,2
2019-08-03,Hannover 96,Jahn Regensburg,1,1
2019-08-04,1. FC Heidenheim,VfB Stuttgart,2,2
2019-08-04,SV Darmstadt 98,Holstein Kiel,2,0
2019-08-04,FC Erzgebirge Aue,SV Wehen Wiesbaden,3,2
2019-08-05,1. FC Nürnberg,Hamburger SV,0,4
2019-08-16,Hamburger SV,VfL Bochum,1,0
2019-08-16,SV Sandhausen,1. FC Nürnberg,3,2
2019-08-16,Bayern Munich,Hertha Berlin,2,2
2019-08-17,VfB Stuttgart,FC St. Pauli,2,1
2019-08-17,Arminia Bielefeld,FC Erzgebirge Aue,3,1
2019-08-17,SV Wehen Wiesbaden,Hannover 96,0,3
2019-08-17,Borussia Dortmund,Augsburg,5,1
2019-08-17,Bayer Leverkusen,SC Paderborn,3,2
2019-08-17,Wolfsburg,1. FC Köln,2,1
2019-08-17,Werder Bremen,Fortuna Düsseldorf,1,3
2019-08-17,SC Freiburg,1. FSV Mainz 05,3,0
2019-08-17,Borussia Mönchengladbach,Schalke 04,0,0
2019-08-18,Holstein Kiel,Karlsruher SC,2,1
2019-08-18,Dynamo Dresden,1. FC Heidenheim,2,1
2019-08-18,Greuther Fürth,Jahn Regensburg,1,0
2019-08-18,Eintracht Frankfurt,TSG Hoffenheim,1,0
2019-08-18,Union Berlin,RB Leipzig,0,4
2019-08-19,VfL Osnabrück,SV Darmstadt 98,4,0
2019-08-23,SV Darmstadt 98,Dynamo Dresden,0,0
2019-08-23,FC Erzgebirge Aue,VfB Stuttgart,0,0
2019-08-23,1. FC Köln,Borussia Dortmund,1,3
2019-08-24,Hannover 96,Greuther Fürth,1,1
2019-08-24,Jahn Regensburg,Arminia Bielefeld,1,3
2019-08-24,VfL Bochum,SV Wehen Wiesbaden,3,3
2019-08-24,TSG Hoffenheim,Werder Bremen,3,2
2019-08-24,Fortuna Düsseldorf,Bayer Leverkusen,1,3
2019-08-24,1. FSV Mainz 05,Borussia Mönchengladbach,1,3
2019-08-24,Augsburg,Union Berlin,1,1
2019-08-24,SC Paderborn,SC Freiburg,1,3
2019-08-24,Schalke 04,Bayern Munich,0,3
2019-08-25,1. FC Nürnberg,VfL Osnabrück,1,0
2019-08-25,1. FC Heidenheim,SV Sandhausen,0,2
2019-08-25,Karlsruher SC,Hamburger SV,2,4
2019-08-25,RB Leipzig,Eintracht Frankfurt,2,1
2019-08-25,Hertha Berlin,Wolfsburg,0,3
2019-08-26,FC St. Pauli,Holstein Kiel,2,1
2019-08-30,1. FC Nürnberg,1. FC Heidenheim,2,2
2019-08-30,SV Sandhausen,SV Darmstadt 98,1,0
2019-08-30,Borussia Mönchengladbach,RB Leipzig,1,3
2019-08-31,Arminia Bielefeld,Greuther Fürth,2,2
2019-08-31,Dynamo Dresden,FC St. Pauli,3,3
2019-08-31,SV Wehen Wiesbaden,Jahn Regensburg,0,5
2019-08-31,Bayern Munich,1. FSV Mainz 05,6,1
2019-08-31,Bayer Leverkusen,TSG Hoffenheim,0,0
2019-08-31,Wolfsburg,SC Paderborn,1,1
2019-08-31,SC Freiburg,1. FC Köln,1,2
2019-08-31,Schalke 04,Hertha Berlin,3,0
2019-08-31,Union Berlin,Borussia Dortmund,3,1
2019-09-01,Hamburger SV,Hannover 96,3,0
2019-09-01,Holstein Kiel,FC Erzgebirge Aue,1,1
2019-09-01,VfL Osnabrück,Karlsruher SC,3,0
2019-09-01,Werder Bremen,Augsburg,3,2
2019-09-01,Eintracht Frankfurt,Fortuna Düsseldorf,2,1
2019-09-02,VfB Stuttgart,VfL Bochum,2,1
2019-09-13,Greuther Fürth,SV Wehen Wiesbaden,2,1
2019-09-13,Karlsruher SC,SV Sandhausen,1,0
2019-09-13,Fortuna Düsseldorf,Wolfsburg,1,1
2019-09-14,Hannover 96,Arminia Bielefeld,0,2
2019-09-14,1. FC Heidenheim,Holstein Kiel,3,0
2019-09-14,Jahn Regensburg,VfB Stuttgart,2,3
2019-09-14,Borussia Dortmund,Bayer Leverkusen,4,0
2019-09-14,1. FSV Mainz 05,Hertha Berlin,2,1
2019-09-14,Augsburg,Eintracht Frankfurt,2,1
2019-09-14,1. FC Köln,Borussia Mönchengladbach,0,1
2019-09-14,Union Berlin,Werder Bremen,1,2
2019-09-14,RB Leipzig,Bayern Munich,1,1
2019-09-15,SV Darmstadt 98,1. FC Nürnberg,3,3
2019-09-15,VfL Bochum,Dynamo Dresden,2,2
2019-09-15,FC Erzgebirge Aue,VfL Osnabrück,1,0
2019-09-15,TSG Hoffenheim,SC Freiburg,0,3
2019-09-15,SC Paderborn,Schalke 04,1,5
2019-09-16,FC St. Pauli,Hamburger SV,2,0
2019-09-20,1. FC Heidenheim,SV Darmstadt 98,1,0
2019-09-20,Holstein Kiel,Hannover 96,1,2
2019-09-20,Schalke 04,1. FSV Mainz 05,2,1
2019-09-21,VfB Stuttgart,Greuther Fürth,2,0
2019-09-21,1. FC Nürnberg,Karlsruher SC,1,1
2019-09-21,SV Sandhausen,VfL Bochum,1,1
2019-09-21,SV Wehen Wiesbaden,Arminia Bielefeld,2,5
2019-09-21,Bayern Munich,1. FC Köln,4,0
2019-09-21,Bayer Leverkusen,Union Berlin,2,0
2019-09-21,Hertha Berlin,SC Paderborn,2,1
2019-09-21,SC Freiburg,Augsburg,1,1
2019-09-21,Werder Bremen,RB Leipzig,0,3
2019-09-22,Hamburger SV,FC Erzgebirge Aue,4,0
2019-09-22,Dynamo Dresden,Jahn Regensburg,2,1
2019-09-22,VfL Osnabrück,FC St. Pauli,1,1
2019-09-22,Borussia Mönchengladbach,Fortuna Düsseldorf,2,1
2019-09-22,Eintracht Frankfurt,Borussia Dortmund,2,2
2019-09-23,Wolfsburg,TSG Hoffenheim,1,1
2019-09-27,Arminia Bielefeld,VfB Stuttgart,0,1
2019-09-27,SV Wehen Wiesbaden,VfL Osnabrück,2,0
2019-09-27,Union Berlin,Eintracht Frankfurt,1,2
2019-09-28,Jahn Regensburg,Hamburger SV,2,2
2019-09-28,VfL Bochum,SV Darmstadt 98,2,2
2019-09-28,Karlsruher SC,1. FC Heidenheim,1,1
2019-09-28,RB Leipzig,Schalke 04,1,3
2019-09-28,TSG Hoffenheim,Borussia Mönchengladbach,0,3
2019-09-28,1. FSV Mainz 05,Wolfsburg,0,1
2019-09-28,Augsburg,Bayer Leverkusen,0,3
2019-09-28,SC Paderborn,Bayern Munich,2,3
2019-09-28,Borussia Dortmund,Werder Bremen,2,2
2019-09-29,FC St. Pauli,SV Sandhausen,2,0
2019-09-29,Greuther Fürth,Holstein Kiel,0,3
2019-09-29,FC Erzgebirge Aue,Dynamo Dresden,4,1
2019-09-29,Fortuna Düsseldorf,SC Freiburg,1,2
2019-09-29,1. FC Köln,Hertha Berlin,0,4
2019-09-30,Hannover 96,1. FC Nürnberg,0,4
2019-10-04,VfB Stuttgart,SV Wehen Wiesbaden,1,2
2019-10-04,SV Darmstadt 98,Karlsruher SC,1,1
2019-10-04,Hertha Berlin,Fortuna Düsseldorf,3,1
2019-10-05,Hamburger SV,Greuther Fürth,2,0
2019-10-05,Dynamo Dresden,Hannover 96,0,2
2019-10-05,SV Sandhausen,FC Erzgebirge Aue,2,2
2019-10-05,Bayern Munich,TSG Hoffenheim,1,2
2019-10-05,Bayer Leverkusen,RB Leipzig,1,1
2019-10-05,SC Freiburg,Borussia Dortmund,2,2
2019-10-05,SC Paderborn,1. FSV Mainz 05,1,2
2019-10-05,Schalke 04,1. FC Köln,1,1
2019-10-06,1. FC Nürnberg,FC St. Pauli,1,1
2019-10-06,1. FC Heidenheim,VfL Bochum,2,3
2019-10-06,Holstein Kiel,Jahn Regensburg,1,2
2019-10-06,Borussia Mönchengladbach,Augsburg,5,1
2019-10-06,Wolfsburg,Union Berlin,1,0
2019-10-06,Eintracht Frankfurt,Werder Bremen,2,2
2019-10-07,VfL Osnabrück,Arminia Bielefeld,0,1
2019-10-18,Greuther Fürth,Dynamo Dresden,2,0
2019-10-18,FC Erzgebirge Aue,1. FC Nürnberg,4,3
2019-10-18,Eintracht Frankfurt,Bayer Leverkusen,3,0
2019-10-19,Jahn Regensburg,SV Sandhausen,1,0
2019-10-19,FC St. Pauli,SV Darmstadt 98,0,1
2019-10-19,SV Wehen Wiesbaden,1. FC Heidenheim,0,0
2019-10-19,RB Leipzig,Wolfsburg,1,1
2019-10-19,Werder Bremen,Hertha Berlin,1,1
2019-10-19,Fortuna Düsseldorf,1. FSV Mainz 05,1,0
2019-10-19,Augsburg,Bayern Munich,2,2
2019-10-19,Union Berlin,SC Freiburg,2,0
2019-10-19,Borussia Dortmund,Borussia Mönchengladbach,1,0
2019-10-20,VfB Stuttgart,Holstein Kiel,0,1
2019-10-20,Hannover 96,VfL Osnabrück,0,0
2019-10-20,VfL Bochum,Karlsruher SC,3,3
2019-10-20,1. FC Köln,SC Paderborn,3,0
2019-10-20,TSG Hoffenheim,Schalke 04,2,0
2019-10-21,Arminia Bielefeld,Hamburger SV,1,1
2019-10-25,Holstein Kiel,VfL Bochum,2,1
2019-10-25,SV Darmstadt 98,FC Erzgebirge Aue,1,0
2019-10-25,1. FSV Mainz 05,1. FC Köln,3,1
2019-10-26,Hamburger SV,VfB Stuttgart,6,2
2019-10-26,Dynamo Dresden,Arminia Bielefeld,0,1
2019-10-26,Karlsruher SC,Hannover 96,3,3
2019-10-26,Bayern Munich,Union Berlin,2,1
2019-10-26,Hertha Berlin,TSG Hoffenheim,2,3
2019-10-26,SC Freiburg,RB Leipzig,2,1
2019-10-26,Schalke 04,Borussia Dortmund,0,0
2019-10-26,SC Paderborn,Fortuna Düsseldorf,2,0
2019-10-26,Bayer Leverkusen,Werder Bremen,2,2
2019-10-27,1. FC Nürnberg,Jahn Regensburg,1,1
2019-10-27,1. FC Heidenheim,FC St. Pauli,1,0
2019-10-27,VfL Osnabrück,Greuther Fürth,0,0
2019-10-27,Wolfsburg,Augsburg,0,0
2019-10-27,Borussia Mönchengladbach,Eintracht Frankfurt,4,2
2019-10-28,SV Sandhausen,SV Wehen Wiesbaden,0,0
2019-11-01,Hannover 96,SV Sandhausen,1,1
2019-11-01,Jahn Regensburg,VfL Osnabrück,3,3
2019-11-01,TSG Hoffenheim,SC Paderborn,3,0
2019-11-02,FC St. Pauli,Karlsruher SC,2,2
2019-11-02,Greuther Fürth,SV Darmstadt 98,3,1
2019-11-02,FC Erzgebirge Aue,1. FC Heidenheim,1,1
2019-11-02,Borussia Dortmund,Wolfsburg,3,0
2019-11-02,RB Leipzig,1. FSV Mainz 05,8,0
2019-11-02,Bayer Leverkusen,Borussia Mönchengladbach,1,2
2019-11-02,Eintracht Frankfurt,Bayern Munich,5,1
2019-11-02,Werder Bremen,SC Freiburg,2,2
2019-11-02,Union Berlin,Hertha Berlin,1,0
2019-11-03,VfB Stuttgart,Dynamo Dresden,3,1
2019-11-03,Arminia Bielefeld,Holstein Kiel,2,1
2019-11-03,SV Wehen Wiesbaden,Hamburger SV,1,1
2019-11-03,Fortuna Düsseldorf,1. FC Köln,2,0
2019-11-03,Augsburg,Schalke 04,2,3
2019-11-04,VfL Bochum,1. FC Nürnberg,3,1
2019-11-08,FC St. Pauli,VfL Bochum,1,1
2019-11-08,Dynamo Dresden,SV Wehen Wiesbaden,1,0
2019-11-08,1. FC Köln,TSG Hoffenheim,1,2
2019-11-09,Holstein Kiel,Hamburger SV,1,1
2019-11-09,SV Sandhausen,Greuther Fürth,3,2
2019-11-09,VfL Osnabrück,VfB Stuttgart,1,0
2019-11-09,Hertha Berlin,RB Leipzig,2,4
2019-11-09,1. FSV Mainz 05,Union Berlin,2,3
2019-11-09,Schalke 04,Fortuna Düsseldorf,3,3
2019-11-09,SC Paderborn,Augsburg,0,1
2019-11-09,Bayern Munich,Borussia Dortmund,4,0
2019-11-10,1. FC Nürnberg,Arminia Bielefeld,1,5
2019-11-10,1. FC Heidenheim,Hannover 96,4,0
2019-11-10,SV Darmstadt 98,Jahn Regensburg,2,2
2019-11-10,Borussia Mönchengladbach,Werder Bremen,3,1
2019-11-10,Wolfsburg,Bayer Leverkusen,0,2
2019-11-10,SC Freiburg,Eintracht Frankfurt,1,0
2019-11-11,Karlsruher SC,FC Erzgebirge Aue,1,1
2019-11-22,VfL Bochum,VfL Osnabrück,1,1
2019-11-22,FC Erzgebirge Aue,FC St. Pauli,3,1
2019-11-22,Borussia Dortmund,SC Paderborn,3,3
2019-11-23,Hamburger SV,Dynamo Dresden,2,1
2019-11-23,Arminia Bielefeld,SV Sandhausen,1,1
2019-11-23,SV Wehen Wiesbaden,Holstein Kiel,3,6
2019-11-23,Bayer Leverkusen,SC Freiburg,1,1
2019-11-23,Eintracht Frankfurt,Wolfsburg,0,2
2019-11-23,Werder Bremen,Schalke 04,1,2
2019-11-23,Fortuna Düsseldorf,Bayern Munich,0,4
2019-11-23,Union Berlin,Borussia Mönchengladbach,2,0
2019-11-23,RB Leipzig,1. FC Köln,4,1
2019-11-24,VfB Stuttgart,Karlsruher SC,3,0
2019-11-24,Jahn Regensburg,1. FC Heidenheim,3,1
2019-11-24,Greuther Fürth,1. FC Nürnberg,0,0
2019-11-24,Augsburg,Hertha Berlin,4,0
2019-11-24,TSG Hoffenheim,1. FSV Mainz 05,1,5
2019-11-25,Hannover 96,SV Darmstadt 98,1,2
2019-11-29,VfL Osnabrück,Hamburger SV,2,1
2019-11-29,Karlsruher SC,Jahn Regensburg,4,1
2019-11-29,Schalke 04,Union Berlin,2,1
2019-11-30,1. FC Nürnberg,SV Wehen Wiesbaden,0,2
2019-11-30,FC St. Pauli,Hannover 96,0,1
2019-11-30,VfL Bochum,FC Erzgebirge Aue,2,0
2019-11-30,Dynamo Dresden,Holstein Kiel,1,2
2019-11-30,TSG Hoffenheim,Fortuna Düsseldorf,1,1
2019-11-30,Hertha Berlin,Borussia Dortmund,1,2
2019-11-30,1. FC Köln,Augsburg,1,1
2019-11-30,SC Paderborn,RB Leipzig,2,3
2019-11-30,Bayern Munich,Bayer Leverkusen,1,2
2019-12-01,1. FC Heidenheim,Greuther Fürth,1,0
2019-12-01,SV Darmstadt 98,Arminia Bielefeld,1,3
2019-12-01,SV Sandhausen,VfB Stuttgart,2,1
2019-12-01,Borussia Mönchengladbach,SC Freiburg,4,2
2019-12-01,Wolfsburg,Werder Bremen,2,3
2019-12-02,1. FSV Mainz 05,Eintracht Frankfurt,2,1
2019-12-06,Hamburger SV,1. FC Heidenheim,0,1
2019-12-06,Arminia Bielefeld,Karlsruher SC,2,2
2019-12-06,Eintracht Frankfurt,Hertha Berlin,2,2
2019-12-07,Hannover 96,FC Erzgebirge Aue,3,2
2019-12-07,Greuther Fürth,VfL Bochum,3,1
2019-12-07,Borussia Dortmund,Fortuna Düsseldorf,5,0
2019-12-07,RB Leipzig,TSG Hoffenheim,3,1
2019-12-07,Borussia Mönchengladbach,Bayern Munich,2,1
2019-12-07,SC Freiburg,Wolfsburg,1,0
2019-12-07,Augsburg,1. FSV Mainz 05,2,1
2019-12-07,Bayer Leverkusen,Schalke 04,2,1
2019-12-08,Holstein Kiel,VfL Osnabrück,2,4
2019-12-08,Jahn Regensburg,FC St. Pauli,1,0
2019-12-08,Dynamo Dresden,SV Sandhausen,1,1
2019-12-08,SV Wehen Wiesbaden,SV Darmstadt 98,0,0
2019-12-08,Union Berlin,1. FC Köln,2,0
2019-12-08,Werder Bremen,SC Paderborn,0,1
2019-12-09,VfB Stuttgart,1. FC Nürnberg,3,1
2019-12-13,VfL Bochum,Hannover 96,2,1
2019-12-13,FC Erzgebirge Aue,Jahn Regensburg,1,0
2019-12-13,TSG Hoffenheim,Augsburg,2,4
2019-12-14,1. FC Heidenheim,Arminia Bielefeld,0,0
2019-12-14,FC St. Pauli,SV Wehen Wiesbaden,3,1
2019-12-14,Karlsruher SC,Greuther Fürth,1,5
2019-12-14,Bayern Munich,Werder Bremen,6,1
2019-12-14,Hertha Berlin,SC Freiburg,1,0
2019-12-14,1. FSV Mainz 05,Borussia Dortmund,0,4
2019-12-14,1. FC Köln,Bayer Leverkusen,2,0
2019-12-14,SC Paderborn,Union Berlin,1,1
2019-12-14,Fortuna Düsseldorf,RB Leipzig,0,3
2019-12-15,1. FC Nürnberg,Holstein Kiel,2,2
2019-12-15,SV Sandhausen,Hamburger SV,1,1
2019-12-15,VfL Osnabrück,Dynamo Dresden,3,0
2019-12-15,Wolfsburg,Borussia Mönchengladbach,2,1
2019-12-15,Schalke 04,Eintracht Frankfurt,1,0
2019-12-16,SV Darmstadt 98,VfB Stuttgart,1,1
2019-12-17,Werder Bremen,1. FSV Mainz 05,0,5
2019-12-17,Borussia Dortmund,RB Leipzig,3,3
2019-12-17,Augsburg,Fortuna Düsseldorf,3,0
2019-12-17,Union Berlin,TSG Hoffenheim,0,2
2019-12-18,Bayer Leverkusen,Hertha Berlin,0,1
2019-12-18,Borussia Mönchengladbach,SC Paderborn,2,0
2019-12-18,Wolfsburg,Schalke 04,1,1
2019-12-18,Eintracht Frankfurt,1. FC Köln,2,4
2019-12-18,SC Freiburg,Bayern Munich,1,3
2019-12-20,1. FC Nürnberg,Dynamo Dresden,2,0
2019-12-20,Karlsruher SC,SV Wehen Wiesbaden,0,1
2019-12-20,TSG Hoffenheim,Borussia Dortmund,2,1
2019-12-21,Hannover 96,VfB Stuttgart,2,2
2019-12-21,FC St. Pauli,Arminia Bielefeld,3,0
2019-12-21,SV Darmstadt 98,Hamburger SV,2,2
2019-12-21,FC Erzgebirge Aue,Greuther Fürth,3,1
2019-12-21,Bayern Munich,Wolfsburg,2,0
2019-12-21,RB Leipzig,Augsburg,3,1
2019-12-21,1. FSV Mainz 05,Bayer Leverkusen,0,1
2019-12-21,Schalke 04,SC Freiburg,2,2
2019-12-21,1. FC Köln,Werder Bremen,1,0
2019-12-21,Hertha Berlin,Borussia Mönchengladbach,0,0
2019-12-22,1. FC Heidenheim,VfL Osnabrück,3,1
2019-12-22,VfL Bochum,Jahn Regensburg,2,3
2019-12-22,SV Sandhausen,Holstein Kiel,2,2
2019-12-22,Fortuna Düsseldorf,Union Berlin,2,1
2019-12-22,SC Paderborn,Eintracht Frankfurt,2,1
2020-01-17,Schalke 04,Borussia Mönchengladbach,2,0
2020-01-18,TSG Hoffenheim,Eintracht Frankfurt,1,2
2020-01-18,Fortuna Düsseldorf,Werder Bremen,0,1
2020-01-18,1. FSV Mainz 05,SC Freiburg,1,2
2020-01-18,Augsburg,Borussia Dortmund,3,5
2020-01-18,1. FC Köln,Wolfsburg,3,1
2020-01-18,RB Leipzig,Union Berlin,3,1
2020-01-19,Hertha Berlin,Bayern Munich,0,4
2020-01-19,SC Paderborn,Bayer Leverkusen,1,4
2020-01-24,Borussia Dortmund,1. FC Köln,5,1
2020-01-25,Borussia Mönchengladbach,1. FSV Mainz 05,3,1
2020-01-25,Wolfsburg,Hertha Berlin,1,2
2020-01-25,Eintracht Frankfurt,RB Leipzig,2,0
2020-01-25,SC Freiburg,SC Paderborn,0,2
2020-01-25,Union Berlin,Augsburg,2,0
2020-01-25,Bayern Munich,Schalke 04,5,0
2020-01-26,Werder Bremen,TSG Hoffenheim,0,3
2020-01-26,Bayer Leverkusen,Fortuna Düsseldorf,3,0
2020-01-28,Arminia Bielefeld,VfL Bochum,2,0
2020-01-28,Greuther Fürth,FC St. Pauli,3,0
2020-01-28,Jahn Regensburg,Hannover 96,1,0
2020-01-28,SV Wehen Wiesbaden,FC Erzgebirge Aue,1,0
2020-01-29,VfB Stuttgart,1. FC Heidenheim,3,0
2020-01-29,Holstein Kiel,SV Darmstadt 98,1,1
2020-01-29,Dynamo Dresden,Karlsruher SC,1,0
2020-01-29,VfL Osnabrück,SV Sandhausen,1,3
2020-01-30,Hamburger SV,1. FC Nürnberg,4,1
2020-01-31,Jahn Regensburg,Greuther Fürth,0,2
2020-01-31,FC Erzgebirge Aue,Arminia Bielefeld,0,0
2020-01-31,Hertha Berlin,Schalke 04,0,0
2020-02-01,Hannover 96,SV Wehen Wiesbaden,2,2
2020-02-01,FC St. Pauli,VfB Stuttgart,1,1
2020-02-01,Karlsruher SC,Holstein Kiel,0,2
2020-02-01,Borussia Dortmund,Union Berlin,5,0
2020-02-01,TSG Hoffenheim,Bayer Leverkusen,2,1
2020-02-01,Fortuna Düsseldorf,Eintracht Frankfurt,1,1
2020-02-01,1. FSV Mainz 05,Bayern Munich,1,3
2020-02-01,Augsburg,Werder Bremen,2,1
2020-02-01,RB Leipzig,Borussia Mönchengladbach,2,2
2020-02-02,1. FC Nürnberg,SV Sandhausen,2,0
2020-02-02,1. FC Heidenheim,Dynamo Dresden,0,0
2020-02-02,SV Darmstadt 98,VfL Osnabrück,2,2
2020-02-02,1. FC Köln,SC Freiburg,4,0
2020-02-02,SC Paderborn,Wolfsburg,2,4
2020-02-03,VfL Bochum,Hamburger SV,1,3
2020-02-07,Dynamo Dresden,SV Darmstadt 98,2,3
2020-02-07,SV Sandhausen,1. FC Heidenheim,0,1
2020-02-07,Eintracht Frankfurt,Augsburg,5,0
2020-02-08,VfB Stuttgart,FC Erzgebirge Aue,3,0
2020-02-08,Hamburger SV,Karlsruher SC,2,0
2020-02-08,VfL Osnabrück,1. FC Nürnberg,0,1
2020-02-08,Wolfsburg,Fortuna Düsseldorf,1,1
2020-02-08,Werder Bremen,Union Berlin,0,2
2020-02-08,Hertha Berlin,1. FSV Mainz 05,1,3
2020-02-08,SC Freiburg,TSG Hoffenheim,1,0
2020-02-08,Schalke 04,SC Paderborn,1,1
2020-02-08,Bayer Leverkusen,Borussia Dortmund,4,3
2020-02-09,Arminia Bielefeld,Jahn Regensburg,6,0
2020-02-09,Greuther Fürth,Hannover 96,1,3
2020-02-09,SV Wehen Wiesbaden,VfL Bochum,0,1
2020-02-09,Bayern Munich,RB Leipzig,0,0
2020-02-10,Holstein Kiel,FC St. Pauli,2,1
2020-02-14,1. FC Heidenheim,1. FC Nürnberg,2,2
2020-02-14,FC St. Pauli,Dynamo Dresden,0,0
2020-02-14,Borussia Dortmund,Eintracht Frankfurt,4,0
2020-02-15,Hannover 96,Hamburger SV,1,1
2020-02-15,Jahn Regensburg,SV Wehen Wiesbaden,1,0
2020-02-15,Greuther Fürth,Arminia Bielefeld,2,4
2020-02-15,RB Leipzig,Werder Bremen,3,0
2020-02-15,TSG Hoffenheim,Wolfsburg,2,3
2020-02-15,Augsburg,SC Freiburg,1,1
2020-02-15,SC Paderborn,Hertha Berlin,1,2
2020-02-15,Union Berlin,Bayer Leverkusen,2,3
2020-02-15,Fortuna Düsseldorf,Borussia Mönchengladbach,1,4
2020-02-16,SV Darmstadt 98,SV Sandhausen,1,0
2020-02-16,FC Erzgebirge Aue,Holstein Kiel,1,2
2020-02-16,Karlsruher SC,VfL Osnabrück,1,1
2020-02-16,1. FC Köln,Bayern Munich,1,4
2020-02-16,1. FSV Mainz 05,Schalke 04,0,0
2020-02-17,VfL Bochum,VfB Stuttgart,0,1
2020-02-21,VfL Osnabrück,FC Erzgebirge Aue,0,0
2020-02-21,SV Wehen Wiesbaden,Greuther Fürth,1,1
2020-02-21,Bayern Munich,SC Paderborn,3,2
2020-02-22,VfB Stuttgart,Jahn Regensburg,2,0
2020-02-22,Hamburger SV,FC St. Pauli,0,2
2020-02-22,Holstein Kiel,1. FC Heidenheim,0,1
2020-02-22,Dynamo Dresden,VfL Bochum,1,2
2020-02-22,Borussia Mönchengladbach,TSG Hoffenheim,1,1
2020-02-22,Werder Bremen,Borussia Dortmund,0,2
2020-02-22,Hertha Berlin,1. FC Köln,0,5
2020-02-22,SC Freiburg,Fortuna Düsseldorf,0,2
2020-02-22,Schalke 04,RB Leipzig,0,5
2020-02-23,1. FC Nürnberg,SV Darmstadt 98,1,2
2020-02-23,Arminia Bielefeld,Hannover 96,1,0
2020-02-23,SV Sandhausen,Karlsruher SC,0,2
2020-02-23,Bayer Leverkusen,Augsburg,2,0
2020-02-23,Wolfsburg,1. FSV Mainz 05,4,0
2020-02-24,Eintracht Frankfurt,Union Berlin,1,2
2020-02-28,Jahn Regensburg,Dynamo Dresden,1,2
2020-02-28,Karlsruher SC,1. FC Nürnberg,0,1
2020-02-28,Fortuna Düsseldorf,Hertha Berlin,3,3
2020-02-29,SV Darmstadt 98,1. FC Heidenheim,2,0
2020-02-29,Greuther Fürth,VfB Stuttgart,2,0
2020-02-29,FC Erzgebirge Aue,Hamburger SV,3,0
2020-02-29,Borussia Dortmund,SC Freiburg,1,0
2020-02-29,TSG Hoffenheim,Bayern Munich,0,6
2020-02-29,1. FSV Mainz 05,SC Paderborn,2,0
2020-02-29,Augsburg,Borussia Mönchengladbach,2,3
2020-02-29,1. FC Köln,Schalke 04,3,0
2020-03-01,Arminia Bielefeld,SV Wehen Wiesbaden,1,0
2020-03-01,FC St. Pauli,VfL Osnabrück,3,1
2020-03-01,VfL Bochum,SV Sandhausen,4,4
2020-03-01,Union Berlin,Wolfsburg,2,2
2020-03-01,RB Leipzig,Bayer Leverkusen,1,1
2020-03-02,Hannover 96,Holstein Kiel,3,1
2020-03-06,1. FC Nürnberg,Hannover 96,0,3
2020-03-06,VfL Osnabrück,SV Wehen Wiesbaden,2,6
2020-03-06,SC Paderborn,1. FC Köln,1,2
2020-03-07,Hamburger SV,Jahn Regensburg,2,1
2020-03-07,1. FC Heidenheim,Karlsruher SC,3,1
2020-03-07,SV Darmstadt 98,VfL Bochum,0,0
2020-03-07,Bayer Leverkusen,Eintracht Frankfurt,4,0
2020-03-07,Wolfsburg,RB Leipzig,0,0
2020-03-07,Hertha Berlin,Werder Bremen,2,2
2020-03-07,SC Freiburg,Union Berlin,3,1
2020-03-07,Schalke 04,TSG Hoffenheim,1,1
2020-03-07,Borussia Mönchengladbach,Borussia Dortmund,1,2
2020-03-08,Holstein Kiel,Greuther Fürth,1,1
2020-03-08,Dynamo Dresden,FC Erzgebirge Aue,2,1
2020-03-08,SV Sandhausen,FC St. Pauli,2,2
2020-03-08,Bayern Munich,Augsburg,2,0
2020-03-08,1. FSV Mainz 05,Fortuna Düsseldorf,1,1
2020-03-09,VfB Stuttgart,Arminia Bielefeld,1,1
2020-03-11,Borussia Mönchengladbach,1. FC Köln,2,1
2020-05-16,Jahn Regensburg,Holstein Kiel,2,2
2020-05-16,VfL Bochum,1. FC Heidenheim,3,0
2020-05-16,FC Erzgebirge Aue,SV Sandhausen,3,0
2020-05-16,Karlsruher SC,SV Darmstadt 98,2,0
2020-05-16,Borussia Dortmund,Schalke 04,4,0
2020-05-16,RB Leipzig,SC Freiburg,1,1
2020-05-16,TSG Hoffenheim,Hertha Berlin,0,3
2020-05-16,Fortuna Düsseldorf,SC Paderborn,0,0
2020-05-16,Augsburg,Wolfsburg,1,2
2020-05-16,Eintracht Frankfurt,Borussia Mönchengladbach,1,3
2020-05-17,Arminia Bielefeld,VfL Osnabrück,1,1
2020-05-17,FC St. Pauli,1. FC Nürnberg,1,0
2020-05-17,Greuther Fürth,Hamburger SV,2,2
2020-05-17,SV Wehen Wiesbaden,VfB Stuttgart,2,1
2020-05-17,1. FC Köln,1. FSV Mainz 05,2,2
2020-05-17,Union Berlin,Bayern Munich,0,2
2020-05-18,Werder Bremen,Bayer Leverkusen,1,4
2020-05-22,1. FC Nürnberg,FC Erzgebirge Aue,1,1
2020-05-22,1. FC Heidenheim,SV Wehen Wiesbaden,1,0
2020-05-22,Hertha Berlin,Union Berlin,4,0
2020-05-23,SV Darmstadt 98,FC St. Pauli,4,0
2020-05-23,SV Sandhausen,Jahn Regensburg,0,0
2020-05-23,VfL Osnabrück,Hannover 96,2,4
2020-05-23,Borussia Mönchengladbach,Bayer Leverkusen,1,3
2020-05-23,Wolfsburg,Borussia Dortmund,0,2
2020-05-23,SC Freiburg,Werder Bremen,0,1
2020-05-23,SC Paderborn,TSG Hoffenheim,1,1
2020-05-23,Bayern Munich,Eintracht Frankfurt,5,2
2020-05-24,Hamburger SV,Arminia Bielefeld,0,0
2020-05-24,Holstein Kiel,VfB Stuttgart,3,2
2020-05-24,Karlsruher SC,VfL Bochum,0,0
2020-05-24,Schalke 04,Augsburg,0,3
2020-05-24,1. FSV Mainz 05,RB Leipzig,0,5
2020-05-24,1. FC Köln,Fortuna Düsseldorf,2,2
2020-05-26,Jahn Regensburg,1. FC Nürnberg,2,2
2020-05-26,Greuther Fürth,VfL Osnabrück,0,2
2020-05-26,FC Erzgebirge Aue,SV Darmstadt 98,1,3
2020-05-26,SV Wehen Wiesbaden,SV Sandhausen,0,1
2020-05-26,Borussia Dortmund,Bayern Munich,0,1
2020-05-26,Bayer Leverkusen,Wolfsburg,1,4
2020-05-26,Eintracht Frankfurt,SC Freiburg,3,3
2020-05-26,Werder Bremen,Borussia Mönchengladbach,0,0
2020-05-27,Hannover 96,Karlsruher SC,1,1
2020-05-27,FC St. Pauli,1. FC Heidenheim,0,0
2020-05-27,VfL Bochum,Holstein Kiel,2,1
2020-05-27,RB Leipzig,Hertha Berlin,2,2
2020-05-27,TSG Hoffenheim,1. FC Köln,3,1
2020-05-27,Fortuna Düsseldorf,Schalke 04,2,1
2020-05-27,Augsburg,SC Paderborn,0,0
2020-05-27,Union Berlin,1. FSV Mainz 05,1,1
2020-05-28,VfB Stuttgart,Hamburger SV,3,2
2020-05-29,SV Darmstadt 98,Greuther Fürth,1,1
2020-05-29,VfL Osnabrück,Jahn Regensburg,2,2
2020-05-29,SC Freiburg,Bayer Leverkusen,0,1
2020-05-30,1. FC Nürnberg,VfL Bochum,0,0
2020-05-30,Holstein Kiel,Arminia Bielefeld,1,2
2020-05-30,SV Sandhausen,Hannover 96,3,1
2020-05-30,Karlsruher SC,FC St. Pauli,1,1
2020-05-30,Wolfsburg,Eintracht Frankfurt,1,2
2020-05-30,Hertha Berlin,Augsburg,2,0
2020-05-30,1. FSV Mainz 05,TSG Hoffenheim,0,1
2020-05-30,Schalke 04,Werder Bremen,0,1
2020-05-30,Bayern Munich,Fortuna Düsseldorf,5,0
2020-05-31,Hamburger SV,SV Wehen Wiesbaden,3,2
2020-05-31,1. FC Heidenheim,FC Erzgebirge Aue,3,0
2020-05-31,Dynamo Dresden,VfB Stuttgart,0,2
2020-05-31,Borussia Mönchengladbach,Union Berlin,4,1
2020-05-31,SC Paderborn,Borussia Dortmund,1,6
2020-06-01,1. FC Köln,RB Leipzig,2,4
2020-06-03,Hannover 96,Dynamo Dresden,3,0
2020-06-03,Werder Bremen,Eintracht Frankfurt,0,3
2020-06-05,VfL Bochum,FC St. Pauli,2,0
2020-06-05,Greuther Fürth,SV Sandhausen,1,2
2020-06-05,SC Freiburg,Borussia Mönchengladbach,1,0
2020-06-06,Arminia Bielefeld,1. FC Nürnberg,1,1
2020-06-06,Jahn Regensburg,SV Darmstadt 98,3,0
2020-06-06,SV Wehen Wiesbaden,Dynamo Dresden,2,3
2020-06-06,RB Leipzig,SC Paderborn,1,1
2020-06-06,Bayer Leverkusen,Bayern Munich,2,4
2020-06-06,Eintracht Frankfurt,1. FSV Mainz 05,0,2
2020-06-06,Fortuna Düsseldorf,TSG Hoffenheim,2,2
2020-06-06,Borussia Dortmund,Hertha Berlin,1,0
2020-06-07,VfB Stuttgart,VfL Osnabrück,0,0
2020-06-07,Hannover 96,1. FC Heidenheim,2,1
2020-06-07,FC Erzgebirge Aue,Karlsruher SC,1,0
2020-06-07,Werder Bremen,Wolfsburg,0,1
2020-06-07,Union Berlin,Schalke 04,1,1
2020-06-07,Augsburg,1. FC Köln,1,1
2020-06-08,Hamburger SV,Holstein Kiel,3,3
2020-06-09,Dynamo Dresden,Greuther Fürth,1,1
2020-06-12,Dynamo Dresden,Hamburger SV,0,1
2020-06-12,SV Sandhausen,Arminia Bielefeld,0,0
2020-06-12,TSG Hoffenheim,RB Leipzig,0,2
2020-06-13,1. FC Nürnberg,Greuther Fürth,0,1
2020-06-13,1. FC Heidenheim,Jahn Regensburg,4,1
2020-06-13,Holstein Kiel,SV Wehen Wiesbaden,1,2
2020-06-13,VfL Osnabrück,VfL Bochum,0,2
2020-06-13,Wolfsburg,SC Freiburg,2,2
2020-06-13,Fortuna Düsseldorf,Borussia Dortmund,0,1
2020-06-13,Hertha Berlin,Eintracht Frankfurt,1,4
2020-06-13,1. FC Köln,Union Berlin,1,2
2020-06-13,SC Paderborn,Werder Bremen,1,5
2020-06-13,Bayern Munich,Borussia Mönchengladbach,2,1
2020-06-14,FC St. Pauli,FC Erzgebirge Aue,2,1
2020-06-14,SV Darmstadt 98,Hannover 96,3,2
2020-06-14,Karlsruher SC,VfB Stuttgart,2,1
2020-06-14,1. FSV Mainz 05,Augsburg,0,1
2020-06-14,Schalke 04,Bayer Leverkusen,1,1
2020-06-15,Arminia Bielefeld,Dynamo Dresden,4,0
2020-06-16,Hamburger SV,VfL Osnabrück,1,1
2020-06-16,Greuther Fürth,1. FC Heidenheim,0,0
2020-06-16,FC Erzgebirge Aue,VfL Bochum,1,2
2020-06-16,SV Wehen Wiesbaden,1. FC Nürnberg,0,6
2020-06-16,Borussia Mönchengladbach,Wolfsburg,3,0
2020-06-16,Werder Bremen,Bayern Munich,0,1
2020-06-16,SC Freiburg,Hertha Berlin,2,1
2020-06-16,Union Berlin,SC Paderborn,1,0
2020-06-17,VfB Stuttgart,SV Sandhausen,5,1
2020-06-17,Hannover 96,FC St. Pauli,4,0
2020-06-17,Jahn Regensburg,Karlsruher SC,2,1
2020-06-17,Eintracht Frankfurt,Schalke 04,2,1
2020-06-17,Borussia Dortmund,1. FSV Mainz 05,0,2
2020-06-17,RB Leipzig,Fortuna Düsseldorf,2,2
2020-06-17,Bayer Leverkusen,1. FC Köln,3,1
2020-06-17,Augsburg,TSG Hoffenheim,1,3
2020-06-18,Holstein Kiel,Dynamo Dresden,2,0
2020-06-18,Arminia Bielefeld,SV Darmstadt 98,1,0
2020-06-20,Bayern Munich,SC Freiburg,3,1
2020-06-20,RB Leipzig,Borussia Dortmund,0,2
2020-06-20,TSG Hoffenheim,Union Berlin,4,0
2020-06-20,Fortuna Düsseldorf,Augsburg,1,1
2020-06-20,Hertha Berlin,Bayer Leverkusen,2,0
2020-06-20,1. FSV Mainz 05,Werder Bremen,3,1
2020-06-20,Schalke 04,Wolfsburg,1,4
2020-06-20,1. FC Köln,Eintracht Frankfurt,1,1
2020-06-20,SC Paderborn,Borussia Mönchengladbach,1,3
2020-06-21,1. FC Nürnberg,VfB Stuttgart,0,6
2020-06-21,1. FC Heidenheim,Hamburger SV,2,1
2020-06-21,FC St. Pauli,Jahn Regensburg,1,1
2020-06-21,SV Darmstadt 98,SV Wehen Wiesbaden,3,1
2020-06-21,VfL Bochum,Greuther Fürth,2,2
2020-06-21,FC Erzgebirge Aue,Hannover 96,2,1
2020-06-21,SV Sandhausen,Dynamo Dresden,0,1
2020-06-21,VfL Osnabrück,Holstein Kiel,4,1
2020-06-21,Karlsruher SC,Arminia Bielefeld,3,3
2020-06-27,Borussia Dortmund,TSG Hoffenheim,0,4
2020-06-27,Bayer Leverkusen,1. FSV Mainz 05,1,0
2020-06-27,Borussia Mönchengladbach,Hertha Berlin,2,1
2020-06-27,Wolfsburg,Bayern Munich,0,4
2020-06-27,Eintracht Frankfurt,SC Paderborn,3,2
2020-06-27,Werder Bremen,1. FC Köln,6,1
2020-06-27,SC Freiburg,Schalke 04,4,0
2020-06-27,Augsburg,RB Leipzig,1,2
2020-06-27,Union Berlin,Fortuna Düsseldorf,3,0
2020-06-28,VfB Stuttgart,SV Darmstadt 98,1,3
2020-06-28,Hannover 96,VfL Bochum,2,0
2020-06-28,Hamburger SV,SV Sandhausen,1,5
2020-06-28,Holstein Kiel,1. FC Nürnberg,1,1
2020-06-28,Arminia Bielefeld,1. FC Heidenheim,3,0
2020-06-28,Jahn Regensburg,FC Erzgebirge Aue,1,2
2020-06-28,Dynamo Dresden,VfL Osnabrück,2,2
2020-06-28,Greuther Fürth,Karlsruher SC,1,2
2020-06-28,SV Wehen Wiesbaden,FC St. Pauli,5,3
2020-09-12,Fulham,Arsenal,0,3
2020-09-12,Crystal Palace,Southampton,1,0
2020-09-12,Liverpool,Leeds United,4,3
2020-09-12,West Ham United,Newcastle United,0,2
2020-09-13,West Bromwich Albion,Leicester City,0,3
2020-09-13,Tottenham,Everton,0,1
2020-09-14,Sheffield United,Wolverhampton Wanderers,0,2
2020-09-14,Brighton & Hove Albion,Chelsea,1,3
2020-09-18,Hamburger SV,Fortuna Düsseldorf,2,1
2020-09-18,Jahn Regensburg,1. FC Nürnberg,1,1
2020-09-18,Bayern Munich,Schalke 04,8,0
2020-09-19,Hannover 96,Karlsruher SC,2,0
2020-09-19,SV Sandhausen,SV Darmstadt 98,3,2
2020-09-19,Würzburger Kickers,FC Erzgebirge Aue,0,3
2020-09-19,Eintracht Frankfurt,Arminia Bielefeld,1,1
2020-09-19,1. FC Köln,TSG Hoffenheim,2,3
2020-09-19,VfB Stuttgart,SC Freiburg,2,3
2020-09-19,Union Berlin,Augsburg,1,3
2020-09-19,Werder Bremen,Hertha Berlin,1,4
2020-09-19,Borussia Dortmund,Borussia Mönchengladbach,3,0
2020-09-19,Everton,West Bromwich Albion,5,2
2020-09-19,Leeds United,Fulham,4,3
2020-09-19,Manchester United,Crystal Palace,1,3
2020-09-19,Arsenal,West Ham United,2,1
2020-09-20,1. FC Heidenheim,Eintracht Braunschweig,2,0
2020-09-20,Greuther Fürth,VfL Osnabrück,1,1
2020-09-20,Holstein Kiel,SC Paderborn,1,0
2020-09-20,RB Leipzig,1. FSV Mainz 05,3,1
2020-09-20,Wolfsburg,Bayer Leverkusen,0,0
2020-09-20,Southampton,Tottenham,2,5
2020-09-20,Newcastle United,Brighton & Hove Albion,0,3
2020-09-20,Chelsea,Liverpool,0,2
2020-09-20,Leicester City,Burnley,4,2
2020-09-21,VfL Bochum,FC St. Pauli,2,2
2020-09-21,Aston Villa,Sheffield United,1,0
2020-09-21,Wolverhampton Wanderers,Manchester City,1,3
2020-09-25,FC Erzgebirge Aue,Greuther Fürth,1,1
2020-09-25,VfL Osnabrück,Hannover 96,2,1
2020-09-25,Hertha Berlin,Eintracht Frankfurt,1,3
2020-09-26,Fortuna Düsseldorf,Würzburger Kickers,1,0
2020-09-26,SV Darmstadt 98,Jahn Regensburg,0,0
2020-09-26,Eintracht Braunschweig,Holstein Kiel,0,0
2020-09-26,Arminia Bielefeld,1. FC Köln,1,0
2020-09-26,Augsburg,Borussia Dortmund,2,0
2020-09-26,Bayer Leverkusen,RB Leipzig,1,1
2020-09-26,Borussia Mönchengladbach,Union Berlin,1,1
2020-09-26,1. FSV Mainz 05,VfB Stuttgart,1,4
2020-09-26,Schalke 04,Werder Bremen,1,3
2020-09-26,Brighton & Hove Albion,Manchester United,2,3
2020-09-26,Crystal Palace,Everton,1,2
2020-09-26,West Bromwich Albion,Chelsea,3,3
2020-09-26,Burnley,Southampton,0,1
2020-09-27,FC St. Pauli,1. FC Heidenheim,4,2
2020-09-27,Karlsruher SC,VfL Bochum,0,1
2020-09-27,1. FC Nürnberg,SV Sandhausen,1,0
2020-09-27,TSG Hoffenheim,Bayern Munich,4,1
2020-09-27,SC Freiburg,Wolfsburg,1,1
2020-09-27,Sheffield United,Leeds United,0,1
2020-09-27,Tottenham,Newcastle United,1,1
2020-09-27,Manchester City,Leicester City,2,5
2020-09-27,West Ham United,Wolverhampton Wanderers,4,0
2020-09-28,SC Paderborn,Hamburger SV,3,4
2020-09-28,Fulham,Aston Villa,0,3
2020-09-28,Liverpool,Arsenal,3,1
2020-10-02,VfL Bochum,VfL Osnabrück,0,0
2020-10-02,SV Sandhausen,FC St. Pauli,1,0
2020-10-02,Union Berlin,1. FSV Mainz 05,4,0
2020-10-03,1. FC Heidenheim,SC Paderborn,0,0
2020-10-03,Hannover 96,Eintracht Braunschweig,4,1
2020-10-03,Jahn Regensburg,Karlsruher SC,1,0
2020-10-03,Borussia Dortmund,SC Freiburg,4,0
2020-10-03,Eintracht Frankfurt,TSG Hoffenheim,2,1
2020-10-03,1. FC Köln,Borussia Mönchengladbach,1,3
2020-10-03,VfB Stuttgart,Bayer Leverkusen,1,1
2020-10-03,Werder Bremen,Arminia Bielefeld,1,0
2020-10-03,RB Leipzig,Schalke 04,4,0
2020-10-03,Chelsea,Crystal Palace,4,0
2020-10-03,Everton,Brighton & Hove Albion,4,2
2020-10-03,Leeds United,Manchester City,1,1
2020-10-03,Newcastle United,Burnley,3,1
2020-10-04,Hamburger SV,FC Erzgebirge Aue,3,0
2020-10-04,Holstein Kiel,Fortuna Düsseldorf,2,1
2020-10-04,Würzburger Kickers,Greuther Fürth,2,2
2020-10-04,Wolfsburg,Augsburg,0,0
2020-10-04,Bayern Munich,Hertha Berlin,4,3
2020-10-04,Leicester City,West Ham United,0,3
2020-10-04,Southampton,West Bromwich Albion,2,0
2020-10-04,Arsenal,Sheffield United,2,1
2020-10-04,Wolverhampton Wanderers,Fulham,1,0
2020-10-04,Manchester United,Tottenham,1,6
2020-10-04,Aston Villa,Liverpool,7,2
2020-10-05,1. FC Nürnberg,SV Darmstadt 98,2,3
2020-10-17,Greuther Fürth,Hamburger SV,0,1
2020-10-17,Karlsruher SC,SV Sandhausen,3,0
2020-10-17,Eintracht Braunschweig,VfL Bochum,2,1
2020-10-17,Augsburg,RB Leipzig,0,2
2020-10-17,SC Freiburg,Werder Bremen,1,1
2020-10-17,Hertha Berlin,VfB Stuttgart,0,2
2020-10-17,TSG Hoffenheim,Borussia Dortmund,0,1
2020-10-17,1. FSV Mainz 05,Bayer Leverkusen,0,1
2020-10-17,Arminia Bielefeld,Bayern Munich,1,4
2020-10-17,Borussia Mönchengladbach,Wolfsburg,1,1
2020-10-17,Everton,Liverpool,2,2
2020-10-17,Chelsea,Southampton,3,3
2020-10-17,Manchester City,Arsenal,1,0
2020-10-17,Newcastle United,Manchester United,1,4
2020-10-18,Fortuna Düsseldorf,Jahn Regensburg,2,2
2020-10-18,SC Paderborn,Hannover 96,1,0
2020-10-18,FC Erzgebirge Aue,1. FC Heidenheim,2,1
2020-10-18,VfL Osnabrück,SV Darmstadt 98,1,1
2020-10-18,Würzburger Kickers,Holstein Kiel,0,2
2020-10-18,1. FC Köln,Eintracht Frankfurt,1,1
2020-10-18,Schalke 04,Union Berlin,1,1
2020-10-18,Sheffield United,Fulham,1,1
2020-10-18,Crystal Palace,Brighton & Hove Albion,1,1
2020-10-18,Tottenham,West Ham United,3,3
2020-10-18,Leicester City,Aston Villa,0,1
2020-10-19,FC St. Pauli,1. FC Nürnberg,2,2
2020-10-19,West Bromwich Albion,Burnley,0,0
2020-10-19,Leeds United,Wolverhampton Wanderers,0,1
2020-10-23,Jahn Regensburg,Eintracht Braunschweig,3,0
2020-10-23,1. FC Nürnberg,Karlsruher SC,1,1
2020-10-23,VfB Stuttgart,1. FC Köln,1,1
2020-10-23,Aston Villa,Leeds United,0,3
2020-10-24,Hamburger SV,Würzburger Kickers,3,1
2020-10-24,SV Darmstadt 98,FC St. Pauli,2,2
2020-10-24,Hannover 96,Fortuna Düsseldorf,3,0
2020-10-24,Holstein Kiel,Greuther Fürth,1,3
2020-10-24,Bayern Munich,Eintracht Frankfurt,5,0
2020-10-24,1. FSV Mainz 05,Borussia Mönchengladbach,2,3
2020-10-24,RB Leipzig,Hertha Berlin,2,1
2020-10-24,Union Berlin,SC Freiburg,1,1
2020-10-24,Borussia Dortmund,Schalke 04,3,0
2020-10-24,West Ham United,Manchester City,1,1
2020-10-24,Fulham,Crystal Palace,1,2
2020-10-24,Manchester United,Chelsea,0,0
2020-10-24,Liverpool,Sheffield United,2,1
2020-10-25,1. FC Heidenheim,VfL Osnabrück,1,1
2020-10-25,VfL Bochum,FC Erzgebirge Aue,2,0
2020-10-25,SV Sandhausen,SC Paderborn,1,1
2020-10-25,Wolfsburg,Arminia Bielefeld,2,1
2020-10-25,Werder Bremen,TSG Hoffenheim,1,1
2020-10-25,Southampton,Everton,2,0
2020-10-25,Wolverhampton Wanderers,Newcastle United,1,1
2020-10-25,Arsenal,Leicester City,0,1
2020-10-26,Bayer Leverkusen,Augsburg,3,1
2020-10-26,Brighton & Hove Albion,West Bromwich Albion,1,1
2020-10-26,Burnley,Tottenham,0,1
2020-10-30,Fortuna Düsseldorf,1. FC Heidenheim,1,0
2020-10-30,Hamburger SV,FC St. Pauli,2,2
2020-10-30,Schalke 04,VfB Stuttgart,1,1
2020-10-30,Wolverhampton Wanderers,Crystal Palace,2,0
2020-10-31,SC Paderborn,Jahn Regensburg,3,1
2020-10-31,FC Erzgebirge Aue,Holstein Kiel,1,1
2020-10-31,VfL Osnabrück,SV Sandhausen,2,1
2020-10-31,Eintracht Braunschweig,1. FC Nürnberg,3,2
2020-10-31,Arminia Bielefeld,Borussia Dortmund,0,2
2020-10-31,Augsburg,1. FSV Mainz 05,3,1
2020-10-31,Eintracht Frankfurt,Werder Bremen,1,1
2020-10-31,1. FC Köln,Bayern Munich,1,2
2020-10-31,Borussia Mönchengladbach,RB Leipzig,1,0
2020-10-31,Sheffield United,Manchester City,0,1
2020-10-31,Burnley,Chelsea,0,3
2020-10-31,Liverpool,West Ham United,2,1
2020-11-01,Greuther Fürth,Hannover 96,4,1
2020-11-01,Karlsruher SC,SV Darmstadt 98,3,4
2020-11-01,Würzburger Kickers,VfL Bochum,2,3
2020-11-01,SC Freiburg,Bayer Leverkusen,2,4
2020-11-01,Hertha Berlin,Wolfsburg,1,1
2020-11-01,Aston Villa,Southampton,3,4
2020-11-01,Newcastle United,Everton,2,1
2020-11-01,Manchester United,Arsenal,0,1
2020-11-01,Tottenham,Brighton & Hove Albion,2,1
2020-11-02,TSG Hoffenheim,Union Berlin,1,3
2020-11-02,Fulham,West Bromwich Albion,2,0
2020-11-02,Leeds United,Leicester City,1,4
2020-11-06,1. FC Heidenheim,Würzburger Kickers,4,1
2020-11-06,SV Sandhausen,Eintracht Braunschweig,2,2
2020-11-06,Werder Bremen,1. FC Köln,1,1
2020-11-06,Brighton & Hove Albion,Burnley,0,0
2020-11-06,Southampton,Newcastle United,2,0
2020-11-07,Hannover 96,FC Erzgebirge Aue,0,0
2020-11-07,VfL Bochum,Greuther Fürth,0,2
2020-11-07,1. FC Nürnberg,Fortuna Düsseldorf,1,1
2020-11-07,Augsburg,Hertha Berlin,0,3
2020-11-07,1. FSV Mainz 05,Schalke 04,2,2
2020-11-07,RB Leipzig,SC Freiburg,3,0
2020-11-07,VfB Stuttgart,Eintracht Frankfurt,2,2
2020-11-07,Union Berlin,Arminia Bielefeld,5,0
2020-11-07,Borussia Dortmund,Bayern Munich,2,3
2020-11-07,Everton,Manchester United,1,3
2020-11-07,Crystal Palace,Leeds United,4,1
2020-11-07,Chelsea,Sheffield United,4,1
2020-11-07,West Ham United,Fulham,1,0
2020-11-08,SV Darmstadt 98,SC Paderborn,0,4
2020-11-08,Jahn Regensburg,VfL Osnabrück,2,4
2020-11-08,FC St. Pauli,Karlsruher SC,0,3
2020-11-08,Wolfsburg,TSG Hoffenheim,2,1
2020-11-08,Bayer Leverkusen,Borussia Mönchengladbach,4,3
2020-11-08,West Bromwich Albion,Tottenham,0,1
2020-11-08,Leicester City,Wolverhampton Wanderers,1,0
2020-11-08,Manchester City,Liverpool,1,1
2020-11-08,Arsenal,Aston Villa,0,3
2020-11-09,Holstein Kiel,Hamburger SV,1,1
2020-11-21,Fortuna Düsseldorf,SV Sandhausen,1,0
2020-11-21,SC Paderborn,FC St. Pauli,2,0
2020-11-21,Holstein Kiel,1. FC Heidenheim,2,2
2020-11-21,Eintracht Braunschweig,Karlsruher SC,1,3
2020-11-21,Arminia Bielefeld,Bayer Leverkusen,1,2
2020-11-21,Bayern Munich,Werder Bremen,1,1
2020-11-21,Borussia Mönchengladbach,Augsburg,1,1
2020-11-21,TSG Hoffenheim,VfB Stuttgart,3,3
2020-11-21,Schalke 04,Wolfsburg,0,2
2020-11-21,Eintracht Frankfurt,RB Leipzig,1,1
2020-11-21,Hertha Berlin,Borussia Dortmund,2,5
2020-11-21,Newcastle United,Chelsea,0,2
2020-11-21,Aston Villa,Brighton & Hove Albion,1,2
2020-11-21,Tottenham,Manchester City,2,0
2020-11-21,Manchester United,West Bromwich Albion,1,0
2020-11-22,Hamburger SV,VfL Bochum,1,3
2020-11-22,FC Erzgebirge Aue,SV Darmstadt 98,3,0
2020-11-22,Greuther Fürth,Jahn Regensburg,3,1
2020-11-22,Würzburger Kickers,Hannover 96,2,1
2020-11-22,SC Freiburg,1. FSV Mainz 05,1,3
2020-11-22,1. FC Köln,Union Berlin,1,2
2020-11-22,Fulham,Everton,2,3
2020-11-22,Sheffield United,West Ham United,0,1
2020-11-22,Leeds United,Arsenal,0,0
2020-11-22,Liverpool,Leicester City,3,0
2020-11-23,VfL Osnabrück,1. FC Nürnberg,1,4
2020-11-23,Burnley,Crystal Palace,1,0
2020-11-23,Wolverhampton Wanderers,Southampton,1,1
2020-11-27,FC St. Pauli,VfL Osnabrück,0,1
2020-11-27,SV Darmstadt 98,Eintracht Braunschweig,4,0
2020-11-27,Wolfsburg,Werder Bremen,5,3
2020-11-27,Crystal Palace,Newcastle United,0,2
2020-11-28,Jahn Regensburg,Würzburger Kickers,2,0
2020-11-28,SV Sandhausen,FC Erzgebirge Aue,1,4
2020-11-28,Karlsruher SC,SC Paderborn,1,0
2020-11-28,Augsburg,SC Freiburg,1,1
2020-11-28,Borussia Dortmund,1. FC Köln,1,2
2020-11-28,RB Leipzig,Arminia Bielefeld,2,1
2020-11-28,VfB Stuttgart,Bayern Munich,1,3
2020-11-28,Union Berlin,Eintracht Frankfurt,3,3
2020-11-28,Borussia Mönchengladbach,Schalke 04,4,1
2020-11-28,Brighton & Hove Albion,Liverpool,1,1
2020-11-28,Manchester City,Burnley,5,0
2020-11-28,Everton,Leeds United,0,1
2020-11-28,West Bromwich Albion,Sheffield United,1,0
2020-11-29,1. FC Heidenheim,Hamburger SV,3,2
2020-11-29,1. FC Nürnberg,Greuther Fürth,2,3
2020-11-29,Hannover 96,Holstein Kiel,0,3
2020-11-29,Bayer Leverkusen,Hertha Berlin,0,0
2020-11-29,1. FSV Mainz 05,TSG Hoffenheim,1,1
2020-11-29,Southampton,Manchester United,2,3
2020-11-29,Chelsea,Tottenham,0,0
2020-11-29,Arsenal,Wolverhampton Wanderers,1,2
2020-11-30,VfL Bochum,Fortuna Düsseldorf,5,0
2020-11-30,Leicester City,Fulham,1,2
2020-11-30,West Ham United,Aston Villa,2,1
2020-12-04,Fortuna Düsseldorf,SV Darmstadt 98,3,2
2020-12-04,Holstein Kiel,VfL Bochum,3,1
2020-12-04,Hertha Berlin,Union Berlin,3,1
2020-12-05,Eintracht Braunschweig,FC St. Pauli,2,1
2020-12-05,Hamburger SV,Hannover 96,0,1
2020-12-05,VfL Osnabrück,Karlsruher SC,1,2
2020-12-05,Greuther Fürth,1. FC Heidenheim,0,1
2020-12-05,Arminia Bielefeld,1. FSV Mainz 05,2,1
2020-12-05,Eintracht Frankfurt,Borussia Dortmund,1,1
2020-12-05,SC Freiburg,Borussia Mönchengladbach,2,2
2020-12-05,1. FC Köln,Wolfsburg,2,2
2020-12-05,Bayern Munich,RB Leipzig,3,3
2020-12-05,Burnley,Everton,1,1
2020-12-05,Manchester City,Fulham,2,0
2020-12-05,West Ham United,Manchester United,1,3
2020-12-05,Chelsea,Leeds United,3,1
2020-12-06,Würzburger Kickers,SV Sandhausen,2,3
2020-12-06,FC Erzgebirge Aue,Jahn Regensburg,0,2
2020-12-06,SC Paderborn,1. FC Nürnberg,0,2
2020-12-06,Werder Bremen,VfB Stuttgart,1,2
2020-12-06,Schalke 04,Bayer Leverkusen,0,3
2020-12-06,West Bromwich Albion,Crystal Palace,1,5
2020-12-06,Sheffield United,Leicester City,1,2
2020-12-06,Tottenham,Arsenal,2,0
2020-12-06,Liverpool,Wolverhampton Wanderers,4,0
2020-12-07,TSG Hoffenheim,Augsburg,3,1
2020-12-07,Brighton & Hove Albion,Southampton,1,2
2020-12-11,VfL Bochum,SC Paderborn,3,0
2020-12-11,SV Sandhausen,Greuther Fürth,0,3
2020-12-11,Wolfsburg,Eintracht Frankfurt,2,1
2020-12-11,Leeds United,West Ham United,1,2
2020-12-12,SV Darmstadt 98,Hamburger SV,1,2
2020-12-12,1. FC Heidenheim,Hannover 96,1,0
2020-12-12,Jahn Regensburg,Holstein Kiel,2,3
2020-12-12,Borussia Dortmund,VfB Stuttgart,1,5
2020-12-12,Borussia Mönchengladbach,Hertha Berlin,1,1
2020-12-12,SC Freiburg,Arminia Bielefeld,2,0
2020-12-12,1. FSV Mainz 05,1. FC Köln,0,1
2020-12-12,RB Leipzig,Werder Bremen,2,0
2020-12-12,Union Berlin,Bayern Munich,1,1
2020-12-12,Wolverhampton Wanderers,Aston Villa,0,1
2020-12-12,Newcastle United,West Bromwich Albion,2,1
2020-12-12,Manchester United,Manchester City,0,0
2020-12-12,Everton,Chelsea,1,0
2020-12-13,Karlsruher SC,Fortuna Düsseldorf,1,2
2020-12-13,Eintracht Braunschweig,VfL Osnabrück,0,2
2020-12-13,1. FC Nürnberg,Würzburger Kickers,2,1
2020-12-13,FC St. Pauli,FC Erzgebirge Aue,2,2
2020-12-13,Augsburg,Schalke 04,2,2
2020-12-13,Bayer Leverkusen,TSG Hoffenheim,4,1
2020-12-13,Southampton,Sheffield United,3,0
2020-12-13,Crystal Palace,Tottenham,1,1
2020-12-13,Fulham,Liverpool,1,1
2020-12-13,Arsenal,Burnley,0,1
2020-12-13,Leicester City,Brighton & Hove Albion,3,0
2020-12-15,Greuther Fürth,SV Darmstadt 98,0,4
2020-12-15,Hamburger SV,SV Sandhausen,4,0
2020-12-15,1. FC Heidenheim,Jahn Regensburg,0,0
2020-12-15,Hannover 96,VfL Bochum,2,0
2020-12-15,Eintracht Frankfurt,Borussia Mönchengladbach,3,3
2020-12-15,Hertha Berlin,1. FSV Mainz 05,0,0
2020-12-15,VfB Stuttgart,Union Berlin,2,2
2020-12-15,Werder Bremen,Borussia Dortmund,1,2
2020-12-15,Wolverhampton Wanderers,Chelsea,2,1
2020-12-15,Manchester City,West Bromwich Albion,1,1
2020-12-16,Holstein Kiel,1. FC Nürnberg,1,0
2020-12-16,SC Paderborn,Eintracht Braunschweig,2,2
2020-12-16,Fortuna Düsseldorf,VfL Osnabrück,3,0
2020-12-16,Schalke 04,SC Freiburg,0,2
2020-12-16,Arminia Bielefeld,Augsburg,0,1
2020-12-16,Bayern Munich,Wolfsburg,2,1
2020-12-16,TSG Hoffenheim,RB Leipzig,0,1
2020-12-16,1. FC Köln,Bayer Leverkusen,0,4
2020-12-16,Arsenal,Southampton,1,1
2020-12-16,Leeds United,Newcastle United,5,2
2020-12-16,Leicester City,Everton,0,2
2020-12-16,Fulham,Brighton & Hove Albion,0,0
2020-12-16,Liverpool,Tottenham,2,1
2020-12-16,West Ham United,Crystal Palace,1,1
2020-12-17,FC Erzgebirge Aue,Karlsruher SC,4,1
2020-12-17,Aston Villa,Burnley,0,0
2020-12-17,Sheffield United,Manchester United,2,3
2020-12-18,VfL Bochum,1. FC Heidenheim,3,0
2020-12-18,Jahn Regensburg,Hannover 96,0,0
2020-12-18,Union Berlin,Borussia Dortmund,2,1
2020-12-19,SV Darmstadt 98,Würzburger Kickers,2,0
2020-12-19,Eintracht Braunschweig,Greuther Fürth,0,3
2020-12-19,VfL Osnabrück,SC Paderborn,0,1
2020-12-19,Augsburg,Eintracht Frankfurt,0,2
2020-12-19,Borussia Mönchengladbach,TSG Hoffenheim,1,2
2020-12-19,1. FSV Mainz 05,Werder Bremen,0,1
2020-12-19,RB Leipzig,1. FC Köln,0,0
2020-12-19,Schalke 04,Arminia Bielefeld,0,1
2020-12-19,Bayer Leverkusen,Bayern Munich,1,2
2020-12-19,Crystal Palace,Liverpool,0,7
2020-12-19,Southampton,Manchester City,0,1
2020-12-19,Everton,Arsenal,2,1
2020-12-19,Newcastle United,Fulham,1,1
2020-12-20,FC St. Pauli,Fortuna Düsseldorf,0,3
2020-12-20,1. FC Nürnberg,FC Erzgebirge Aue,1,0
2020-12-20,SV Sandhausen,Holstein Kiel,0,2
2020-12-20,SC Freiburg,Hertha Berlin,4,1
2020-12-20,Wolfsburg,VfB Stuttgart,1,0
2020-12-20,Brighton & Hove Albion,Sheffield United,1,1
2020-12-20,Tottenham,Leicester City,0,2
2020-12-20,Manchester United,Leeds United,6,2
2020-12-20,West Bromwich Albion,Aston Villa,0,3
2020-12-21,Karlsruher SC,Hamburger SV,1,2
2020-12-21,Burnley,Wolverhampton Wanderers,2,1
2020-12-21,Chelsea,West Ham United,3,0
2020-12-26,Leicester City,Manchester United,2,2
2020-12-26,Aston Villa,Crystal Palace,3,0
2020-12-26,Fulham,Southampton,0,0
2020-12-26,Arsenal,Chelsea,3,1
2020-12-26,Manchester City,Newcastle United,2,0
2020-12-26,Sheffield United,Everton,0,1
2020-12-27,Leeds United,Burnley,1,0
2020-12-27,West Ham United,Brighton & Hove Albion,2,2
2020-12-27,Liverpool,West Bromwich Albion,1,1
2020-12-27,Wolverhampton Wanderers,Tottenham,1,1
2020-12-28,Crystal Palace,Leicester City,1,1
2020-12-28,Chelsea,Aston Villa,1,1
2020-12-29,Brighton & Hove Albion,Arsenal,0,1
2020-12-29,Burnley,Sheffield United,1,0
2020-12-29,Southampton,West Ham United,0,0
2020-12-29,West Bromwich Albion,Leeds United,0,5
2020-12-29,Manchester United,Wolverhampton Wanderers,1,0
2020-12-30,Newcastle United,Liverpool,0,0
2021-01-01,Everton,West Ham United,0,1
2021-01-01,Manchester United,Aston Villa,2,1
2021-01-02,Würzburger Kickers,Karlsruher SC,2,4
2021-01-02,VfL Bochum,SV Darmstadt 98,2,1
2021-01-02,1. FC Heidenheim,1. FC Nürnberg,2,0
2021-01-02,Arminia Bielefeld,Borussia Mönchengladbach,0,1
2021-01-02,Eintracht Frankfurt,Bayer Leverkusen,2,1
2021-01-02,TSG Hoffenheim,SC Freiburg,1,3
2021-01-02,1. FC Köln,Augsburg,0,1
2021-01-02,Werder Bremen,Union Berlin,0,2
2021-01-02,Hertha Berlin,Schalke 04,3,0
2021-01-02,VfB Stuttgart,RB Leipzig,0,1
2021-01-02,Tottenham,Leeds United,3,0
2021-01-02,Crystal Palace,Sheffield United,2,0
2021-01-02,Brighton & Hove Albion,Wolverhampton Wanderers,3,3
2021-01-02,West Bromwich Albion,Arsenal,0,4
2021-01-03,Greuther Fürth,FC St. Pauli,2,1
2021-01-03,Holstein Kiel,VfL Osnabrück,1,2
2021-01-03,Hamburger SV,Jahn Regensburg,3,1
2021-01-03,Hannover 96,SV Sandhausen,4,0
2021-01-03,FC Erzgebirge Aue,Eintracht Braunschweig,3,1
2021-01-03,Borussia Dortmund,Wolfsburg,2,0
2021-01-03,Bayern Munich,1. FSV Mainz 05,5,2
2021-01-03,Newcastle United,Leicester City,1,2
2021-01-03,Chelsea,Manchester City,1,3
2021-01-04,Fortuna Düsseldorf,SC Paderborn,2,1
2021-01-04,Southampton,Liverpool,1,0
2021-01-06,Würzburger Kickers,FC St. Pauli,1,1
2021-01-08,Karlsruher SC,Greuther Fürth,3,2
2021-01-08,SV Sandhausen,1. FC Heidenheim,4,0
2021-01-08,Borussia Mönchengladbach,Bayern Munich,3,2
2021-01-09,1. FC Nürnberg,Hamburger SV,1,1
2021-01-09,VfL Osnabrück,Würzburger Kickers,2,3
2021-01-09,FC St. Pauli,Holstein Kiel,1,1
2021-01-09,Bayer Leverkusen,Werder Bremen,1,1
2021-01-09,SC Freiburg,1. FC Köln,5,0
2021-01-09,1. FSV Mainz 05,Eintracht Frankfurt,0,2
2021-01-09,Schalke 04,TSG Hoffenheim,4,0
2021-01-09,Union Berlin,Wolfsburg,2,2
2021-01-09,RB Leipzig,Borussia Dortmund,1,3
2021-01-10,SV Darmstadt 98,Hannover 96,1,2
2021-01-10,SC Paderborn,FC Erzgebirge Aue,2,1
2021-01-10,Jahn Regensburg,VfL Bochum,0,2
2021-01-10,Augsburg,VfB Stuttgart,1,4
2021-01-10,Arminia Bielefeld,Hertha Berlin,1,0
2021-01-11,Eintracht Braunschweig,Fortuna Düsseldorf,0,0
2021-01-12,Sheffield United,Newcastle United,1,0
2021-01-12,Burnley,Manchester United,0,1
2021-01-12,Wolverhampton Wanderers,Everton,1,2
2021-01-13,Manchester City,Brighton & Hove Albion,1,0
2021-01-13,Tottenham,Fulham,1,1
2021-01-14,Arsenal,Crystal Palace,0,0
2021-01-15,Würzburger Kickers,Eintracht Braunschweig,0,0
2021-01-15,Greuther Fürth,SC Paderborn,1,1
2021-01-15,Union Berlin,Bayer Leverkusen,1,0
2021-01-16,VfL Bochum,1. FC Nürnberg,3,1
2021-01-16,FC Erzgebirge Aue,Fortuna Düsseldorf,0,3
2021-01-16,Hannover 96,FC St. Pauli,2,3
2021-01-16,Borussia Dortmund,1. FSV Mainz 05,1,1
2021-01-16,TSG Hoffenheim,Arminia Bielefeld,0,0
2021-01-16,1. FC Köln,Hertha Berlin,0,0
2021-01-16,Werder Bremen,Augsburg,2,0
2021-01-16,Wolfsburg,RB Leipzig,2,2
2021-01-16,VfB Stuttgart,Borussia Mönchengladbach,2,2
2021-01-16,Wolverhampton Wanderers,West Bromwich Albion,2,3
2021-01-16,Leeds United,Brighton & Hove Albion,0,1
2021-01-16,West Ham United,Burnley,1,0
2021-01-16,Fulham,Chelsea,0,1
2021-01-16,Leicester City,Southampton,2,0
2021-01-17,Jahn Regensburg,SV Sandhausen,3,1
2021-01-17,Holstein Kiel,Karlsruher SC,2,3
2021-01-17,1. FC Heidenheim,SV Darmstadt 98,3,0
2021-01-17,Bayern Munich,SC Freiburg,2,1
2021-01-17,Eintracht Frankfurt,Schalke 04,3,1
2021-01-17,Sheffield United,Tottenham,1,3
2021-01-17,Liverpool,Manchester United,0,0
2021-01-17,Manchester City,Crystal Palace,4,0
2021-01-18,Hamburger SV,VfL Osnabrück,5,0
2021-01-18,Arsenal,Newcastle United,3,0
2021-01-19,Borussia Mönchengladbach,Werder Bremen,1,0
2021-01-19,Bayer Leverkusen,Borussia Dortmund,2,1
2021-01-19,Hertha Berlin,TSG Hoffenheim,0,3
2021-01-19,1. FSV Mainz 05,Wolfsburg,0,2
2021-01-19,West Ham United,West Bromwich Albion,2,1
2021-01-19,Leicester City,Chelsea,2,0
2021-01-20,Schalke 04,1. FC Köln,1,2
2021-01-20,Arminia Bielefeld,VfB Stuttgart,3,0
2021-01-20,Augsburg,Bayern Munich,0,1
2021-01-20,SC Freiburg,Eintracht Frankfurt,2,2
2021-01-20,RB Leipzig,Union Berlin,1,0
2021-01-20,Manchester City,Aston Villa,2,0
2021-01-20,Fulham,Manchester United,1,2
2021-01-21,Liverpool,Burnley,0,1
2021-01-22,Fortuna Düsseldorf,Greuther Fürth,3,3
2021-01-22,VfL Osnabrück,FC Erzgebirge Aue,0,1
2021-01-22,Borussia Mönchengladbach,Borussia Dortmund,4,2
2021-01-23,Eintracht Braunschweig,Hamburger SV,2,4
2021-01-23,Karlsruher SC,1. FC Heidenheim,1,1
2021-01-23,SC Paderborn,Würzburger Kickers,1,0
2021-01-23,Arminia Bielefeld,Eintracht Frankfurt,1,5
2021-01-23,Augsburg,Union Berlin,2,1
2021-01-23,Bayer Leverkusen,Wolfsburg,0,1
2021-01-23,SC Freiburg,VfB Stuttgart,2,1
2021-01-23,1. FSV Mainz 05,RB Leipzig,3,2
2021-01-23,Hertha Berlin,Werder Bremen,1,4
2021-01-23,Aston Villa,Newcastle United,2,0
2021-01-24,SV Darmstadt 98,Holstein Kiel,0,2
2021-01-24,SV Sandhausen,VfL Bochum,1,1
2021-01-24,FC St. Pauli,Jahn Regensburg,2,0
2021-01-24,1. FC Nürnberg,Hannover 96,2,5
2021-01-24,Schalke 04,Bayern Munich,0,4
2021-01-24,TSG Hoffenheim,1. FC Köln,3,0
2021-01-26,FC Erzgebirge Aue,Würzburger Kickers,2,1
2021-01-26,Fortuna Düsseldorf,Hamburger SV,0,0
2021-01-26,Eintracht Braunschweig,1. FC Heidenheim,1,0
2021-01-26,VfL Osnabrück,Greuther Fürth,0,1
2021-01-26,Crystal Palace,West Ham United,2,3
2021-01-26,Newcastle United,Leeds United,1,2
2021-01-26,Southampton,Arsenal,1,3
2021-01-26,West Bromwich Albion,Manchester City,0,5
2021-01-27,SV Darmstadt 98,SV Sandhausen,2,1
2021-01-27,SC Paderborn,Holstein Kiel,1,1
2021-01-27,1. FC Nürnberg,Jahn Regensburg,0,1
2021-01-27,Karlsruher SC,Hannover 96,1,0
2021-01-27,Burnley,Aston Villa,3,2
2021-01-27,Chelsea,Wolverhampton Wanderers,0,0
2021-01-27,Brighton & Hove Albion,Fulham,0,0
2021-01-27,Everton,Leicester City,1,1
2021-01-27,Manchester United,Sheffield United,1,2
2021-01-28,FC St. Pauli,VfL Bochum,2,3
2021-01-28,Tottenham,Liverpool,1,3
2021-01-29,Würzburger Kickers,Fortuna Düsseldorf,2,1
2021-01-29,Greuther Fürth,FC Erzgebirge Aue,3,0
2021-01-29,VfB Stuttgart,1. FSV Mainz 05,2,0
2021-01-30,Hamburger SV,SC Paderborn,3,1
2021-01-30,Jahn Regensburg,SV Darmstadt 98,1,1
2021-01-30,Holstein Kiel,Eintracht Braunschweig,3,1
2021-01-30,Bayern Munich,TSG Hoffenheim,4,1
2021-01-30,Borussia Dortmund,Augsburg,3,1
2021-01-30,Eintracht Frankfurt,Hertha Berlin,3,1
2021-01-30,Union Berlin,Borussia Mönchengladbach,1,1
2021-01-30,Werder Bremen,Schalke 04,1,1
2021-01-30,RB Leipzig,Bayer Leverkusen,1,0
2021-01-30,Everton,Newcastle United,0,2
2021-01-30,Crystal Palace,Wolverhampton Wanderers,1,0
2021-01-30,Manchester City,Sheffield United,1,0
2021-01-30,West Bromwich Albion,Fulham,2,2
2021-01-30,Arsenal,Manchester United,0,0
2021-01-30,Southampton,Aston Villa,0,1
2021-01-31,1. FC Heidenheim,FC St. Pauli,3,4
2021-01-31,VfL Bochum,Karlsruher SC,1,2
2021-01-31,SV Sandhausen,1. FC Nürnberg,2,0
2021-01-31,1. FC Köln,Arminia Bielefeld,3,1
2021-01-31,Wolfsburg,SC Freiburg,3,0
2021-01-31,Chelsea,Burnley,2,0
2021-01-31,Leicester City,Leeds United,1,3
2021-01-31,West Ham United,Liverpool,1,3
2021-01-31,Brighton & Hove Albion,Tottenham,1,0
2021-02-01,Hannover 96,VfL Osnabrück,1,0
2021-02-02,Sheffield United,West Bromwich Albion,2,1
2021-02-02,Wolverhampton Wanderers,Arsenal,2,1
2021-02-02,Manchester United,Southampton,9,0
2021-02-02,Newcastle United,Crystal Palace,1,2
2021-02-03,Burnley,Manchester City,0,2
2021-02-03,Fulham,Leicester City,0,2
2021-02-03,Leeds United,Everton,1,2
2021-02-03,Aston Villa,West Ham United,1,3
2021-02-03,Liverpool,Brighton & Hove Albion,0,1
2021-02-04,Tottenham,Chelsea,0,1
2021-02-05,FC St. Pauli,SV Sandhausen,2,1
2021-02-05,FC Erzgebirge Aue,Hamburger SV,3,3
2021-02-05,Hertha Berlin,Bayern Munich,0,1
2021-02-06,Eintracht Braunschweig,Hannover 96,1,2
2021-02-06,SV Darmstadt 98,1. FC Nürnberg,1,2
2021-02-06,VfL Osnabrück,VfL Bochum,1,2
2021-02-06,Augsburg,Wolfsburg,0,2
2021-02-06,Bayer Leverkusen,VfB Stuttgart,5,2
2021-02-06,SC Freiburg,Borussia Dortmund,2,1
2021-02-06,1. FSV Mainz 05,Union Berlin,1,0
2021-02-06,Schalke 04,RB Leipzig,0,3
2021-02-06,Borussia Mönchengladbach,1. FC Köln,1,2
2021-02-06,Aston Villa,Arsenal,1,0
2021-02-06,Burnley,Brighton & Hove Albion,1,1
2021-02-06,Newcastle United,Southampton,3,2
2021-02-06,Fulham,West Ham United,0,0
2021-02-06,Manchester United,Everton,3,3
2021-02-07,Karlsruher SC,Jahn Regensburg,0,0
2021-02-07,Greuther Fürth,Würzburger Kickers,4,1
2021-02-07,TSG Hoffenheim,Eintracht Frankfurt,1,3
2021-02-07,Tottenham,West Bromwich Albion,2,0
2021-02-07,Wolverhampton Wanderers,Leicester City,0,0
2021-02-07,Liverpool,Manchester City,1,4
2021-02-07,Sheffield United,Chelsea,1,2
2021-02-08,Fortuna Düsseldorf,Holstein Kiel,0,2
2021-02-08,Leeds United,Crystal Palace,2,0
2021-02-12,Hannover 96,SC Paderborn,0,0
2021-02-12,Holstein Kiel,Würzburger Kickers,1,0
2021-02-12,RB Leipzig,Augsburg,2,1
2021-02-13,Hamburger SV,Greuther Fürth,0,0
2021-02-13,SV Sandhausen,Karlsruher SC,2,3
2021-02-13,1. FC Heidenheim,FC Erzgebirge Aue,2,0
2021-02-13,Jahn Regensburg,Fortuna Düsseldorf,1,1
2021-02-13,Bayer Leverkusen,1. FSV Mainz 05,2,2
2021-02-13,Borussia Dortmund,TSG Hoffenheim,2,2
2021-02-13,VfB Stuttgart,Hertha Berlin,1,1
2021-02-13,Werder Bremen,SC Freiburg,0,0
2021-02-13,Union Berlin,Schalke 04,0,0
2021-02-13,Leicester City,Liverpool,3,1
2021-02-13,Crystal Palace,Burnley,0,3
2021-02-13,Manchester City,Tottenham,3,0
2021-02-13,Brighton & Hove Albion,Aston Villa,0,0
2021-02-14,SV Darmstadt 98,VfL Osnabrück,1,0
2021-02-14,VfL Bochum,Eintracht Braunschweig,2,0
2021-02-14,1. FC Nürnberg,FC St. Pauli,1,2
2021-02-14,Eintracht Frankfurt,1. FC Köln,2,0
2021-02-14,Wolfsburg,Borussia Mönchengladbach,0,0
2021-02-14,Southampton,Wolverhampton Wanderers,1,2
2021-02-14,West Bromwich Albion,Manchester United,1,1
2021-02-14,Arsenal,Leeds United,4,2
2021-02-14,Everton,Fulham,0,2
2021-02-15,Bayern Munich,Arminia Bielefeld,3,3
2021-02-15,West Ham United,Sheffield United,3,0
2021-02-15,Chelsea,Newcastle United,2,0
2021-02-17,Burnley,Fulham,1,1
2021-02-17,Everton,Manchester City,1,3
2021-02-19,Eintracht Braunschweig,Jahn Regensburg,2,0
2021-02-19,FC Erzgebirge Aue,VfL Bochum,1,0
2021-02-19,Arminia Bielefeld,Wolfsburg,0,3
2021-02-19,Wolverhampton Wanderers,Leeds United,1,0
2021-02-20,SC Paderborn,SV Sandhausen,2,1
2021-02-20,FC St. Pauli,SV Darmstadt 98,3,2
2021-02-20,VfL Osnabrück,1. FC Heidenheim,1,2
2021-02-20,Borussia Mönchengladbach,1. FSV Mainz 05,1,2
2021-02-20,Eintracht Frankfurt,Bayern Munich,2,1
2021-02-20,SC Freiburg,Union Berlin,0,1
2021-02-20,1. FC Köln,VfB Stuttgart,0,1
2021-02-20,Schalke 04,Borussia Dortmund,0,4
2021-02-20,Southampton,Chelsea,1,1
2021-02-20,Burnley,West Bromwich Albion,0,0
2021-02-20,Liverpool,Everton,0,2
2021-02-20,Fulham,Sheffield United,1,0
2021-02-21,Würzburger Kickers,Hamburger SV,3,2
2021-02-21,Fortuna Düsseldorf,Hannover 96,3,2
2021-02-21,Karlsruher SC,1. FC Nürnberg,0,1
2021-02-21,Augsburg,Bayer Leverkusen,1,1
2021-02-21,Hertha Berlin,RB Leipzig,0,3
2021-02-21,TSG Hoffenheim,Werder Bremen,4,0
2021-02-21,West Ham United,Tottenham,2,1
2021-02-21,Aston Villa,Leicester City,1,2
2021-02-21,Arsenal,Manchester City,0,1
2021-02-21,Manchester United,Newcastle United,3,1
2021-02-22,Greuther Fürth,Holstein Kiel,2,1
2021-02-22,Brighton & Hove Albion,Crystal Palace,1,2
2021-02-23,SC Paderborn,1. FC Heidenheim,2,2
2021-02-23,Leeds United,Southampton,3,0
2021-02-26,Jahn Regensburg,SC Paderborn,1,0
2021-02-26,SV Darmstadt 98,Karlsruher SC,0,1
2021-02-26,Werder Bremen,Eintracht Frankfurt,2,1
2021-02-27,Holstein Kiel,FC Erzgebirge Aue,1,0
2021-02-27,VfL Bochum,Würzburger Kickers,3,0
2021-02-27,Hannover 96,Greuther Fürth,2,2
2021-02-27,Bayern Munich,1. FC Köln,5,1
2021-02-27,Borussia Dortmund,Arminia Bielefeld,3,0
2021-02-27,VfB Stuttgart,Schalke 04,5,1
2021-02-27,Wolfsburg,Hertha Berlin,2,0
2021-02-27,RB Leipzig,Borussia Mönchengladbach,3,2
2021-02-27,Manchester City,West Ham United,2,1
2021-02-27,West Bromwich Albion,Brighton & Hove Albion,1,0
2021-02-27,Leeds United,Aston Villa,0,1
2021-02-27,Newcastle United,Wolverhampton Wanderers,1,1
2021-02-28,SV Sandhausen,VfL Osnabrück,3,0
2021-02-28,1. FC Nürnberg,Eintracht Braunschweig,0,0
2021-02-28,1. FC Heidenheim,Fortuna Düsseldorf,3,2
2021-02-28,Union Berlin,TSG Hoffenheim,1,1
2021-02-28,1. FSV Mainz 05,Augsburg,0,1
2021-02-28,Bayer Leverkusen,SC Freiburg,1,2
2021-02-28,Crystal Palace,Fulham,0,0
2021-02-28,Leicester City,Arsenal,1,3
2021-02-28,Tottenham,Burnley,4,0
2021-02-28,Chelsea,Manchester United,0,0
2021-02-28,Sheffield United,Liverpool,0,2
2021-03-01,FC St. Pauli,Hamburger SV,1,0
2021-03-01,Everton,Southampton,1,0
2021-03-02,Manchester City,Wolverhampton Wanderers,4,1
2021-03-03,Burnley,Leicester City,1,1
2021-03-03,Sheffield United,Aston Villa,1,0
2021-03-03,Crystal Palace,Manchester United,0,0
2021-03-04,Fulham,Tottenham,0,1
2021-03-04,West Bromwich Albion,Everton,0,1
2021-03-04,Liverpool,Chelsea,0,1
2021-03-05,Würzburger Kickers,1. FC Heidenheim,1,2
2021-03-05,SC Paderborn,SV Darmstadt 98,2,3
2021-03-05,Schalke 04,1. FSV Mainz 05,0,0
2021-03-06,Karlsruher SC,FC St. Pauli,0,0
2021-03-06,FC Erzgebirge Aue,Hannover 96,1,1
2021-03-06,Greuther Fürth,VfL Bochum,1,2
2021-03-06,Borussia Mönchengladbach,Bayer Leverkusen,0,1
2021-03-06,Eintracht Frankfurt,VfB Stuttgart,1,1
2021-03-06,SC Freiburg,RB Leipzig,0,3
2021-03-06,Hertha Berlin,Augsburg,2,1
2021-03-06,TSG Hoffenheim,Wolfsburg,2,1
2021-03-06,Bayern Munich,Borussia Dortmund,4,2
2021-03-06,Burnley,Arsenal,1,1
2021-03-06,Sheffield United,Southampton,0,2
2021-03-06,Aston Villa,Wolverhampton Wanderers,0,0
2021-03-06,Brighton & Hove Albion,Leicester City,1,2
2021-03-07,Fortuna Düsseldorf,1. FC Nürnberg,3,1
2021-03-07,Eintracht Braunschweig,SV Sandhausen,1,0
2021-03-07,1. FC Köln,Werder Bremen,1,1
2021-03-07,Arminia Bielefeld,Union Berlin,0,0
2021-03-07,West Bromwich Albion,Newcastle United,0,0
2021-03-07,Liverpool,Fulham,0,1
2021-03-07,Manchester City,Manchester United,0,2
2021-03-07,Tottenham,Crystal Palace,4,1
2021-03-08,Hamburger SV,Holstein Kiel,1,1
2021-03-08,Chelsea,Everton,2,0
2021-03-08,West Ham United,Leeds United,2,0
2021-03-10,Arminia Bielefeld,Werder Bremen,0,2
2021-03-10,Manchester City,Southampton,5,2
2021-03-12,VfL Bochum,Hamburger SV,0,2
2021-03-12,Augsburg,Borussia Mönchengladbach,3,1
2021-03-12,Newcastle United,Aston Villa,1,1
2021-03-13,SV Darmstadt 98,FC Erzgebirge Aue,4,1
2021-03-13,SV Sandhausen,Fortuna Düsseldorf,0,0
2021-03-13,1. FSV Mainz 05,SC Freiburg,1,0
2021-03-13,Union Berlin,1. FC Köln,2,1
2021-03-13,Werder Bremen,Bayern Munich,1,3
2021-03-13,Wolfsburg,Schalke 04,5,0
2021-03-13,Borussia Dortmund,Hertha Berlin,2,0
2021-03-13,Leeds United,Chelsea,0,0
2021-03-13,Crystal Palace,West Bromwich Albion,1,0
2021-03-13,Everton,Burnley,1,2
2021-03-13,Fulham,Manchester City,0,3
2021-03-14,1. FC Nürnberg,VfL Osnabrück,1,1
2021-03-14,Karlsruher SC,Eintracht Braunschweig,0,0
2021-03-14,Bayer Leverkusen,Arminia Bielefeld,1,2
2021-03-14,RB Leipzig,Eintracht Frankfurt,1,1
2021-03-14,VfB Stuttgart,TSG Hoffenheim,2,0
2021-03-14,Southampton,Brighton & Hove Albion,1,2
2021-03-14,Leicester City,Sheffield United,5,0
2021-03-14,Arsenal,Tottenham,2,1
2021-03-14,Manchester United,West Ham United,1,0
2021-03-15,FC St. Pauli,SC Paderborn,0,2
2021-03-15,Wolverhampton Wanderers,Liverpool,0,1
2021-03-17,Jahn Regensburg,Greuther Fürth,1,2
2021-03-19,SC Paderborn,Karlsruher SC,2,2
2021-03-19,Arminia Bielefeld,RB Leipzig,0,1
2021-03-19,Fulham,Leeds United,1,2
2021-03-20,Hamburger SV,1. FC Heidenheim,2,0
2021-03-20,FC Erzgebirge Aue,SV Sandhausen,2,0
2021-03-20,Eintracht Braunschweig,SV Darmstadt 98,1,1
2021-03-20,Bayern Munich,VfB Stuttgart,4,0
2021-03-20,Eintracht Frankfurt,Union Berlin,5,2
2021-03-20,1. FC Köln,Borussia Dortmund,2,2
2021-03-20,Werder Bremen,Wolfsburg,1,2
2021-03-20,Schalke 04,Borussia Mönchengladbach,0,3
2021-03-20,Brighton & Hove Albion,Newcastle United,3,0
2021-03-21,VfL Osnabrück,FC St. Pauli,1,2
2021-03-21,Greuther Fürth,1. FC Nürnberg,2,2
2021-03-21,Würzburger Kickers,Jahn Regensburg,1,1
2021-03-21,TSG Hoffenheim,1. FSV Mainz 05,1,2
2021-03-21,Hertha Berlin,Bayer Leverkusen,3,0
2021-03-21,SC Freiburg,Augsburg,2,0
2021-03-21,West Ham United,Arsenal,3,3
2021-03-21,Aston Villa,Tottenham,0,2
2021-03-22,Fortuna Düsseldorf,VfL Bochum,0,3
2021-04-03,Karlsruher SC,VfL Osnabrück,0,1
2021-04-03,VfL Bochum,Holstein Kiel,2,1
2021-04-03,1. FC Heidenheim,Greuther Fürth,0,1
2021-04-03,Augsburg,TSG Hoffenheim,2,1
2021-04-03,Bayer Leverkusen,Schalke 04,2,1
2021-04-03,Borussia Dortmund,Eintracht Frankfurt,1,2
2021-04-03,1. FSV Mainz 05,Arminia Bielefeld,1,1
2021-04-03,Wolfsburg,1. FC Köln,1,0
2021-04-03,RB Leipzig,Bayern Munich,0,1
2021-04-03,Borussia Mönchengladbach,SC Freiburg,2,1
2021-04-03,Chelsea,West Bromwich Albion,2,5
2021-04-03,Leeds United,Sheffield United,2,1
2021-04-03,Leicester City,Manchester City,0,2
2021-04-03,Arsenal,Liverpool,0,3
2021-04-04,SV Darmstadt 98,Fortuna Düsseldorf,1,2
2021-04-04,Hannover 96,Hamburger SV,3,3
2021-04-04,1. FC Nürnberg,SC Paderborn,2,1
2021-04-04,SV Sandhausen,Würzburger Kickers,1,0
2021-04-04,Jahn Regensburg,FC Erzgebirge Aue,1,1
2021-04-04,VfB Stuttgart,Werder Bremen,1,0
2021-04-04,Union Berlin,Hertha Berlin,1,1
2021-04-04,Southampton,Burnley,3,2
2021-04-04,Newcastle United,Tottenham,2,2
2021-04-04,Aston Villa,Fulham,3,1
2021-04-04,Manchester United,Brighton & Hove Albion,2,1
2021-04-05,FC St. Pauli,Eintracht Braunschweig,2,0
2021-04-05,Everton,Crystal Palace,1,1
2021-04-05,Wolverhampton Wanderers,West Ham United,2,3
2021-04-06,1. FC Heidenheim,Holstein Kiel,1,0
2021-04-08,Hannover 96,Würzburger Kickers,1,2
2021-04-09,Hamburger SV,SV Darmstadt 98,1,2
2021-04-09,Arminia Bielefeld,SC Freiburg,1,0
2021-04-09,Fulham,Wolverhampton Wanderers,0,1
2021-04-10,SC Paderborn,VfL Bochum,3,0
2021-04-10,FC Erzgebirge Aue,FC St. Pauli,1,3
2021-04-10,Bayern Munich,Union Berlin,1,1
2021-04-10,Eintracht Frankfurt,Wolfsburg,4,3
2021-04-10,Hertha Berlin,Borussia Mönchengladbach,2,2
2021-04-10,Werder Bremen,RB Leipzig,1,4
2021-04-10,VfB Stuttgart,Borussia Dortmund,2,3
2021-04-10,Manchester City,Leeds United,1,2
2021-04-10,Liverpool,Aston Villa,2,1
2021-04-10,Crystal Palace,Chelsea,1,4
2021-04-11,Hannover 96,1. FC Heidenheim,1,3
2021-04-11,VfL Osnabrück,Eintracht Braunschweig,0,4
2021-04-11,Würzburger Kickers,1. FC Nürnberg,1,1
2021-04-11,Schalke 04,Augsburg,1,0
2021-04-11,1. FC Köln,1. FSV Mainz 05,2,3
2021-04-11,Burnley,Newcastle United,1,2
2021-04-11,West Ham United,Leicester City,3,2
2021-04-11,Tottenham,Manchester United,1,3
2021-04-11,Sheffield United,Arsenal,0,3
2021-04-12,TSG Hoffenheim,Bayer Leverkusen,0,0
2021-04-12,West Bromwich Albion,Southampton,3,0
2021-04-12,Brighton & Hove Albion,Everton,0,0
2021-04-14,VfL Osnabrück,Jahn Regensburg,0,1
2021-04-16,SV Darmstadt 98,Greuther Fürth,2,2
2021-04-16,Eintracht Braunschweig,SC Paderborn,0,0
2021-04-16,RB Leipzig,TSG Hoffenheim,0,0
2021-04-16,Everton,Tottenham,2,2
2021-04-17,FC St. Pauli,Würzburger Kickers,4,0
2021-04-17,Augsburg,Arminia Bielefeld,0,0
2021-04-17,Borussia Mönchengladbach,Eintracht Frankfurt,4,0
2021-04-17,SC Freiburg,Schalke 04,4,0
2021-04-17,Union Berlin,VfB Stuttgart,2,1
2021-04-17,Wolfsburg,Bayern Munich,2,3
2021-04-17,Bayer Leverkusen,1. FC Köln,3,0
2021-04-17,Newcastle United,West Ham United,3,2
2021-04-17,Wolverhampton Wanderers,Sheffield United,1,0
2021-04-18,VfL Bochum,Hannover 96,4,3
2021-04-18,Jahn Regensburg,1. FC Heidenheim,0,3
2021-04-18,VfL Osnabrück,Fortuna Düsseldorf,0,3
2021-04-18,Borussia Dortmund,Werder Bremen,4,1
2021-04-18,Arsenal,Fulham,1,1
2021-04-18,Manchester United,Burnley,3,1
2021-04-19,Leeds United,Liverpool,1,1
2021-04-20,FC Erzgebirge Aue,1. FC Nürnberg,0,1
2021-04-20,Greuther Fürth,Eintracht Braunschweig,3,0
2021-04-20,Würzburger Kickers,SV Darmstadt 98,1,3
2021-04-20,1. FC Köln,RB Leipzig,2,1
2021-04-20,Arminia Bielefeld,Schalke 04,1,0
2021-04-20,Bayern Munich,Bayer Leverkusen,2,0
2021-04-20,Eintracht Frankfurt,Augsburg,2,0
2021-04-20,Chelsea,Brighton & Hove Albion,0,0
2021-04-21,Fortuna Düsseldorf,FC St. Pauli,2,0
2021-04-21,SC Paderborn,VfL Osnabrück,2,2
2021-04-21,1. FC Heidenheim,VfL Bochum,0,2
2021-04-21,Hannover 96,Jahn Regensburg,3,1
2021-04-21,Borussia Dortmund,Union Berlin,2,0
2021-04-21,TSG Hoffenheim,Borussia Mönchengladbach,3,2
2021-04-21,VfB Stuttgart,Wolfsburg,1,3
2021-04-21,Werder Bremen,1. FSV Mainz 05,0,1
2021-04-21,Tottenham,Southampton,2,1
2021-04-21,Aston Villa,Manchester City,1,2
2021-04-22,SV Sandhausen,Hamburger SV,2,1
2021-04-22,Leicester City,West Bromwich Albion,3,0
2021-04-23,Karlsruher SC,Würzburger Kickers,2,2
2021-04-23,Eintracht Braunschweig,FC Erzgebirge Aue,0,2
2021-04-23,Augsburg,1. FC Köln,2,3
2021-04-23,Arsenal,Everton,0,1
2021-04-24,SC Paderborn,Fortuna Düsseldorf,2,1
2021-04-24,VfL Osnabrück,Holstein Kiel,1,3
2021-04-24,1. FC Nürnberg,1. FC Heidenheim,3,1
2021-04-24,SC Freiburg,TSG Hoffenheim,1,1
2021-04-24,1. FSV Mainz 05,Bayern Munich,2,1
2021-04-24,Union Berlin,Werder Bremen,3,1
2021-04-24,Wolfsburg,Borussia Dortmund,0,2
2021-04-24,Bayer Leverkusen,Eintracht Frankfurt,3,1
2021-04-24,Liverpool,Newcastle United,1,1
2021-04-24,West Ham United,Chelsea,0,1
2021-04-24,Sheffield United,Brighton & Hove Albion,1,0
2021-04-25,SV Sandhausen,Hannover 96,4,2
2021-04-25,Jahn Regensburg,Hamburger SV,1,1
2021-04-25,FC St. Pauli,Greuther Fürth,2,1
2021-04-25,RB Leipzig,VfB Stuttgart,2,0
2021-04-25,Borussia Mönchengladbach,Arminia Bielefeld,5,0
2021-04-25,Wolverhampton Wanderers,Burnley,0,4
2021-04-25,Leeds United,Manchester United,0,0
2021-04-25,Aston Villa,West Bromwich Albion,2,2
2021-04-26,Karlsruher SC,FC Erzgebirge Aue,0,0
2021-04-26,SV Darmstadt 98,VfL Bochum,3,1
2021-04-26,Leicester City,Crystal Palace,2,1
2021-04-27,1. FC Nürnberg,Holstein Kiel,1,1
2021-04-28,Greuther Fürth,SV Sandhausen,3,2
2021-04-29,Hamburger SV,Karlsruher SC,1,1
2021-04-30,Southampton,Leicester City,1,1
2021-05-01,Crystal Palace,Manchester City,0,2
2021-05-01,Brighton & Hove Albion,Leeds United,2,0
2021-05-01,Chelsea,Fulham,2,0
2021-05-01,Everton,Aston Villa,1,2
2021-05-02,Newcastle United,Arsenal,0,2
2021-05-02,Tottenham,Sheffield United,4,0
2021-05-03,Fortuna Düsseldorf,Karlsruher SC,3,2
2021-05-03,1. FSV Mainz 05,Hertha Berlin,1,1
2021-05-03,West Bromwich Albion,Wolverhampton Wanderers,1,1
2021-05-03,Burnley,West Ham United,1,2
2021-05-04,Holstein Kiel,SV Sandhausen,2,0
2021-05-06,Hertha Berlin,SC Freiburg,3,0
2021-05-07,Hannover 96,SV Darmstadt 98,1,2
2021-05-07,Holstein Kiel,FC St. Pauli,4,0
2021-05-07,VfB Stuttgart,Augsburg,2,1
2021-05-07,Leicester City,Newcastle United,2,4
2021-05-08,Fortuna Düsseldorf,Eintracht Braunschweig,2,2
2021-05-08,Greuther Fürth,Karlsruher SC,2,2
2021-05-08,Würzburger Kickers,VfL Osnabrück,1,3
2021-05-08,Borussia Dortmund,RB Leipzig,3,2
2021-05-08,TSG Hoffenheim,Schalke 04,4,2
2021-05-08,Werder Bremen,Bayer Leverkusen,0,0
2021-05-08,Wolfsburg,Union Berlin,3,0
2021-05-08,Bayern Munich,Borussia Mönchengladbach,6,0
2021-05-08,Leeds United,Tottenham,3,1
2021-05-08,Sheffield United,Crystal Palace,0,2
2021-05-08,Manchester City,Chelsea,1,2
2021-05-08,Liverpool,Southampton,2,0
2021-05-09,1. FC Heidenheim,SV Sandhausen,2,1
2021-05-09,FC Erzgebirge Aue,SC Paderborn,3,8
2021-05-09,VfL Bochum,Jahn Regensburg,5,1
2021-05-09,1. FC Köln,SC Freiburg,1,4
2021-05-09,Eintracht Frankfurt,1. FSV Mainz 05,1,1
2021-05-09,Hertha Berlin,Arminia Bielefeld,0,0
2021-05-09,Wolverhampton Wanderers,Brighton & Hove Albion,2,1
2021-05-09,Aston Villa,Manchester United,1,3
2021-05-09,West Ham United,Everton,0,1
2021-05-09,Arsenal,West Bromwich Albion,3,1
2021-05-10,Holstein Kiel,Hannover 96,1,0
2021-05-10,Hamburger SV,1. FC Nürnberg,5,2
2021-05-10,Fulham,Burnley,0,2
2021-05-11,Manchester United,Leicester City,1,2
2021-05-11,Southampton,Crystal Palace,3,1
2021-05-12,Schalke 04,Hertha Berlin,1,2
2021-05-12,Chelsea,Arsenal,0,1
2021-05-13,Holstein Kiel,Jahn Regensburg,3,2
2021-05-13,Aston Villa,Everton,0,0
2021-05-13,Manchester United,Liverpool,2,4
2021-05-14,Newcastle United,Manchester City,3,4
2021-05-15,Arminia Bielefeld,TSG Hoffenheim,1,1
2021-05-15,Augsburg,Werder Bremen,2,0
2021-05-15,Bayer Leverkusen,Union Berlin,1,1
2021-05-15,Borussia Mönchengladbach,VfB Stuttgart,1,2
2021-05-15,SC Freiburg,Bayern Munich,2,2
2021-05-15,Hertha Berlin,1. FC Köln,0,0
2021-05-15,Schalke 04,Eintracht Frankfurt,4,3
2021-05-15,Burnley,Leeds United,0,4
2021-05-15,Southampton,Fulham,3,1
2021-05-15,Brighton & Hove Albion,West Ham United,1,1
2021-05-16,Fortuna Düsseldorf,FC Erzgebirge Aue,3,0
2021-05-16,SC Paderborn,Greuther Fürth,2,4
2021-05-16,SV Darmstadt 98,1. FC Heidenheim,5,1
2021-05-16,SV Sandhausen,Jahn Regensburg,2,0
2021-05-16,VfL Osnabrück,Hamburger SV,3,2
2021-05-16,FC St. Pauli,Hannover 96,1,2
2021-05-16,Karlsruher SC,Holstein Kiel,3,2
2021-05-16,1. FC Nürnberg,VfL Bochum,1,1
2021-05-16,Eintracht Braunschweig,Würzburger Kickers,1,2
2021-05-16,1. FSV Mainz 05,Borussia Dortmund,1,3
2021-05-16,RB Leipzig,Wolfsburg,2,2
2021-05-16,Crystal Palace,Aston Villa,3,2
2021-05-16,Tottenham,Wolverhampton Wanderers,2,0
2021-05-16,West Bromwich Albion,Liverpool,1,2
2021-05-16,Everton,Sheffield United,0,1
2021-05-18,Manchester United,Fulham,1,1
2021-05-18,Southampton,Leeds United,0,2
2021-05-18,Brighton & Hove Albion,Manchester City,3,2
2021-05-18,Chelsea,Leicester City,2,1
2021-05-19,Everton,Wolverhampton Wanderers,1,0
2021-05-19,Newcastle United,Sheffield United,1,0
2021-05-19,Tottenham,Aston Villa,1,2
2021-05-19,Crystal Palace,Arsenal,1,3
2021-05-19,Burnley,Liverpool,0,3
2021-05-19,West Bromwich Albion,West Ham United,1,3
2021-05-22,Bayern Munich,Augsburg,5,2
2021-05-22,Borussia Dortmund,Bayer Leverkusen,3,1
2021-05-22,Eintracht Frankfurt,SC Freiburg,3,1
2021-05-22,TSG Hoffenheim,Hertha Berlin,2,1
2021-05-22,1. FC Köln,Schalke 04,1,0
2021-05-22,VfB Stuttgart,Arminia Bielefeld,0,2
2021-05-22,Union Berlin,RB Leipzig,2,1
2021-05-22,Werder Bremen,Borussia Mönchengladbach,2,4
2021-05-22,Wolfsburg,1. FSV Mainz 05,2,3
2021-05-23,1. FC Heidenheim,Karlsruher SC,1,2
2021-05-23,Hamburger SV,Eintracht Braunschweig,4,0
2021-05-23,Hannover 96,1. FC Nürnberg,1,2
2021-05-23,FC Erzgebirge Aue,VfL Osnabrück,2,1
2021-05-23,VfL Bochum,SV Sandhausen,3,1
2021-05-23,Greuther Fürth,Fortuna Düsseldorf,3,2
2021-05-23,Holstein Kiel,SV Darmstadt 98,2,3
2021-05-23,Jahn Regensburg,FC St. Pauli,3,0
2021-05-23,Würzburger Kickers,SC Paderborn,1,1
2021-05-23,Arsenal,Brighton & Hove Albion,2,0
2021-05-23,Aston Villa,Chelsea,2,1
2021-05-23,Fulham,Newcastle United,0,2
2021-05-23,Leeds United,West Bromwich Albion,3,1
2021-05-23,Leicester City,Tottenham,2,4
2021-05-23,Liverpool,Crystal Palace,2,0
2021-05-23,Manchester City,Everton,5,0
2021-05-23,Sheffield United,Burnley,1,0
2021-05-23,West Ham United,Southampton,3,0
2021-05-23,Wolverhampton Wanderers,Manchester United,1,2
2021-07-23,Schalke 04,Hamburger SV,1,3
2021-07-24,Hansa Rostock,Karlsruher SC,1,3
2021-07-24,SV Darmstadt 98,Jahn Regensburg,0,2
2021-07-24,1. FC Heidenheim,SC Paderborn,0,0
2021-07-24,Dynamo Dresden,FC Ingolstadt 04,3,0
2021-07-24,Werder Bremen,Hannover 96,1,1
2021-07-25,SV Sandhausen,Fortuna Düsseldorf,0,2
2021-07-25,1. FC Nürnberg,FC Erzgebirge Aue,0,0
2021-07-25,FC St. Pauli,Holstein Kiel,3,0
2021-07-30,SC Paderborn,1. FC Nürnberg,2,2
2021-07-30,Karlsruher SC,SV Darmstadt 98,3,0
2021-07-31,Hannover 96,Hansa Rostock,0,3
2021-07-31,Jahn Regensburg,SV Sandhausen,3,0
2021-07-31,FC Ingolstadt 04,1. FC Heidenheim,1,2
2021-07-31,Fortuna Düsseldorf,Werder Bremen,2,3
2021-08-01,Hamburger SV,Dynamo Dresden,1,1
2021-08-01,Holstein Kiel,Schalke 04,0,3
2021-08-01,FC Erzgebirge Aue,FC St. Pauli,0,0
2021-08-13,Schalke 04,FC Erzgebirge Aue,1,1
2021-08-13,FC St. Pauli,Hamburger SV,3,2
2021-08-13,Borussia Mönchengladbach,Bayern Munich,1,1
2021-08-13,Brentford,Arsenal,2,0
2021-08-14,SV Sandhausen,Karlsruher SC,0,0
2021-08-14,1. FC Nürnberg,Fortuna Düsseldorf,2,0
2021-08-14,Holstein Kiel,Jahn Regensburg,0,3
2021-08-14,Dynamo Dresden,Hannover 96,2,0
2021-08-14,Arminia Bielefeld,SC Freiburg,0,0
2021-08-14,Augsburg,TSG Hoffenheim,0,4
2021-08-14,VfB Stuttgart,Greuther Fürth,5,1
2021-08-14,Union Berlin,Bayer Leverkusen,1,1
2021-08-14,Wolfsburg,VfL Bochum,1,0
2021-08-14,Borussia Dortmund,Eintracht Frankfurt,5,2
2021-08-14,Manchester United,Leeds United,5,1
2021-08-14,Burnley,Brighton & Hove Albion,1,2
2021-08-14,Chelsea,Crystal Palace,3,0
2021-08-14,Everton,Southampton,3,1
2021-08-14,Leicester City,Wolverhampton Wanderers,1,0
2021-08-14,Watford,Aston Villa,3,2
2021-08-14,Norwich City,Liverpool,0,3
2021-08-15,Werder Bremen,SC Paderborn,1,4
2021-08-15,SV Darmstadt 98,FC Ingolstadt 04,6,1
2021-08-15,1. FC Heidenheim,Hansa Rostock,1,1
2021-08-15,1. FSV Mainz 05,RB Leipzig,1,0
2021-08-15,1. FC Köln,Hertha Berlin,3,1
2021-08-15,Newcastle United,West Ham United,2,4
2021-08-15,Tottenham,Manchester City,1,0
2021-08-20,Hannover 96,1. FC Heidenheim,1,0
2021-08-20,Fortuna Düsseldorf,Holstein Kiel,2,2
2021-08-20,RB Leipzig,VfB Stuttgart,4,0
2021-08-21,SC Paderborn,FC St. Pauli,3,1
2021-08-21,Jahn Regensburg,Schalke 04,4,1
2021-08-21,Karlsruher SC,Werder Bremen,0,0
2021-08-21,Hansa Rostock,Dynamo Dresden,1,3
2021-08-21,VfL Bochum,1. FSV Mainz 05,2,0
2021-08-21,Eintracht Frankfurt,Augsburg,0,0
2021-08-21,SC Freiburg,Borussia Dortmund,2,1
2021-08-21,Greuther Fürth,Arminia Bielefeld,1,1
2021-08-21,Hertha Berlin,Wolfsburg,1,2
2021-08-21,Bayer Leverkusen,Borussia Mönchengladbach,4,0
2021-08-21,Liverpool,Burnley,2,0
2021-08-21,Aston Villa,Newcastle United,2,0
2021-08-21,Crystal Palace,Brentford,0,0
2021-08-21,Leeds United,Everton,2,2
2021-08-21,Manchester City,Norwich City,5,0
2021-08-21,Brighton & Hove Albion,Watford,2,0
2021-08-22,FC Erzgebirge Aue,SV Sandhausen,1,3
2021-08-22,Hamburger SV,SV Darmstadt 98,2,2
2021-08-22,FC Ingolstadt 04,1. FC Nürnberg,0,0
2021-08-22,TSG Hoffenheim,Union Berlin,2,2
2021-08-22,Bayern Munich,1. FC Köln,3,2
2021-08-22,Southampton,Manchester United,1,1
2021-08-22,Wolverhampton Wanderers,Tottenham,0,1
2021-08-22,Arsenal,Chelsea,0,2
2021-08-23,West Ham United,Leicester City,4,1
2021-08-27,1. FC Nürnberg,Karlsruher SC,2,1
2021-08-27,SV Sandhausen,FC Ingolstadt 04,0,2
2021-08-27,Borussia Dortmund,TSG Hoffenheim,3,2
2021-08-28,1. FC Heidenheim,Hamburger SV,0,0
2021-08-28,Holstein Kiel,FC Erzgebirge Aue,3,0
2021-08-28,SV Darmstadt 98,Hannover 96,4,0
2021-08-28,Schalke 04,Fortuna Düsseldorf,3,1
2021-08-28,Arminia Bielefeld,Eintracht Frankfurt,1,1
2021-08-28,Augsburg,Bayer Leverkusen,1,4
2021-08-28,1. FC Köln,VfL Bochum,2,1
2021-08-28,1. FSV Mainz 05,Greuther Fürth,3,0
2021-08-28,VfB Stuttgart,SC Freiburg,2,3
2021-08-28,Bayern Munich,Hertha Berlin,5,0
2021-08-28,Manchester City,Arsenal,5,0
2021-08-28,Aston Villa,Brentford,1,1
2021-08-28,Brighton & Hove Albion,Everton,0,2
2021-08-28,Newcastle United,Southampton,2,2
2021-08-28,Norwich City,Leicester City,1,2
2021-08-28,West Ham United,Crystal Palace,2,2
2021-08-28,Liverpool,Chelsea,1,1
2021-08-29,Werder Bremen,Hansa Rostock,3,0
2021-08-29,Dynamo Dresden,SC Paderborn,0,3
2021-08-29,FC St. Pauli,Jahn Regensburg,2,0
2021-08-29,Union Berlin,Borussia Mönchengladbach,2,1
2021-08-29,Wolfsburg,RB Leipzig,1,0
2021-08-29,Burnley,Leeds United,1,1
2021-08-29,Tottenham,Watford,1,0
2021-08-29,Wolverhampton Wanderers,Manchester United,0,1
2021-09-11,Karlsruher SC,Holstein Kiel,2,2
2021-09-11,FC Ingolstadt 04,Werder Bremen,0,3
2021-09-11,Hannover 96,FC St. Pauli,1,0
2021-09-11,Hamburger SV,SV Sandhausen,2,1
2021-09-11,Bayer Leverkusen,Borussia Dortmund,3,4
2021-09-11,SC Freiburg,1. FC Köln,1,1
2021-09-11,Greuther Fürth,Wolfsburg,0,2
2021-09-11,TSG Hoffenheim,1. FSV Mainz 05,0,2
2021-09-11,Union Berlin,Augsburg,0,0
2021-09-11,RB Leipzig,Bayern Munich,1,4
2021-09-11,Crystal Palace,Tottenham,3,0
2021-09-11,Arsenal,Norwich City,1,0
2021-09-11,Brentford,Brighton & Hove Albion,0,1
2021-09-11,Leicester City,Manchester City,0,1
2021-09-11,Manchester United,Newcastle United,4,1
2021-09-11,Southampton,West Ham United,0,0
2021-09-11,Watford,Wolverhampton Wanderers,0,2
2021-09-11,Chelsea,Aston Villa,3,0
2021-09-12,FC Erzgebirge Aue,Fortuna Düsseldorf,0,1
2021-09-12,1. FC Heidenheim,Dynamo Dresden,2,1
2021-09-12,Jahn Regensburg,1. FC Nürnberg,2,2
2021-09-12,Hansa Rostock,SV Darmstadt 98,2,1
2021-09-12,SC Paderborn,Schalke 04,0,1
2021-09-12,Eintracht Frankfurt,VfB Stuttgart,1,1
2021-09-12,VfL Bochum,Hertha Berlin,1,3
2021-09-12,Borussia Mönchengladbach,Arminia Bielefeld,3,1
2021-09-12,Leeds United,Liverpool,0,3
2021-09-13,Everton,Burnley,3,1
2021-09-14,Barcelona,Bayern Munich,0,3
2021-09-14,Dynamo Kyiv,Benfica,0,0
2021-09-14,BSC Young Boys,Manchester United,2,1
2021-09-14,Villarreal,Atalanta,2,2
2021-09-14,Sevilla,RB Salzburg,1,1
2021-09-14,Lille,Wolfsburg,0,0
2021-09-14,Chelsea,Zenit,1,0
2021-09-14,Malmo FF,Juventus,0,3
2021-09-15,Manchester City,RB Leipzig,6,3
2021-09-15,Club Brugge,Paris Saint Germain,1,1
2021-09-15,Atlético Madrid,Porto,0,0
2021-09-15,Liverpool,Milan,3,2
2021-09-15,Besiktas,Borussia Dortmund,1,2
2021-09-15,Sporting Lisbon,Ajax,1,5
2021-09-15,FC Sheriff,Shakhtar Donetsk,2,0
2021-09-15,Inter Milan,Real Madrid,0,1
2021-09-17,Schalke 04,Karlsruher SC,1,2
2021-09-17,1. FC Nürnberg,Hansa Rostock,1,0
2021-09-17,Hertha Berlin,Greuther Fürth,2,1
2021-09-17,Newcastle United,Leeds United,1,1
2021-09-18,Holstein Kiel,Hannover 96,0,3
2021-09-18,Fortuna Düsseldorf,Jahn Regensburg,1,1
2021-09-18,SV Sandhausen,1. FC Heidenheim,1,3
2021-09-18,Werder Bremen,Hamburger SV,0,2
2021-09-18,Arminia Bielefeld,TSG Hoffenheim,0,0
2021-09-18,Augsburg,Borussia Mönchengladbach,1,0
2021-09-18,Bayern Munich,VfL Bochum,7,0
2021-09-18,1. FSV Mainz 05,SC Freiburg,0,0
2021-09-18,1. FC Köln,RB Leipzig,1,1
2021-09-18,Wolverhampton Wanderers,Brentford,0,2
2021-09-18,Burnley,Arsenal,0,1
2021-09-18,Liverpool,Crystal Palace,3,0
2021-09-18,Manchester City,Southampton,0,0
2021-09-18,Norwich City,Watford,1,3
2021-09-18,Aston Villa,Everton,3,0
2021-09-19,SV Darmstadt 98,Dynamo Dresden,1,0
2021-09-19,FC St. Pauli,FC Ingolstadt 04,4,1
2021-09-19,FC Erzgebirge Aue,SC Paderborn,1,4
2021-09-19,VfB Stuttgart,Bayer Leverkusen,1,3
2021-09-19,Borussia Dortmund,Union Berlin,4,2
2021-09-19,Wolfsburg,Eintracht Frankfurt,1,1
2021-09-19,Brighton & Hove Albion,Leicester City,2,1
2021-09-19,West Ham United,Manchester United,1,2
2021-09-19,Tottenham,Chelsea,0,3
2021-09-24,1. FC Heidenheim,SV Darmstadt 98,2,1
2021-09-24,Jahn Regensburg,FC Erzgebirge Aue,3,2
2021-09-24,Greuther Fürth,Bayern Munich,1,3
2021-09-25,Karlsruher SC,FC St. Pauli,1,3
2021-09-25,SC Paderborn,Holstein Kiel,1,2
2021-09-25,FC Ingolstadt 04,Fortuna Düsseldorf,1,2
2021-09-25,Hansa Rostock,Schalke 04,0,2
2021-09-25,Bayer Leverkusen,1. FSV Mainz 05,1,0
2021-09-25,Eintracht Frankfurt,1. FC Köln,1,1
2021-09-25,TSG Hoffenheim,Wolfsburg,3,1
2021-09-25,RB Leipzig,Hertha Berlin,6,0
2021-09-25,Union Berlin,Arminia Bielefeld,1,0
2021-09-25,Borussia Mönchengladbach,Borussia Dortmund,1,0
2021-09-25,Chelsea,Manchester City,0,1
2021-09-25,Manchester United,Aston Villa,0,1
2021-09-25,Everton,Norwich City,2,0
2021-09-25,Leeds United,West Ham United,1,2
2021-09-25,Leicester City,Burnley,2,2
2021-09-25,Watford,Newcastle United,1,1
2021-09-25,Brentford,Liverpool,3,3
2021-09-26,Hamburger SV,1. FC Nürnberg,2,2
2021-09-26,Hannover 96,SV Sandhausen,1,2
2021-09-26,Dynamo Dresden,Werder Bremen,3,0
2021-09-26,VfL Bochum,VfB Stuttgart,0,0
2021-09-26,SC Freiburg,Augsburg,3,0
2021-09-26,Southampton,Wolverhampton Wanderers,0,1
2021-09-26,Arsenal,Tottenham,3,1
2021-09-27,Crystal Palace,Brighton & Hove Albion,1,1
2021-09-28,Paris Saint Germain,Manchester City,2,0
2021-09-28,RB Leipzig,Club Brugge,1,2
2021-09-28,Porto,Liverpool,1,5
2021-09-28,Milan,Atlético Madrid,1,2
2021-09-28,Ajax,Besiktas,2,0
2021-09-28,Borussia Dortmund,Sporting Lisbon,1,0
2021-09-28,Shakhtar Donetsk,Inter Milan,0,0
2021-09-28,Real Madrid,FC Sheriff,1,2
2021-09-29,Benfica,Barcelona,3,0
2021-09-29,Bayern Munich,Dynamo Kyiv,5,0
2021-09-29,Atalanta,BSC Young Boys,1,0
2021-09-29,Manchester United,Villarreal,2,1
2021-09-29,RB Salzburg,Lille,2,1
2021-09-29,Wolfsburg,Sevilla,1,1
2021-09-29,Zenit,Malmo FF,4,0
2021-09-29,Juventus,Chelsea,1,0
2021-10-01,Werder Bremen,1. FC Heidenheim,3,0
2021-10-01,FC Erzgebirge Aue,Hamburger SV,1,1
2021-10-01,1. FC Köln,Greuther Fürth,3,1
2021-10-02,Holstein Kiel,Hansa Rostock,0,2
2021-10-02,Fortuna Düsseldorf,SC Paderborn,2,3
2021-10-02,Jahn Regensburg,Karlsruher SC,2,2
2021-10-02,1. FC Nürnberg,Hannover 96,0,0
2021-10-02,Borussia Dortmund,Augsburg,2,1
2021-10-02,Hertha Berlin,SC Freiburg,1,2
2021-10-02,VfB Stuttgart,TSG Hoffenheim,3,1
2021-10-02,Wolfsburg,Borussia Mönchengladbach,1,3
2021-10-02,RB Leipzig,VfL Bochum,3,0
2021-10-02,Manchester United,Everton,1,1
2021-10-02,Burnley,Norwich City,0,0
2021-10-02,Chelsea,Southampton,3,1
2021-10-02,Leeds United,Watford,1,0
2021-10-02,Wolverhampton Wanderers,Newcastle United,2,1
2021-10-02,Brighton & Hove Albion,Arsenal,0,0
2021-10-03,Schalke 04,FC Ingolstadt 04,3,0
2021-10-03,FC St. Pauli,Dynamo Dresden,3,0
2021-10-03,SV Sandhausen,SV Darmstadt 98,1,6
2021-10-03,1. FSV Mainz 05,Union Berlin,1,2
2021-10-03,Bayern Munich,Eintracht Frankfurt,1,2
2021-10-03,Arminia Bielefeld,Bayer Leverkusen,0,4
2021-10-03,Crystal Palace,Leicester City,2,2
2021-10-03,Tottenham,Aston Villa,2,1
2021-10-03,West Ham United,Brentford,1,2
2021-10-03,Liverpool,Manchester City,2,2
2021-10-15,SC Paderborn,Jahn Regensburg,1,1
2021-10-15,Hannover 96,Schalke 04,0,1
2021-10-15,TSG Hoffenheim,1. FC Köln,5,0
2021-10-16,Hamburger SV,Fortuna Düsseldorf,1,1
2021-10-16,Karlsruher SC,FC Erzgebirge Aue,2,1
2021-10-16,1. FC Heidenheim,FC St. Pauli,2,4
2021-10-16,FC Ingolstadt 04,Holstein Kiel,1,1
2021-10-16,Borussia Dortmund,1. FSV Mainz 05,3,1
2021-10-16,Eintracht Frankfurt,Hertha Berlin,1,2
2021-10-16,SC Freiburg,RB Leipzig,1,1
2021-10-16,Greuther Fürth,VfL Bochum,0,1
2021-10-16,Union Berlin,Wolfsburg,2,0
2021-10-16,Borussia Mönchengladbach,VfB Stuttgart,1,1
2021-10-16,Watford,Liverpool,0,5
2021-10-16,Aston Villa,Wolverhampton Wanderers,2,3
2021-10-16,Leicester City,Manchester United,4,2
2021-10-16,Manchester City,Burnley,2,0
2021-10-16,Norwich City,Brighton & Hove Albion,0,0
2021-10-16,Southampton,Leeds United,1,0
2021-10-16,Brentford,Chelsea,0,1
2021-10-17,SV Darmstadt 98,Werder Bremen,3,0
2021-10-17,Dynamo Dresden,1. FC Nürnberg,0,1
2021-10-17,Hansa Rostock,SV Sandhausen,1,1
2021-10-17,Bayer Leverkusen,Bayern Munich,1,5
2021-10-17,Augsburg,Arminia Bielefeld,1,1
2021-10-17,Everton,West Ham United,0,1
2021-10-17,Newcastle United,Tottenham,2,3
2021-10-18,Arsenal,Crystal Palace,2,2
2021-10-19,Club Brugge,Manchester City,1,5
2021-10-19,Paris Saint Germain,RB Leipzig,3,2
2021-10-19,Atlético Madrid,Liverpool,2,3
2021-10-19,Porto,Milan,1,0
2021-10-19,Besiktas,Sporting Lisbon,1,4
2021-10-19,Ajax,Borussia Dortmund,4,0
2021-10-19,Shakhtar Donetsk,Real Madrid,0,5
2021-10-19,Inter Milan,FC Sheriff,3,1
2021-10-20,Barcelona,Dynamo Kyiv,1,0
2021-10-20,Benfica,Bayern Munich,0,4
2021-10-20,Manchester United,Atalanta,3,2
2021-10-20,BSC Young Boys,Villarreal,1,4
2021-10-20,RB Salzburg,Wolfsburg,3,1
2021-10-20,Lille,Sevilla,0,0
2021-10-20,Zenit,Juventus,0,1
2021-10-20,Chelsea,Malmo FF,4,0
2021-10-22,SC Paderborn,Hamburger SV,1,2
2021-10-22,FC Erzgebirge Aue,FC Ingolstadt 04,1,0
2021-10-22,1. FSV Mainz 05,Augsburg,4,1
2021-10-22,Arsenal,Aston Villa,3,1
2021-10-23,Holstein Kiel,SV Darmstadt 98,1,1
2021-10-23,Fortuna Düsseldorf,Karlsruher SC,3,1
2021-10-23,1. FC Nürnberg,1. FC Heidenheim,4,0
2021-10-23,Schalke 04,Dynamo Dresden,3,0
2021-10-23,Arminia Bielefeld,Borussia Dortmund,1,3
2021-10-23,Bayern Munich,TSG Hoffenheim,4,0
2021-10-23,RB Leipzig,Greuther Fürth,4,1
2021-10-23,Wolfsburg,SC Freiburg,0,2
2021-10-23,Hertha Berlin,Borussia Mönchengladbach,1,0
2021-10-23,Chelsea,Norwich City,7,0
2021-10-23,Crystal Palace,Newcastle United,1,1
2021-10-23,Everton,Watford,2,5
2021-10-23,Leeds United,Wolverhampton Wanderers,1,1
2021-10-23,Southampton,Burnley,2,2
2021-10-23,Brighton & Hove Albion,Manchester City,1,4
2021-10-24,FC St. Pauli,Hansa Rostock,4,0
2021-10-24,Jahn Regensburg,Hannover 96,3,1
2021-10-24,SV Sandhausen,Werder Bremen,2,2
2021-10-24,1. FC Köln,Bayer Leverkusen,2,2
2021-10-24,VfB Stuttgart,Union Berlin,1,1
2021-10-24,VfL Bochum,Eintracht Frankfurt,2,0
2021-10-24,Brentford,Leicester City,1,2
2021-10-24,West Ham United,Tottenham,1,0
2021-10-24,Manchester United,Liverpool,0,5
2021-10-29,SV Darmstadt 98,1. FC Nürnberg,2,0
2021-10-29,1. FC Heidenheim,Schalke 04,1,0
2021-10-29,TSG Hoffenheim,Hertha Berlin,2,0
2021-10-30,Werder Bremen,FC St. Pauli,1,1
2021-10-30,Hannover 96,FC Erzgebirge Aue,1,1
2021-10-30,Dynamo Dresden,SV Sandhausen,0,1
2021-10-30,Hamburger SV,Holstein Kiel,1,1
2021-10-30,Arminia Bielefeld,1. FSV Mainz 05,1,2
2021-10-30,Bayer Leverkusen,Wolfsburg,0,2
2021-10-30,Borussia Dortmund,1. FC Köln,2,0
2021-10-30,SC Freiburg,Greuther Fürth,3,1
2021-10-30,Union Berlin,Bayern Munich,2,5
2021-10-30,Eintracht Frankfurt,RB Leipzig,1,1
2021-10-30,Leicester City,Arsenal,0,2
2021-10-30,Burnley,Brentford,3,1
2021-10-30,Liverpool,Brighton & Hove Albion,2,2
2021-10-30,Manchester City,Crystal Palace,0,2
2021-10-30,Newcastle United,Chelsea,0,3
2021-10-30,Watford,Southampton,0,1
2021-10-30,Tottenham,Manchester United,0,3
2021-10-31,Karlsruher SC,SC Paderborn,2,4
2021-10-31,Hansa Rostock,Fortuna Düsseldorf,2,1
2021-10-31,FC Ingolstadt 04,Jahn Regensburg,0,3
2021-10-31,Augsburg,VfB Stuttgart,4,1
2021-10-31,Borussia Mönchengladbach,VfL Bochum,2,1
2021-10-31,Norwich City,Leeds United,1,2
2021-10-31,Aston Villa,West Ham United,1,4
2021-11-01,Wolverhampton Wanderers,Everton,2,1
2021-11-02,Bayern Munich,Benfica,5,2
2021-11-02,Dynamo Kyiv,Barcelona,0,1
2021-11-02,Atalanta,Manchester United,2,2
2021-11-02,Villarreal,BSC Young Boys,2,0
2021-11-02,Wolfsburg,RB Salzburg,2,1
2021-11-02,Sevilla,Lille,1,2
2021-11-02,Malmo FF,Chelsea,0,1
2021-11-02,Juventus,Zenit,4,2
2021-11-03,RB Leipzig,Paris Saint Germain,2,2
2021-11-03,Manchester City,Club Brugge,4,1
2021-11-03,Milan,Porto,1,1
2021-11-03,Liverpool,Atlético Madrid,2,0
2021-11-03,Borussia Dortmund,Ajax,1,3
2021-11-03,Sporting Lisbon,Besiktas,4,0
2021-11-03,Real Madrid,Shakhtar Donetsk,2,1
2021-11-03,FC Sheriff,Inter Milan,1,3
2021-11-05,Holstein Kiel,Dynamo Dresden,2,1
2021-11-05,1. FC Nürnberg,Werder Bremen,1,2
2021-11-05,1. FSV Mainz 05,Borussia Mönchengladbach,1,1
2021-11-05,Southampton,Aston Villa,1,0
2021-11-06,Fortuna Düsseldorf,Hannover 96,1,1
2021-11-06,SC Paderborn,FC Ingolstadt 04,2,1
2021-11-06,Jahn Regensburg,Hansa Rostock,2,3
2021-11-06,Karlsruher SC,Hamburger SV,1,1
2021-11-06,Bayern Munich,SC Freiburg,2,1
2021-11-06,VfL Bochum,TSG Hoffenheim,2,0
2021-11-06,VfB Stuttgart,Arminia Bielefeld,0,1
2021-11-06,Wolfsburg,Augsburg,1,0
2021-11-06,RB Leipzig,Borussia Dortmund,2,1
2021-11-06,Manchester United,Manchester City,0,2
2021-11-06,Brentford,Norwich City,1,2
2021-11-06,Chelsea,Burnley,1,1
2021-11-06,Crystal Palace,Wolverhampton Wanderers,2,0
2021-11-06,Brighton & Hove Albion,Newcastle United,1,1
2021-11-07,Schalke 04,SV Darmstadt 98,2,4
2021-11-07,FC Erzgebirge Aue,1. FC Heidenheim,2,0
2021-11-07,Hertha Berlin,Bayer Leverkusen,1,1
2021-11-07,1. FC Köln,Union Berlin,2,2
2021-11-07,Greuther Fürth,Eintracht Frankfurt,1,2
2021-11-07,Arsenal,Watford,1,0
2021-11-07,Everton,Tottenham,0,0
2021-11-07,Leeds United,Leicester City,1,1
2021-11-07,West Ham United,Liverpool,3,2
2021-11-19,Hannover 96,SC Paderborn,0,0
2021-11-19,SV Sandhausen,1. FC Nürnberg,1,2
2021-11-19,Augsburg,Bayern Munich,2,1
2021-11-20,Hamburger SV,Jahn Regensburg,4,1
2021-11-20,SV Darmstadt 98,FC St. Pauli,4,0
2021-11-20,Hansa Rostock,FC Erzgebirge Aue,1,2
2021-11-20,Werder Bremen,Schalke 04,1,1
2021-11-20,Arminia Bielefeld,Wolfsburg,2,2
2021-11-20,Bayer Leverkusen,VfL Bochum,1,0
2021-11-20,Borussia Dortmund,VfB Stuttgart,2,1
2021-11-20,Borussia Mönchengladbach,Greuther Fürth,4,0
2021-11-20,TSG Hoffenheim,RB Leipzig,2,0
2021-11-20,Union Berlin,Hertha Berlin,2,0
2021-11-20,Leicester City,Chelsea,0,3
2021-11-20,Aston Villa,Brighton & Hove Albion,2,0
2021-11-20,Burnley,Crystal Palace,3,3
2021-11-20,Newcastle United,Brentford,3,3
2021-11-20,Norwich City,Southampton,2,1
2021-11-20,Watford,Manchester United,4,1
2021-11-20,Wolverhampton Wanderers,West Ham United,1,0
2021-11-20,Liverpool,Arsenal,4,0
2021-11-21,1. FC Heidenheim,Holstein Kiel,2,1
2021-11-21,Dynamo Dresden,Fortuna Düsseldorf,1,0
2021-11-21,FC Ingolstadt 04,Karlsruher SC,1,1
2021-11-21,SC Freiburg,Eintracht Frankfurt,0,2
2021-11-21,1. FSV Mainz 05,1. FC Köln,1,1
2021-11-21,Manchester City,Everton,3,0
2021-11-21,Tottenham,Leeds United,2,1
2021-11-23,Dynamo Kyiv,Bayern Munich,1,2
2021-11-23,Barcelona,Benfica,0,0
2021-11-23,Villarreal,Manchester United,0,2
2021-11-23,BSC Young Boys,Atalanta,3,3
2021-11-23,Lille,RB Salzburg,1,0
2021-11-23,Sevilla,Wolfsburg,2,0
2021-11-23,Chelsea,Juventus,4,0
2021-11-23,Malmo FF,Zenit,1,1
2021-11-24,FC St. Pauli,SV Sandhausen,3,1
2021-11-24,Manchester City,Paris Saint Germain,2,1
2021-11-24,Club Brugge,RB Leipzig,0,5
2021-11-24,Liverpool,Porto,2,0
2021-11-24,Atlético Madrid,Milan,0,1
2021-11-24,Besiktas,Ajax,1,2
2021-11-24,Sporting Lisbon,Borussia Dortmund,3,1
2021-11-24,Inter Milan,Shakhtar Donetsk,2,0
2021-11-24,FC Sheriff,Real Madrid,0,3
2021-11-26,Fortuna Düsseldorf,1. FC Heidenheim,0,1
2021-11-26,Jahn Regensburg,Dynamo Dresden,3,1
2021-11-26,VfB Stuttgart,1. FSV Mainz 05,2,1
2021-11-27,Schalke 04,SV Sandhausen,5,2
2021-11-27,Karlsruher SC,Hannover 96,4,0
2021-11-27,FC Erzgebirge Aue,SV Darmstadt 98,1,2
2021-11-27,Holstein Kiel,Werder Bremen,2,1
2021-11-27,VfL Bochum,SC Freiburg,2,1
2021-11-27,Greuther Fürth,TSG Hoffenheim,3,6
2021-11-27,Hertha Berlin,Augsburg,1,1
2021-11-27,1. FC Köln,Borussia Mönchengladbach,4,1
2021-11-27,Wolfsburg,Borussia Dortmund,1,3
2021-11-27,Bayern Munich,Arminia Bielefeld,1,0
2021-11-27,Arsenal,Newcastle United,2,0
2021-11-27,Crystal Palace,Aston Villa,1,2
2021-11-27,Liverpool,Southampton,4,0
2021-11-27,Norwich City,Wolverhampton Wanderers,0,0
2021-11-27,Brighton & Hove Albion,Leeds United,0,0
2021-11-28,Hamburger SV,FC Ingolstadt 04,3,0
2021-11-28,SC Paderborn,Hansa Rostock,1,1
2021-11-28,1. FC Nürnberg,FC St. Pauli,2,3
2021-11-28,Eintracht Frankfurt,Union Berlin,2,1
2021-11-28,RB Leipzig,Bayer Leverkusen,1,3
2021-11-28,Brentford,Everton,1,0
2021-11-28,Leicester City,Watford,4,2
2021-11-28,Manchester City,West Ham United,2,1
2021-11-28,Chelsea,Manchester United,1,1
2021-11-30,Newcastle United,Norwich City,1,1
2021-11-30,Leeds United,Crystal Palace,1,0
2021-12-01,Southampton,Leicester City,2,2
2021-12-01,Watford,Chelsea,1,2
2021-12-01,West Ham United,Brighton & Hove Albion,1,1
2021-12-01,Wolverhampton Wanderers,Burnley,0,0
2021-12-01,Aston Villa,Manchester City,1,2
2021-12-01,Everton,Liverpool,1,4
2021-12-02,Tottenham,Brentford,2,0
2021-12-02,Manchester United,Arsenal,3,2
2021-12-03,Werder Bremen,FC Erzgebirge Aue,4,0
2021-12-03,SV Darmstadt 98,Fortuna Düsseldorf,1,3
2021-12-03,Union Berlin,RB Leipzig,2,1
2021-12-04,1. FC Nürnberg,Holstein Kiel,2,1
2021-12-04,SV Sandhausen,SC Paderborn,1,1
2021-12-04,Hansa Rostock,FC Ingolstadt 04,1,1
2021-12-04,FC St. Pauli,Schalke 04,2,1
2021-12-04,Arminia Bielefeld,1. FC Köln,1,1
2021-12-04,Augsburg,VfL Bochum,2,3
2021-12-04,Bayer Leverkusen,Greuther Fürth,7,1
2021-12-04,TSG Hoffenheim,Eintracht Frankfurt,3,2
2021-12-04,1. FSV Mainz 05,Wolfsburg,3,0
2021-12-04,Borussia Dortmund,Bayern Munich,2,3
2021-12-04,West Ham United,Chelsea,3,2
2021-12-04,Newcastle United,Burnley,1,0
2021-12-04,Southampton,Brighton & Hove Albion,1,1
2021-12-04,Wolverhampton Wanderers,Liverpool,0,1
2021-12-04,Watford,Manchester City,1,3
2021-12-05,1. FC Heidenheim,Jahn Regensburg,3,0
2021-12-05,Hannover 96,Hamburger SV,1,0
2021-12-05,Dynamo Dresden,Karlsruher SC,3,1
2021-12-05,VfB Stuttgart,Hertha Berlin,2,2
2021-12-05,Borussia Mönchengladbach,SC Freiburg,0,6
2021-12-05,Leeds United,Brentford,2,2
2021-12-05,Manchester United,Crystal Palace,1,0
2021-12-05,Tottenham,Norwich City,3,0
2021-12-05,Aston Villa,Leicester City,2,1
2021-12-06,Everton,Arsenal,2,1
2021-12-07,RB Leipzig,Manchester City,2,1
2021-12-07,Paris Saint Germain,Club Brugge,4,1
2021-12-07,Porto,Atlético Madrid,1,3
2021-12-07,Milan,Liverpool,1,2
2021-12-07,Ajax,Sporting Lisbon,4,2
2021-12-07,Borussia Dortmund,Besiktas,5,0
2021-12-07,Real Madrid,Inter Milan,2,0
2021-12-07,Shakhtar Donetsk,FC Sheriff,1,1
2021-12-08,Bayern Munich,Barcelona,3,0
2021-12-08,Benfica,Dynamo Kyiv,2,0
2021-12-08,Manchester United,BSC Young Boys,1,1
2021-12-08,RB Salzburg,Sevilla,1,0
2021-12-08,Wolfsburg,Lille,1,3
2021-12-08,Zenit,Chelsea,3,3
2021-12-08,Juventus,Malmo FF,1,0
2021-12-09,Atalanta,Villarreal,2,3
2021-12-10,Schalke 04,1. FC Nürnberg,4,1
2021-12-10,Jahn Regensburg,Werder Bremen,2,3
2021-12-10,1. FC Köln,Augsburg,0,2
2021-12-10,Brentford,Watford,2,1
2021-12-11,Holstein Kiel,SV Sandhausen,2,2
2021-12-11,SC Paderborn,SV Darmstadt 98,0,1
2021-12-11,FC Ingolstadt 04,Hannover 96,1,2
2021-12-11,Fortuna Düsseldorf,FC St. Pauli,1,1
2021-12-11,Bayern Munich,1. FSV Mainz 05,2,1
2021-12-11,VfL Bochum,Borussia Dortmund,1,1
2021-12-11,SC Freiburg,TSG Hoffenheim,1,2
2021-12-11,Hertha Berlin,Arminia Bielefeld,2,0
2021-12-11,RB Leipzig,Borussia Mönchengladbach,4,1
2021-12-11,Wolfsburg,VfB Stuttgart,0,2
2021-12-11,Manchester City,Wolverhampton Wanderers,1,0
2021-12-11,Arsenal,Southampton,3,0
2021-12-11,Chelsea,Leeds United,3,2
2021-12-11,Liverpool,Aston Villa,1,0
2021-12-11,Norwich City,Manchester United,0,1
2021-12-12,Hamburger SV,Hansa Rostock,3,0
2021-12-12,Karlsruher SC,1. FC Heidenheim,3,2
2021-12-12,FC Erzgebirge Aue,Dynamo Dresden,0,1
2021-12-12,Greuther Fürth,Union Berlin,1,0
2021-12-12,Eintracht Frankfurt,Bayer Leverkusen,5,2
2021-12-12,Burnley,West Ham United,0,0
2021-12-12,Leicester City,Newcastle United,4,0
2021-12-12,Crystal Palace,Everton,3,1
2021-12-14,VfB Stuttgart,Bayern Munich,0,5
2021-12-14,Arminia Bielefeld,VfL Bochum,2,0
2021-12-14,1. FSV Mainz 05,Hertha Berlin,4,0
2021-12-14,Wolfsburg,1. FC Köln,2,3
2021-12-14,Norwich City,Aston Villa,0,2
2021-12-14,Manchester City,Leeds United,7,0
2021-12-15,Borussia Mönchengladbach,Eintracht Frankfurt,2,3
2021-12-15,Augsburg,RB Leipzig,1,1
2021-12-15,Bayer Leverkusen,TSG Hoffenheim,2,2
2021-12-15,Borussia Dortmund,Greuther Fürth,3,0
2021-12-15,Union Berlin,SC Freiburg,0,0
2021-12-15,Brighton & Hove Albion,Wolverhampton Wanderers,0,1
2021-12-15,Crystal Palace,Southampton,2,2
2021-12-15,Arsenal,West Ham United,2,0
2021-12-16,Chelsea,Everton,1,1
2021-12-16,Liverpool,Newcastle United,3,1
2021-12-17,Holstein Kiel,FC St. Pauli,3,0
2021-12-17,Fortuna Düsseldorf,SV Sandhausen,0,1
2021-12-17,Bayern Munich,Wolfsburg,4,0
2021-12-18,SC Paderborn,1. FC Heidenheim,1,2
2021-12-18,FC Erzgebirge Aue,1. FC Nürnberg,1,3
2021-12-18,FC Ingolstadt 04,Dynamo Dresden,3,0
2021-12-18,Hamburger SV,Schalke 04,1,1
2021-12-18,VfL Bochum,Union Berlin,0,1
2021-12-18,Eintracht Frankfurt,1. FSV Mainz 05,1,0
2021-12-18,Greuther Fürth,Augsburg,0,0
2021-12-18,TSG Hoffenheim,Borussia Mönchengladbach,1,1
2021-12-18,RB Leipzig,Arminia Bielefeld,0,2
2021-12-18,Hertha Berlin,Borussia Dortmund,3,2
2021-12-18,Leeds United,Arsenal,1,4
2021-12-19,Karlsruher SC,Hansa Rostock,2,2
2021-12-19,Hannover 96,Werder Bremen,1,4
2021-12-19,Jahn Regensburg,SV Darmstadt 98,0,2
2021-12-19,SC Freiburg,Bayer Leverkusen,2,1
2021-12-19,1. FC Köln,VfB Stuttgart,1,0
2021-12-19,Newcastle United,Manchester City,0,4
2021-12-19,Wolverhampton Wanderers,Chelsea,0,0
2021-12-19,Tottenham,Liverpool,2,2
2021-12-26,Manchester City,Leicester City,6,3
2021-12-26,Norwich City,Arsenal,0,5
2021-12-26,Tottenham,Crystal Palace,3,0
2021-12-26,West Ham United,Southampton,2,3
2021-12-26,Aston Villa,Chelsea,1,3
2021-12-26,Brighton & Hove Albion,Brentford,2,0
2021-12-27,Newcastle United,Manchester United,1,1
2021-12-28,Crystal Palace,Norwich City,3,0
2021-12-28,Southampton,Tottenham,1,1
2021-12-28,Watford,West Ham United,1,4
2021-12-28,Leicester City,Liverpool,1,0
2021-12-29,Chelsea,Brighton & Hove Albion,1,1
2021-12-29,Brentford,Manchester City,0,1
2021-12-30,Manchester United,Burnley,3,1
2022-01-01,Arsenal,Manchester City,1,2
2022-01-01,Watford,Tottenham,0,1
2022-01-01,Crystal Palace,West Ham United,2,3
2022-01-02,Brentford,Aston Villa,2,1
2022-01-02,Everton,Brighton & Hove Albion,2,3
2022-01-02,Leeds United,Burnley,3,1
2022-01-02,Chelsea,Liverpool,2,2
2022-01-03,Manchester United,Wolverhampton Wanderers,0,1
2022-01-07,Bayern Munich,Borussia Mönchengladbach,1,2
2022-01-08,Bayer Leverkusen,Union Berlin,2,2
2022-01-08,SC Freiburg,Arminia Bielefeld,2,2
2022-01-08,Greuther Fürth,VfB Stuttgart,0,0
2022-01-08,TSG Hoffenheim,Augsburg,3,1
2022-01-08,RB Leipzig,1. FSV Mainz 05,4,1
2022-01-08,Eintracht Frankfurt,Borussia Dortmund,2,3
2022-01-09,Hertha Berlin,1. FC Köln,1,3
2022-01-09,VfL Bochum,Wolfsburg,1,0
2022-01-11,Southampton,Brentford,4,1
2022-01-12,West Ham United,Norwich City,2,0
2022-01-14,Dynamo Dresden,Hamburger SV,1,1
2022-01-14,Hansa Rostock,Hannover 96,0,1
2022-01-14,Borussia Dortmund,SC Freiburg,5,1
2022-01-14,Brighton & Hove Albion,Crystal Palace,1,1
2022-01-15,Werder Bremen,Fortuna Düsseldorf,3,0
2022-01-15,FC St. Pauli,FC Erzgebirge Aue,2,2
2022-01-15,1. FC Nürnberg,SC Paderborn,1,2
2022-01-15,SV Darmstadt 98,Karlsruher SC,2,2
2022-01-15,1. FC Köln,Bayern Munich,0,4
2022-01-15,1. FSV Mainz 05,VfL Bochum,1,0
2022-01-15,VfB Stuttgart,RB Leipzig,0,2
2022-01-15,Union Berlin,TSG Hoffenheim,2,1
2022-01-15,Wolfsburg,Hertha Berlin,0,0
2022-01-15,Borussia Mönchengladbach,Bayer Leverkusen,1,2
2022-01-15,Manchester City,Chelsea,1,0
2022-01-15,Newcastle United,Watford,1,1
2022-01-15,Norwich City,Everton,2,1
2022-01-15,Wolverhampton Wanderers,Southampton,3,1
2022-01-15,Aston Villa,Manchester United,2,2
2022-01-16,Schalke 04,Holstein Kiel,1,1
2022-01-16,1. FC Heidenheim,FC Ingolstadt 04,2,1
2022-01-16,SV Sandhausen,Jahn Regensburg,0,3
2022-01-16,Augsburg,Eintracht Frankfurt,1,1
2022-01-16,Arminia Bielefeld,Greuther Fürth,2,2
2022-01-16,Liverpool,Brentford,3,0
2022-01-16,West Ham United,Leeds United,2,3
2022-01-18,Brighton & Hove Albion,Chelsea,1,1
2022-01-19,Leicester City,Tottenham,2,3
2022-01-19,Brentford,Manchester United,1,3
2022-01-21,Hamburger SV,FC St. Pauli,2,1
2022-01-21,Fortuna Düsseldorf,1. FC Nürnberg,0,1
2022-01-21,Eintracht Frankfurt,Arminia Bielefeld,0,2
2022-01-21,Watford,Norwich City,0,3
2022-01-22,SC Paderborn,Werder Bremen,3,4
2022-01-22,Hansa Rostock,1. FC Heidenheim,0,0
2022-01-22,FC Ingolstadt 04,SV Darmstadt 98,0,2
2022-01-22,FC Erzgebirge Aue,Schalke 04,0,5
2022-01-22,Bayer Leverkusen,Augsburg,5,1
2022-01-22,Borussia Mönchengladbach,Union Berlin,1,2
2022-01-22,SC Freiburg,VfB Stuttgart,2,0
2022-01-22,Greuther Fürth,1. FSV Mainz 05,2,1
2022-01-22,TSG Hoffenheim,Borussia Dortmund,2,3
2022-01-22,VfL Bochum,1. FC Köln,2,2
2022-01-22,Everton,Aston Villa,0,1
2022-01-22,Brentford,Wolverhampton Wanderers,1,2
2022-01-22,Leeds United,Newcastle United,0,1
2022-01-22,Manchester United,West Ham United,1,0
2022-01-22,Southampton,Manchester City,1,1
2022-01-23,Hannover 96,Dynamo Dresden,0,0
2022-01-23,Jahn Regensburg,Holstein Kiel,1,2
2022-01-23,RB Leipzig,Wolfsburg,2,0
2022-01-23,Hertha Berlin,Bayern Munich,1,4
2022-01-23,Arsenal,Burnley,0,0
2022-01-23,Crystal Palace,Liverpool,1,3
2022-01-23,Leicester City,Brighton & Hove Albion,1,1
2022-01-23,Chelsea,Tottenham,2,0
2022-02-04,1. FC Heidenheim,Hannover 96,3,1
2022-02-04,1. FC Nürnberg,FC Ingolstadt 04,0,5
2022-02-04,Hertha Berlin,VfL Bochum,1,1
2022-02-05,Werder Bremen,Karlsruher SC,2,1
2022-02-05,Schalke 04,Jahn Regensburg,2,1
2022-02-05,SV Sandhausen,FC Erzgebirge Aue,2,0
2022-02-05,FC St. Pauli,SC Paderborn,2,2
2022-02-05,Arminia Bielefeld,Borussia Mönchengladbach,1,1
2022-02-05,Augsburg,Union Berlin,2,0
2022-02-05,1. FC Köln,SC Freiburg,1,0
2022-02-05,1. FSV Mainz 05,TSG Hoffenheim,2,0
2022-02-05,VfB Stuttgart,Eintracht Frankfurt,2,3
2022-02-05,Bayern Munich,RB Leipzig,3,2
2022-02-05,Burnley,Watford,0,0
2022-02-06,Holstein Kiel,Fortuna Düsseldorf,1,0
2022-02-06,SV Darmstadt 98,Hamburger SV,0,5
2022-02-06,Dynamo Dresden,Hansa Rostock,1,4
2022-02-06,Borussia Dortmund,Bayer Leverkusen,2,5
2022-02-06,Wolfsburg,Greuther Fürth,4,1
2022-02-08,Karlsruher SC,SV Sandhausen,0,2
2022-02-08,Newcastle United,Everton,3,1
2022-02-08,West Ham United,Watford,1,0
2022-02-08,Burnley,Manchester United,1,1
2022-02-09,Manchester City,Brentford,2,0
2022-02-09,Norwich City,Crystal Palace,1,1
2022-02-09,Tottenham,Southampton,2,3
2022-02-09,Aston Villa,Leeds United,3,3
2022-02-10,Liverpool,Leicester City,2,0
2022-02-10,Wolverhampton Wanderers,Arsenal,0,1
2022-02-11,FC Erzgebirge Aue,Holstein Kiel,2,3
2022-02-11,Hansa Rostock,Werder Bremen,1,2
2022-02-11,RB Leipzig,1. FC Köln,3,1
2022-02-12,Hamburger SV,1. FC Heidenheim,2,0
2022-02-12,Karlsruher SC,1. FC Nürnberg,4,1
2022-02-12,SC Paderborn,Dynamo Dresden,0,0
2022-02-12,Jahn Regensburg,FC St. Pauli,2,3
2022-02-12,VfL Bochum,Bayern Munich,4,2
2022-02-12,Borussia Mönchengladbach,Augsburg,3,2
2022-02-12,Eintracht Frankfurt,Wolfsburg,0,2
2022-02-12,SC Freiburg,1. FSV Mainz 05,1,1
2022-02-12,Greuther Fürth,Hertha Berlin,2,1
2022-02-12,Bayer Leverkusen,VfB Stuttgart,4,2
2022-02-12,Manchester United,Southampton,1,1
2022-02-12,Brentford,Crystal Palace,0,0
2022-02-12,Everton,Leeds United,3,0
2022-02-12,Watford,Brighton & Hove Albion,0,2
2022-02-12,Norwich City,Manchester City,0,4
2022-02-13,Fortuna Düsseldorf,Schalke 04,2,1
2022-02-13,Hannover 96,SV Darmstadt 98,2,2
2022-02-13,FC Ingolstadt 04,SV Sandhausen,0,0
2022-02-13,Union Berlin,Borussia Dortmund,0,3
2022-02-13,TSG Hoffenheim,Arminia Bielefeld,2,0
2022-02-13,Burnley,Liverpool,0,1
2022-02-13,Newcastle United,Aston Villa,1,0
2022-02-13,Tottenham,Wolverhampton Wanderers,0,2
2022-02-13,Leicester City,West Ham United,2,2
2022-02-15,Sporting Lisbon,Manchester City,0,5
2022-02-15,Paris Saint Germain,Real Madrid,1,0
2022-02-15,Manchester United,Brighton & Hove Albion,2,0
2022-02-16,RB Salzburg,Bayern Munich,1,1
2022-02-16,Inter Milan,Liverpool,0,2
2022-02-18,Schalke 04,SC Paderborn,2,0
2022-02-18,Dynamo Dresden,1. FC Heidenheim,1,1
2022-02-18,1. FSV Mainz 05,Bayer Leverkusen,3,2
2022-02-19,Werder Bremen,FC Ingolstadt 04,1,1
2022-02-19,Holstein Kiel,Karlsruher SC,0,2
2022-02-19,SV Sandhausen,Hamburger SV,1,1
2022-02-19,1. FC Nürnberg,Jahn Regensburg,2,0
2022-02-19,Arminia Bielefeld,Union Berlin,1,0
2022-02-19,Augsburg,SC Freiburg,1,2
2022-02-19,VfB Stuttgart,VfL Bochum,1,1
2022-02-19,Wolfsburg,TSG Hoffenheim,1,2
2022-02-19,1. FC Köln,Eintracht Frankfurt,1,0
2022-02-19,West Ham United,Newcastle United,1,1
2022-02-19,Arsenal,Brentford,2,1
2022-02-19,Aston Villa,Watford,0,1
2022-02-19,Brighton & Hove Albion,Burnley,0,3
2022-02-19,Crystal Palace,Chelsea,0,1
2022-02-19,Liverpool,Norwich City,3,1
2022-02-19,Southampton,Everton,2,0
2022-02-19,Manchester City,Tottenham,2,3
2022-02-20,Fortuna Düsseldorf,FC Erzgebirge Aue,3,1
2022-02-20,SV Darmstadt 98,Hansa Rostock,1,1
2022-02-20,FC St. Pauli,Hannover 96,0,3
2022-02-20,Bayern Munich,Greuther Fürth,4,1
2022-02-20,Borussia Dortmund,Borussia Mönchengladbach,6,0
2022-02-20,Hertha Berlin,RB Leipzig,1,6
2022-02-20,Leeds United,Manchester United,2,4
2022-02-20,Wolverhampton Wanderers,Leicester City,2,1
2022-02-22,Chelsea,Lille,2,0
2022-02-22,Villarreal,Juventus,1,1
2022-02-23,Benfica,Ajax,2,2
2022-02-23,Atlético Madrid,Manchester United,1,1
2022-02-23,Burnley,Tottenham,1,0
2022-02-23,Watford,Crystal Palace,1,4
2022-02-23,Liverpool,Leeds United,6,0
2022-02-24,Arsenal,Wolverhampton Wanderers,2,1
2022-02-25,SC Paderborn,FC Erzgebirge Aue,3,3
2022-02-25,Hannover 96,Holstein Kiel,2,0
2022-02-25,TSG Hoffenheim,VfB Stuttgart,2,1
2022-02-25,Southampton,Norwich City,2,0
2022-02-26,Karlsruher SC,Schalke 04,1,1
2022-02-26,Hansa Rostock,1. FC Nürnberg,0,2
2022-02-26,FC Ingolstadt 04,FC St. Pauli,1,3
2022-02-26,Dynamo Dresden,SV Darmstadt 98,0,1
2022-02-26,Bayer Leverkusen,Arminia Bielefeld,3,0
2022-02-26,Borussia Mönchengladbach,Wolfsburg,2,2
2022-02-26,SC Freiburg,Hertha Berlin,3,0
2022-02-26,Greuther Fürth,1. FC Köln,1,1
2022-02-26,Union Berlin,1. FSV Mainz 05,3,1
2022-02-26,Eintracht Frankfurt,Bayern Munich,0,1
2022-02-26,Leeds United,Tottenham,0,4
2022-02-26,Brentford,Newcastle United,0,2
2022-02-26,Crystal Palace,Burnley,1,1
2022-02-26,Manchester United,Watford,0,0
2022-02-26,Brighton & Hove Albion,Aston Villa,0,2
2022-02-26,Everton,Manchester City,0,1
2022-02-27,Hamburger SV,Werder Bremen,2,3
2022-02-27,1. FC Heidenheim,SV Sandhausen,1,1
2022-02-27,Jahn Regensburg,Fortuna Düsseldorf,0,0
2022-02-27,VfL Bochum,RB Leipzig,0,1
2022-02-27,Augsburg,Borussia Dortmund,1,1
2022-02-27,West Ham United,Wolverhampton Wanderers,1,0
2022-03-01,Burnley,Leicester City,0,2
2022-03-04,Holstein Kiel,SC Paderborn,3,4
2022-03-04,SV Darmstadt 98,1. FC Heidenheim,3,2
2022-03-04,Arminia Bielefeld,Augsburg,0,1
2022-03-05,Schalke 04,Hansa Rostock,3,4
2022-03-05,FC St. Pauli,Karlsruher SC,3,1
2022-03-05,SV Sandhausen,Hannover 96,3,1
2022-03-05,1. FC Nürnberg,Hamburger SV,2,1
2022-03-05,Bayern Munich,Bayer Leverkusen,1,1
2022-03-05,VfL Bochum,Greuther Fürth,2,1
2022-03-05,Hertha Berlin,Eintracht Frankfurt,1,4
2022-03-05,RB Leipzig,SC Freiburg,1,1
2022-03-05,Wolfsburg,Union Berlin,1,0
2022-03-05,VfB Stuttgart,Borussia Mönchengladbach,3,2
2022-03-05,Leicester City,Leeds United,1,0
2022-03-05,Aston Villa,Southampton,4,0
2022-03-05,Burnley,Chelsea,0,4
2022-03-05,Newcastle United,Brighton & Hove Albion,2,1
2022-03-05,Norwich City,Brentford,1,3
2022-03-05,Wolverhampton Wanderers,Crystal Palace,0,2
2022-03-05,Liverpool,West Ham United,1,0
2022-03-06,Werder Bremen,Dynamo Dresden,2,1
2022-03-06,Fortuna Düsseldorf,FC Ingolstadt 04,3,0
2022-03-06,FC Erzgebirge Aue,Jahn Regensburg,1,0
2022-03-06,1. FC Köln,TSG Hoffenheim,0,1
2022-03-06,Watford,Arsenal,2,3
2022-03-06,Manchester City,Manchester United,4,1
2022-03-07,Tottenham,Everton,5,0
2022-03-08,Bayern Munich,RB Salzburg,7,1
2022-03-08,Liverpool,Inter Milan,0,1
2022-03-09,Manchester City,Sporting Lisbon,0,0
2022-03-09,Real Madrid,Paris Saint Germain,3,1
2022-03-10,Norwich City,Chelsea,1,3
2022-03-10,Southampton,Newcastle United,1,2
2022-03-10,Wolverhampton Wanderers,Watford,4,0
2022-03-10,Leeds United,Aston Villa,0,3
2022-03-11,SV Darmstadt 98,SV Sandhausen,1,1
2022-03-11,Hansa Rostock,Holstein Kiel,3,2
2022-03-12,SC Paderborn,Fortuna Düsseldorf,1,1
2022-03-12,Dynamo Dresden,FC St. Pauli,1,1
2022-03-12,1. FC Heidenheim,Werder Bremen,2,1
2022-03-12,SC Freiburg,Wolfsburg,3,2
2022-03-12,TSG Hoffenheim,Bayern Munich,1,1
2022-03-12,Union Berlin,VfB Stuttgart,1,1
2022-03-12,Borussia Mönchengladbach,Hertha Berlin,2,0
2022-03-12,Brighton & Hove Albion,Liverpool,0,2
2022-03-12,Brentford,Burnley,2,0
2022-03-12,Manchester United,Tottenham,3,2
2022-03-13,Karlsruher SC,Jahn Regensburg,1,1
2022-03-13,Hannover 96,1. FC Nürnberg,0,3
2022-03-13,FC Ingolstadt 04,Schalke 04,0,3
2022-03-13,Bayer Leverkusen,1. FC Köln,0,1
2022-03-13,Borussia Dortmund,Arminia Bielefeld,1,0
2022-03-13,Eintracht Frankfurt,VfL Bochum,2,1
2022-03-13,Greuther Fürth,RB Leipzig,1,6
2022-03-13,Chelsea,Newcastle United,1,0
2022-03-13,Everton,Wolverhampton Wanderers,0,1
2022-03-13,Leeds United,Norwich City,2,1
2022-03-13,Southampton,Watford,1,2
2022-03-13,West Ham United,Aston Villa,2,1
2022-03-13,Arsenal,Leicester City,2,0
2022-03-14,Crystal Palace,Manchester City,0,0
2022-03-15,Ajax,Benfica,0,1
2022-03-15,Manchester United,Atlético Madrid,0,1
2022-03-16,1. FSV Mainz 05,Borussia Dortmund,0,1
2022-03-16,Lille,Chelsea,1,2
2022-03-16,Juventus,Villarreal,0,3
2022-03-16,Brighton & Hove Albion,Tottenham,0,2
2022-03-16,Arsenal,Liverpool,0,2
2022-03-17,Everton,Newcastle United,1,0
2022-03-18,FC St. Pauli,1. FC Heidenheim,1,0
2022-03-18,FC Erzgebirge Aue,Karlsruher SC,0,3
2022-03-18,VfL Bochum,Borussia Mönchengladbach,0,2
2022-03-18,Wolverhampton Wanderers,Leeds United,2,3
2022-03-19,Schalke 04,Hannover 96,2,1
2022-03-19,Fortuna Düsseldorf,Hamburger SV,1,1
2022-03-19,SV Sandhausen,Hansa Rostock,0,1
2022-03-19,Werder Bremen,SV Darmstadt 98,1,0
2022-03-19,Greuther Fürth,SC Freiburg,0,0
2022-03-19,Hertha Berlin,TSG Hoffenheim,3,0
2022-03-19,1. FSV Mainz 05,Arminia Bielefeld,4,0
2022-03-19,VfB Stuttgart,Augsburg,3,2
2022-03-19,Bayern Munich,Union Berlin,4,0
2022-03-19,Aston Villa,Arsenal,0,1
2022-03-20,Holstein Kiel,FC Ingolstadt 04,1,0
2022-03-20,1. FC Nürnberg,Dynamo Dresden,1,1
2022-03-20,Jahn Regensburg,SC Paderborn,1,0
2022-03-20,RB Leipzig,Eintracht Frankfurt,0,0
2022-03-20,Wolfsburg,Bayer Leverkusen,0,2
2022-03-20,1. FC Köln,Borussia Dortmund,1,1
2022-03-20,Leicester City,Brentford,2,1
2022-03-20,Tottenham,West Ham United,3,1
2022-04-01,Dynamo Dresden,Schalke 04,1,2
2022-04-01,FC Ingolstadt 04,FC Erzgebirge Aue,3,2
2022-04-01,Union Berlin,1. FC Köln,1,0
2022-04-02,Hamburger SV,SC Paderborn,1,2
2022-04-02,SV Darmstadt 98,Holstein Kiel,3,1
2022-04-02,Hannover 96,Jahn Regensburg,1,1
2022-04-02,Hansa Rostock,FC St. Pauli,1,0
2022-04-02,Arminia Bielefeld,VfB Stuttgart,1,1
2022-04-02,Bayer Leverkusen,Hertha Berlin,2,1
2022-04-02,Eintracht Frankfurt,Greuther Fürth,0,0
2022-04-02,SC Freiburg,Bayern Munich,1,4
2022-04-02,TSG Hoffenheim,VfL Bochum,1,2
2022-04-02,Borussia Dortmund,RB Leipzig,1,4
2022-04-02,Liverpool,Watford,2,0
2022-04-02,Brighton & Hove Albion,Norwich City,0,0
2022-04-02,Burnley,Manchester City,0,2
2022-04-02,Chelsea,Brentford,1,4
2022-04-02,Leeds United,Southampton,1,1
2022-04-02,Wolverhampton Wanderers,Aston Villa,2,1
2022-04-02,Manchester United,Leicester City,1,1
2022-04-03,Werder Bremen,SV Sandhausen,1,1
2022-04-03,Karlsruher SC,Fortuna Düsseldorf,2,2
2022-04-03,1. FC Heidenheim,1. FC Nürnberg,3,1
2022-04-03,Augsburg,Wolfsburg,3,0
2022-04-03,Borussia Mönchengladbach,1. FSV Mainz 05,1,1
2022-04-03,West Ham United,Everton,2,1
2022-04-03,Tottenham,Newcastle United,5,1
2022-04-04,Crystal Palace,Arsenal,3,0
2022-04-05,Hamburger SV,FC Erzgebirge Aue,4,0
2022-04-05,Manchester City,Atlético Madrid,1,0
2022-04-05,Benfica,Liverpool,1,3
2022-04-06,Augsburg,1. FSV Mainz 05,2,1
2022-04-06,Chelsea,Real Madrid,1,3
2022-04-06,Villarreal,Bayern Munich,1,0
2022-04-06,Burnley,Everton,3,2
2022-04-08,Fortuna Düsseldorf,Hansa Rostock,3,0
2022-04-08,Jahn Regensburg,FC Ingolstadt 04,1,1
2022-04-08,VfB Stuttgart,Borussia Dortmund,0,2
2022-04-08,Newcastle United,Wolverhampton Wanderers,1,0
2022-04-09,Schalke 04,1. FC Heidenheim,3,0
2022-04-09,FC St. Pauli,Werder Bremen,1,1
2022-04-09,FC Erzgebirge Aue,Hannover 96,1,3
2022-04-09,1. FC Nürnberg,SV Darmstadt 98,3,1
2022-04-09,Bayern Munich,Augsburg,1,0
2022-04-09,Greuther Fürth,Borussia Mönchengladbach,0,2
2022-04-09,1. FC Köln,1. FSV Mainz 05,3,2
2022-04-09,Wolfsburg,Arminia Bielefeld,4,0
2022-04-09,Hertha Berlin,Union Berlin,1,4
2022-04-09,Everton,Manchester United,1,0
2022-04-09,Arsenal,Brighton & Hove Albion,1,2
2022-04-09,Southampton,Chelsea,0,6
2022-04-09,Watford,Leeds United,0,3
2022-04-09,Aston Villa,Tottenham,0,4
2022-04-10,Holstein Kiel,Hamburger SV,1,0
2022-04-10,SC Paderborn,Karlsruher SC,2,2
2022-04-10,SV Sandhausen,Dynamo Dresden,2,1
2022-04-10,VfL Bochum,Bayer Leverkusen,0,0
2022-04-10,Eintracht Frankfurt,SC Freiburg,1,2
2022-04-10,RB Leipzig,TSG Hoffenheim,3,0
2022-04-10,Brentford,West Ham United,2,0
2022-04-10,Leicester City,Crystal Palace,2,1
2022-04-10,Norwich City,Burnley,2,0
2022-04-10,Manchester City,Liverpool,2,2
2022-04-12,Real Madrid,Chelsea,2,3
2022-04-12,Bayern Munich,Villarreal,1,1
2022-04-13,Atlético Madrid,Manchester City,0,0
2022-04-13,Liverpool,Benfica,3,3
2022-04-16,Hannover 96,Fortuna Düsseldorf,0,0
2022-04-16,SV Sandhausen,FC St. Pauli,1,1
2022-04-16,Dynamo Dresden,Holstein Kiel,0,0
2022-04-16,Hamburger SV,Karlsruher SC,3,0
2022-04-16,Augsburg,Hertha Berlin,0,1
2022-04-16,Borussia Dortmund,Wolfsburg,6,1
2022-04-16,SC Freiburg,VfL Bochum,3,0
2022-04-16,1. FSV Mainz 05,VfB Stuttgart,0,0
2022-04-16,Borussia Mönchengladbach,1. FC Köln,1,3
2022-04-16,Tottenham,Brighton & Hove Albion,0,1
2022-04-16,Manchester United,Norwich City,3,2
2022-04-16,Southampton,Arsenal,1,0
2022-04-16,Watford,Brentford,1,2
2022-04-17,Werder Bremen,1. FC Nürnberg,1,1
2022-04-17,SV Darmstadt 98,Schalke 04,2,5
2022-04-17,1. FC Heidenheim,FC Erzgebirge Aue,0,2
2022-04-17,Hansa Rostock,Jahn Regensburg,1,1
2022-04-17,FC Ingolstadt 04,SC Paderborn,0,1
2022-04-17,Arminia Bielefeld,Bayern Munich,0,3
2022-04-17,TSG Hoffenheim,Greuther Fürth,0,0
2022-04-17,Union Berlin,Eintracht Frankfurt,2,0
2022-04-17,Bayer Leverkusen,RB Leipzig,0,1
2022-04-17,Newcastle United,Leicester City,2,1
2022-04-17,West Ham United,Burnley,1,1
2022-04-19,Liverpool,Manchester United,4,0
2022-04-20,Chelsea,Arsenal,2,4
2022-04-20,Everton,Leicester City,1,1
2022-04-20,Newcastle United,Crystal Palace,1,0
2022-04-20,Manchester City,Brighton & Hove Albion,3,0
2022-04-21,Burnley,Southampton,2,0
2022-04-22,Fortuna Düsseldorf,Dynamo Dresden,2,2
2022-04-22,Karlsruher SC,FC Ingolstadt 04,2,2
2022-04-22,Wolfsburg,1. FSV Mainz 05,5,0
2022-04-23,Schalke 04,Werder Bremen,1,4
2022-04-23,Holstein Kiel,1. FC Heidenheim,1,1
2022-04-23,Jahn Regensburg,Hamburger SV,2,4
2022-04-23,FC St. Pauli,SV Darmstadt 98,1,2
2022-04-23,Eintracht Frankfurt,TSG Hoffenheim,2,2
2022-04-23,SC Freiburg,Borussia Mönchengladbach,3,3
2022-04-23,Greuther Fürth,Bayer Leverkusen,1,4
2022-04-23,1. FC Köln,Arminia Bielefeld,3,1
2022-04-23,RB Leipzig,Union Berlin,1,2
2022-04-23,Bayern Munich,Borussia Dortmund,3,1
2022-04-23,Arsenal,Manchester United,3,1
2022-04-23,Leicester City,Aston Villa,0,0
2022-04-23,Manchester City,Watford,5,1
2022-04-23,Norwich City,Newcastle United,0,3
2022-04-23,Brentford,Tottenham,0,0
2022-04-24,SC Paderborn,Hannover 96,3,0
2022-04-24,1. FC Nürnberg,SV Sandhausen,2,4
2022-04-24,FC Erzgebirge Aue,Hansa Rostock,2,2
2022-04-24,VfL Bochum,Augsburg,0,2
2022-04-24,Hertha Berlin,VfB Stuttgart,2,0
2022-04-24,Brighton & Hove Albion,Southampton,2,2
2022-04-24,Burnley,Wolverhampton Wanderers,1,0
2022-04-24,Chelsea,West Ham United,1,0
2022-04-24,Liverpool,Everton,2,0
2022-04-25,Crystal Palace,Leeds United,0,0
2022-04-26,Manchester City,Real Madrid,4,3
2022-04-27,Liverpool,Villarreal,2,0
2022-04-28,Manchester United,Chelsea,1,1
2022-04-29,Werder Bremen,Holstein Kiel,2,3
2022-04-29,1. FC Heidenheim,Fortuna Düsseldorf,1,3
2022-04-29,FC St. Pauli,1. FC Nürnberg,1,1
2022-04-29,Hannover 96,Karlsruher SC,2,0
2022-04-29,SV Sandhausen,Schalke 04,1,2
2022-04-29,Union Berlin,Greuther Fürth,1,1
2022-04-30,Dynamo Dresden,Jahn Regensburg,1,1
2022-04-30,Hansa Rostock,SC Paderborn,0,0
2022-04-30,FC Ingolstadt 04,Hamburger SV,0,4
2022-04-30,SV Darmstadt 98,FC Erzgebirge Aue,6,0
2022-04-30,Arminia Bielefeld,Hertha Berlin,1,1
2022-04-30,Augsburg,1. FC Köln,1,4
2022-04-30,Borussia Dortmund,VfL Bochum,3,4
2022-04-30,1. FSV Mainz 05,Bayern Munich,3,1
2022-04-30,VfB Stuttgart,Wolfsburg,1,1
2022-04-30,TSG Hoffenheim,SC Freiburg,3,4
2022-04-30,Newcastle United,Liverpool,0,1
2022-04-30,Aston Villa,Norwich City,2,0
2022-04-30,Southampton,Crystal Palace,1,2
2022-04-30,Watford,Burnley,1,2
2022-04-30,Wolverhampton Wanderers,Brighton & Hove Albion,0,3
2022-04-30,Leeds United,Manchester City,0,4
2022-05-01,Everton,Chelsea,1,0
2022-05-01,Tottenham,Leicester City,3,1
2022-05-01,West Ham United,Arsenal,1,2
2022-05-02,Bayer Leverkusen,Eintracht Frankfurt,2,0
2022-05-02,Borussia Mönchengladbach,RB Leipzig,3,1
2022-05-02,Manchester United,Brentford,3,0
2022-05-03,Villarreal,Liverpool,2,3
2022-05-04,Real Madrid,Manchester City,3,1
2022-05-06,Fortuna Düsseldorf,SV Darmstadt 98,2,1
2022-05-06,SC Paderborn,SV Sandhausen,2,0
2022-05-06,VfL Bochum,Arminia Bielefeld,2,1
2022-05-07,Hamburger SV,Hannover 96,2,1
2022-05-07,Jahn Regensburg,1. FC Heidenheim,0,2
2022-05-07,FC Ingolstadt 04,Hansa Rostock,0,0
2022-05-07,Schalke 04,FC St. Pauli,3,2
2022-05-07,SC Freiburg,Union Berlin,1,4
2022-05-07,Greuther Fürth,Borussia Dortmund,1,3
2022-05-07,TSG Hoffenheim,Bayer Leverkusen,2,4
2022-05-07,1. FC Köln,Wolfsburg,0,1
2022-05-07,Hertha Berlin,1. FSV Mainz 05,1,2
2022-05-07,Brentford,Southampton,3,0
2022-05-07,Burnley,Aston Villa,1,3
2022-05-07,Chelsea,Wolverhampton Wanderers,2,2
2022-05-07,Crystal Palace,Watford,1,0
2022-05-07,Brighton & Hove Albion,Manchester United,4,0
2022-05-07,Liverpool,Tottenham,1,1
2022-05-08,Holstein Kiel,1. FC Nürnberg,3,0
2022-05-08,Karlsruher SC,Dynamo Dresden,2,2
2022-05-08,FC Erzgebirge Aue,Werder Bremen,0,3
2022-05-08,Eintracht Frankfurt,Borussia Mönchengladbach,1,1
2022-05-08,Bayern Munich,VfB Stuttgart,2,2
2022-05-08,RB Leipzig,Augsburg,4,0
2022-05-08,Arsenal,Leeds United,2,1
2022-05-08,Leicester City,Everton,1,2
2022-05-08,Norwich City,West Ham United,0,4
2022-05-08,Manchester City,Newcastle United,5,0
2022-05-10,Aston Villa,Liverpool,1,2
2022-05-11,Leeds United,Chelsea,0,3
2022-05-11,Leicester City,Norwich City,3,0
2022-05-11,Watford,Everton,0,0
2022-05-11,Wolverhampton Wanderers,Manchester City,1,5
2022-05-12,Tottenham,Arsenal,3,0
2022-05-14,Arminia Bielefeld,RB Leipzig,1,1
2022-05-14,Augsburg,Greuther Fürth,2,1
2022-05-14,Bayer Leverkusen,SC Freiburg,2,1
2022-05-14,Borussia Dortmund,Hertha Berlin,2,1
2022-05-14,Borussia Mönchengladbach,TSG Hoffenheim,5,1
2022-05-14,1. FSV Mainz 05,Eintracht Frankfurt,2,2
2022-05-14,VfB Stuttgart,1. FC Köln,2,1
2022-05-14,Union Berlin,VfL Bochum,3,2
2022-05-14,Wolfsburg,Bayern Munich,2,2
2022-05-15,Werder Bremen,Jahn Regensburg,2,0
2022-05-15,SV Darmstadt 98,SC Paderborn,3,0
2022-05-15,1. FC Heidenheim,Karlsruher SC,2,0
2022-05-15,FC St. Pauli,Fortuna Düsseldorf,2,0
2022-05-15,1. FC Nürnberg,Schalke 04,1,2
2022-05-15,Hannover 96,FC Ingolstadt 04,3,2
2022-05-15,SV Sandhausen,Holstein Kiel,3,1
2022-05-15,Dynamo Dresden,FC Erzgebirge Aue,0,1
2022-05-15,Hansa Rostock,Hamburger SV,2,3
2022-05-15,Tottenham,Burnley,1,0
2022-05-15,Aston Villa,Crystal Palace,1,1
2022-05-15,Leeds United,Brighton & Hove Albion,1,1
2022-05-15,Watford,Leicester City,1,5
2022-05-15,West Ham United,Manchester City,2,2
2022-05-15,Wolverhampton Wanderers,Norwich City,1,1
2022-05-15,Everton,Brentford,2,3
2022-05-16,Newcastle United,Arsenal,2,0
2022-05-17,Southampton,Liverpool,1,2
2022-05-19,Everton,Crystal Palace,3,2
2022-05-19,Aston Villa,Burnley,1,1
2022-05-19,Chelsea,Leicester City,1,1
2022-05-22,Arsenal,Everton,5,1
2022-05-22,Brentford,Leeds United,1,2
2022-05-22,Brighton & Hove Albion,West Ham United,3,1
2022-05-22,Burnley,Newcastle United,1,2
2022-05-22,Chelsea,Watford,2,1
2022-05-22,Crystal Palace,Manchester United,1,0
2022-05-22,Leicester City,Southampton,4,1
2022-05-22,Liverpool,Wolverhampton Wanderers,3,1
2022-05-22,Manchester City,Aston Villa,3,2
2022-05-22,Norwich City,Tottenham,0,5
2022-05-28,Liverpool,Real Madrid,0,1
2022-07-15,1. FC Kaiserslautern,Hannover 96,2,1
2022-07-16,Greuther Fürth,Holstein Kiel,2,2
2022-07-16,FC St. Pauli,1. FC Nürnberg,3,2
2022-07-16,SV Sandhausen,Arminia Bielefeld,2,1
2022-07-16,Jahn Regensburg,SV Darmstadt 98,2,0
2022-07-16,1. FC Magdeburg,Fortuna Düsseldorf,1,2
2022-07-17,SC Paderborn,Karlsruher SC,5,0
2022-07-17,Hansa Rostock,1. FC Heidenheim,0,1
2022-07-17,Eintracht Braunschweig,Hamburger SV,0,2
2022-07-22,SV Darmstadt 98,SV Sandhausen,2,1
2022-07-22,Fortuna Düsseldorf,SC Paderborn,2,1
2022-07-23,1. FC Heidenheim,Eintracht Braunschweig,3,0
2022-07-23,1. FC Nürnberg,Greuther Fürth,2,0
2022-07-23,Holstein Kiel,1. FC Kaiserslautern,2,2
2022-07-23,Hannover 96,FC St. Pauli,2,2
2022-07-24,Arminia Bielefeld,Jahn Regensburg,0,3
2022-07-24,Hamburger SV,Hansa Rostock,0,1
2022-07-24,Karlsruher SC,1. FC Magdeburg,2,3
2022-08-05,Greuther Fürth,Karlsruher SC,1,1
2022-08-05,SV Sandhausen,Fortuna Düsseldorf,1,0
2022-08-05,Eintracht Frankfurt,Bayern Munich,1,6
2022-08-05,Crystal Palace,Arsenal,0,2
2022-08-06,Hamburger SV,1. FC Heidenheim,1,0
2022-08-06,SC Paderborn,Hannover 96,4,2
2022-08-06,Jahn Regensburg,1. FC Nürnberg,0,0
2022-08-06,Hansa Rostock,Arminia Bielefeld,2,1
2022-08-06,Augsburg,SC Freiburg,0,4
2022-08-06,VfL Bochum,1. FSV Mainz 05,1,2
2022-08-06,Borussia Mönchengladbach,TSG Hoffenheim,3,1
2022-08-06,Union Berlin,Hertha Berlin,3,1
2022-08-06,Wolfsburg,Werder Bremen,2,2
2022-08-06,Borussia Dortmund,Bayer Leverkusen,1,0
2022-08-06,Fulham,Liverpool,2,2
2022-08-06,Bournemouth,Aston Villa,2,0
2022-08-06,Leeds United,Wolverhampton Wanderers,2,1
2022-08-06,Newcastle United,Nottingham Forest,2,0
2022-08-06,Tottenham,Southampton,4,1
2022-08-06,Everton,Chelsea,0,1
2022-08-07,1. FC Magdeburg,Holstein Kiel,1,2
2022-08-07,Eintracht Braunschweig,SV Darmstadt 98,0,1
2022-08-07,1. FC Kaiserslautern,FC St. Pauli,2,1
2022-08-07,VfB Stuttgart,RB Leipzig,1,1
2022-08-07,1. FC Köln,Schalke 04,3,1
2022-08-07,Leicester City,Brentford,2,2
2022-08-07,Manchester United,Brighton & Hove Albion,1,2
2022-08-07,West Ham United,Manchester City,0,2
2022-08-12,1. FC Nürnberg,1. FC Heidenheim,0,3
2022-08-12,1. FC Kaiserslautern,SC Paderborn,0,1
2022-08-12,SC Freiburg,Borussia Dortmund,1,3
2022-08-13,Arminia Bielefeld,Hamburger SV,0,2
2022-08-13,Holstein Kiel,Eintracht Braunschweig,3,0
2022-08-13,Karlsruher SC,SV Sandhausen,3,2
2022-08-13,SV Darmstadt 98,Hansa Rostock,4,0
2022-08-13,Bayer Leverkusen,Augsburg,1,2
2022-08-13,Hertha Berlin,Eintracht Frankfurt,1,1
2022-08-13,TSG Hoffenheim,VfL Bochum,3,2
2022-08-13,RB Leipzig,1. FC Köln,2,2
2022-08-13,Werder Bremen,VfB Stuttgart,2,2
2022-08-13,Schalke 04,Borussia Mönchengladbach,2,2
2022-08-13,Aston Villa,Everton,2,1
2022-08-13,Arsenal,Leicester City,4,2
2022-08-13,Brighton & Hove Albion,Newcastle United,0,0
2022-08-13,Manchester City,Bournemouth,4,0
2022-08-13,Southampton,Leeds United,2,2
2022-08-13,Wolverhampton Wanderers,Fulham,0,0
2022-08-13,Brentford,Manchester United,4,0
2022-08-14,FC St. Pauli,1. FC Magdeburg,3,0
2022-08-14,Fortuna Düsseldorf,Greuther Fürth,2,2
2022-08-14,Hannover 96,Jahn Regensburg,1,0
2022-08-14,1. FSV Mainz 05,Union Berlin,0,0
2022-08-14,Bayern Munich,Wolfsburg,2,0
2022-08-14,Nottingham Forest,West Ham United,1,0
2022-08-14,Chelsea,Tottenham,2,2
2022-08-15,Liverpool,Crystal Palace,1,1
2022-08-19,Hamburger SV,SV Darmstadt 98,1,2
2022-08-19,1. FC Magdeburg,Hannover 96,0,4
2022-08-19,Borussia Mönchengladbach,Hertha Berlin,1,0
2022-08-20,SC Paderborn,Holstein Kiel,7,2
2022-08-20,SV Sandhausen,1. FC Nürnberg,1,2
2022-08-20,Jahn Regensburg,Karlsruher SC,0,6
2022-08-20,Eintracht Braunschweig,Fortuna Düsseldorf,2,2
2022-08-20,Augsburg,1. FSV Mainz 05,1,2
2022-08-20,Bayer Leverkusen,TSG Hoffenheim,0,3
2022-08-20,Borussia Dortmund,Werder Bremen,2,3
2022-08-20,VfB Stuttgart,SC Freiburg,0,1
2022-08-20,Wolfsburg,Schalke 04,0,0
2022-08-20,Union Berlin,RB Leipzig,2,1
2022-08-20,Tottenham,Wolverhampton Wanderers,1,0
2022-08-20,Crystal Palace,Aston Villa,3,1
2022-08-20,Everton,Nottingham Forest,1,1
2022-08-20,Fulham,Brentford,3,2
2022-08-20,Leicester City,Southampton,1,2
2022-08-20,Bournemouth,Arsenal,0,3
2022-08-21,Greuther Fürth,1. FC Kaiserslautern,1,3
2022-08-21,1. FC Heidenheim,Arminia Bielefeld,1,1
2022-08-21,Hansa Rostock,FC St. Pauli,2,0
2022-08-21,Eintracht Frankfurt,1. FC Köln,1,1
2022-08-21,VfL Bochum,Bayern Munich,0,7
2022-08-21,Leeds United,Chelsea,3,0
2022-08-21,West Ham United,Brighton & Hove Albion,0,2
2022-08-21,Newcastle United,Manchester City,3,3
2022-08-22,Manchester United,Liverpool,2,1
2022-08-26,Arminia Bielefeld,Eintracht Braunschweig,4,1
2022-08-26,Fortuna Düsseldorf,Jahn Regensburg,4,0
2022-08-26,SC Freiburg,VfL Bochum,1,0
2022-08-27,SV Darmstadt 98,1. FC Heidenheim,2,2
2022-08-27,FC St. Pauli,SC Paderborn,2,2
2022-08-27,Karlsruher SC,Hansa Rostock,2,0
2022-08-27,1. FC Nürnberg,Hamburger SV,0,2
2022-08-27,Hertha Berlin,Borussia Dortmund,0,1
2022-08-27,TSG Hoffenheim,Augsburg,1,0
2022-08-27,1. FSV Mainz 05,Bayer Leverkusen,0,3
2022-08-27,RB Leipzig,Wolfsburg,2,0
2022-08-27,Schalke 04,Union Berlin,1,6
2022-08-27,Bayern Munich,Borussia Mönchengladbach,1,1
2022-08-27,Southampton,Manchester United,0,1
2022-08-27,Brentford,Everton,1,1
2022-08-27,Brighton & Hove Albion,Leeds United,1,0
2022-08-27,Chelsea,Leicester City,2,1
2022-08-27,Liverpool,Bournemouth,9,0
2022-08-27,Manchester City,Crystal Palace,4,2
2022-08-27,Arsenal,Fulham,2,1
2022-08-28,Holstein Kiel,SV Sandhausen,1,0
2022-08-28,Hannover 96,Greuther Fürth,2,1
2022-08-28,1. FC Kaiserslautern,1. FC Magdeburg,4,4
2022-08-28,1. FC Köln,VfB Stuttgart,0,0
2022-08-28,Werder Bremen,Eintracht Frankfurt,3,4
2022-08-28,Aston Villa,West Ham United,0,1
2022-08-28,Wolverhampton Wanderers,Newcastle United,1,1
2022-08-28,Nottingham Forest,Tottenham,0,2
2022-08-30,Crystal Palace,Brentford,1,1
2022-08-30,Fulham,Brighton & Hove Albion,2,1
2022-08-30,Southampton,Chelsea,2,1
2022-08-30,Leeds United,Everton,1,1
2022-08-31,Arsenal,Aston Villa,2,1
2022-08-31,Bournemouth,Wolverhampton Wanderers,0,0
2022-08-31,Manchester City,Nottingham Forest,6,0
2022-08-31,West Ham United,Tottenham,1,1
2022-08-31,Liverpool,Newcastle United,2,1
2022-09-01,Leicester City,Manchester United,0,1
2022-09-02,1. FC Heidenheim,Fortuna Düsseldorf,2,1
2022-09-02,Eintracht Braunschweig,1. FC Nürnberg,4,2
2022-09-02,Borussia Dortmund,TSG Hoffenheim,1,0
2022-09-03,Greuther Fürth,FC St. Pauli,2,2
2022-09-03,SC Paderborn,1. FC Magdeburg,1,0
2022-09-03,Jahn Regensburg,Holstein Kiel,0,0
2022-09-03,Hamburger SV,Karlsruher SC,1,0
2022-09-03,Bayer Leverkusen,SC Freiburg,2,3
2022-09-03,VfL Bochum,Werder Bremen,0,2
2022-09-03,VfB Stuttgart,Schalke 04,1,1
2022-09-03,Union Berlin,Bayern Munich,1,1
2022-09-03,Wolfsburg,1. FC Köln,2,4
2022-09-03,Eintracht Frankfurt,RB Leipzig,4,0
2022-09-03,Everton,Liverpool,0,0
2022-09-03,Brentford,Leeds United,5,2
2022-09-03,Chelsea,West Ham United,2,1
2022-09-03,Newcastle United,Crystal Palace,0,0
2022-09-03,Nottingham Forest,Bournemouth,2,3
2022-09-03,Tottenham,Fulham,2,1
2022-09-03,Wolverhampton Wanderers,Southampton,1,0
2022-09-03,Aston Villa,Manchester City,1,1
2022-09-04,SV Darmstadt 98,Arminia Bielefeld,1,1
2022-09-04,Hansa Rostock,Hannover 96,0,1
2022-09-04,SV Sandhausen,1. FC Kaiserslautern,0,0
2022-09-04,Augsburg,Hertha Berlin,0,2
2022-09-04,Borussia Mönchengladbach,1. FSV Mainz 05,0,1
2022-09-04,Brighton & Hove Albion,Leicester City,5,2
2022-09-04,Manchester United,Arsenal,3,1
2022-09-06,Dinamo Zagreb,Chelsea,1,0
2022-09-06,RB Salzburg,Milan,1,1
2022-09-06,Celtic,Real Madrid,0,3
2022-09-06,RB Leipzig,Shakhtar Donetsk,1,4
2022-09-06,Borussia Dortmund,Copenhagen,3,0
2022-09-06,Sevilla,Manchester City,0,4
2022-09-06,Paris Saint Germain,Juventus,2,1
2022-09-06,Benfica,Maccabi Haifa,2,0
2022-09-07,Ajax,Rangers FC,4,0
2022-09-07,Napoli,Liverpool,4,1
2022-09-07,Atlético Madrid,Porto,2,1
2022-09-07,Club Brugge,Bayer Leverkusen,1,0
2022-09-07,Inter Milan,Bayern Munich,0,2
2022-09-07,Barcelona,Viktoria Plzen,5,1
2022-09-07,Eintracht Frankfurt,Sporting Lisbon,0,3
2022-09-07,Tottenham,Marseille,2,0
2022-09-09,1. FC Nürnberg,Arminia Bielefeld,1,0
2022-09-09,Holstein Kiel,Hamburger SV,2,3
2022-09-09,Werder Bremen,Augsburg,0,1
2022-09-10,SC Paderborn,Jahn Regensburg,3,0
2022-09-10,Hannover 96,Eintracht Braunschweig,1,1
2022-09-10,Karlsruher SC,1. FC Heidenheim,0,0
2022-09-10,Fortuna Düsseldorf,Hansa Rostock,3,1
2022-09-10,Bayern Munich,VfB Stuttgart,2,2
2022-09-10,Eintracht Frankfurt,Wolfsburg,0,1
2022-09-10,Hertha Berlin,Bayer Leverkusen,2,2
2022-09-10,TSG Hoffenheim,1. FSV Mainz 05,4,1
2022-09-10,RB Leipzig,Borussia Dortmund,3,0
2022-09-10,Schalke 04,VfL Bochum,3,1
2022-09-11,FC St. Pauli,SV Sandhausen,1,1
2022-09-11,1. FC Magdeburg,Greuther Fürth,2,1
2022-09-11,1. FC Kaiserslautern,SV Darmstadt 98,3,3
2022-09-11,1. FC Köln,Union Berlin,0,1
2022-09-11,SC Freiburg,Borussia Mönchengladbach,0,0
2022-09-13,Liverpool,Ajax,2,1
2022-09-13,Bayer Leverkusen,Atlético Madrid,2,0
2022-09-13,Porto,Club Brugge,0,4
2022-09-13,Viktoria Plzen,Inter Milan,0,2
2022-09-13,Bayern Munich,Barcelona,2,0
2022-09-13,Sporting Lisbon,Tottenham,2,0
2022-09-13,Marseille,Eintracht Frankfurt,0,1
2022-09-14,Rangers FC,Napoli,0,3
2022-09-14,Milan,Dinamo Zagreb,3,1
2022-09-14,Chelsea,RB Salzburg,1,1
2022-09-14,Shakhtar Donetsk,Celtic,1,1
2022-09-14,Real Madrid,RB Leipzig,2,0
2022-09-14,Manchester City,Borussia Dortmund,2,1
2022-09-14,Copenhagen,Sevilla,0,0
2022-09-14,Juventus,Benfica,1,2
2022-09-14,Maccabi Haifa,Paris Saint Germain,1,3
2022-09-16,SV Sandhausen,Hannover 96,2,3
2022-09-16,Eintracht Braunschweig,Karlsruher SC,2,1
2022-09-16,1. FSV Mainz 05,Hertha Berlin,1,1
2022-09-16,Aston Villa,Southampton,1,0
2022-09-16,Nottingham Forest,Fulham,2,3
2022-09-17,Arminia Bielefeld,Holstein Kiel,4,2
2022-09-17,SV Darmstadt 98,1. FC Nürnberg,2,0
2022-09-17,Hansa Rostock,1. FC Magdeburg,3,1
2022-09-17,Hamburger SV,Fortuna Düsseldorf,2,0
2022-09-17,Augsburg,Bayern Munich,1,0
2022-09-17,Bayer Leverkusen,Werder Bremen,1,1
2022-09-17,Borussia Dortmund,Schalke 04,1,0
2022-09-17,VfB Stuttgart,Eintracht Frankfurt,1,3
2022-09-17,Borussia Mönchengladbach,RB Leipzig,3,0
2022-09-17,Wolverhampton Wanderers,Manchester City,0,3
2022-09-17,Newcastle United,Bournemouth,1,1
2022-09-17,Tottenham,Leicester City,6,2
2022-09-18,Greuther Fürth,SC Paderborn,2,1
2022-09-18,1. FC Heidenheim,1. FC Kaiserslautern,2,2
2022-09-18,Jahn Regensburg,FC St. Pauli,2,0
2022-09-18,Union Berlin,Wolfsburg,2,0
2022-09-18,VfL Bochum,1. FC Köln,1,1
2022-09-18,TSG Hoffenheim,SC Freiburg,0,0
2022-09-18,Brentford,Arsenal,0,3
2022-09-18,Everton,West Ham United,1,0
2022-09-30,SC Paderborn,SV Darmstadt 98,1,2
2022-09-30,Hannover 96,Hamburger SV,1,2
2022-09-30,Bayern Munich,Bayer Leverkusen,4,0
2022-10-01,Greuther Fürth,SV Sandhausen,1,1
2022-10-01,Holstein Kiel,Hansa Rostock,1,1
2022-10-01,Fortuna Düsseldorf,Arminia Bielefeld,4,1
2022-10-01,FC St. Pauli,1. FC Heidenheim,0,0
2022-10-01,Eintracht Frankfurt,Union Berlin,2,0
2022-10-01,SC Freiburg,1. FSV Mainz 05,2,1
2022-10-01,1. FC Köln,Borussia Dortmund,3,2
2022-10-01,RB Leipzig,VfL Bochum,4,0
2022-10-01,Wolfsburg,VfB Stuttgart,3,2
2022-10-01,Werder Bremen,Borussia Mönchengladbach,5,1
2022-10-01,Arsenal,Tottenham,3,1
2022-10-01,Bournemouth,Brentford,0,0
2022-10-01,Crystal Palace,Chelsea,1,2
2022-10-01,Fulham,Newcastle United,1,4
2022-10-01,Liverpool,Brighton & Hove Albion,3,3
2022-10-01,Southampton,Everton,1,2
2022-10-01,West Ham United,Wolverhampton Wanderers,2,0
2022-10-02,Karlsruher SC,1. FC Nürnberg,3,0
2022-10-02,1. FC Magdeburg,Jahn Regensburg,1,0
2022-10-02,1. FC Kaiserslautern,Eintracht Braunschweig,1,1
2022-10-02,Hertha Berlin,TSG Hoffenheim,1,1
2022-10-02,Schalke 04,Augsburg,2,3
2022-10-02,Manchester City,Manchester United,6,3
2022-10-02,Leeds United,Aston Villa,0,0
2022-10-03,Leicester City,Nottingham Forest,4,0
2022-10-04,Ajax,Napoli,1,6
2022-10-04,Liverpool,Rangers FC,2,0
2022-10-04,Club Brugge,Atlético Madrid,2,0
2022-10-04,Porto,Bayer Leverkusen,2,0
2022-10-04,Bayern Munich,Viktoria Plzen,5,0
2022-10-04,Inter Milan,Barcelona,1,0
2022-10-04,Marseille,Sporting Lisbon,4,1
2022-10-04,Eintracht Frankfurt,Tottenham,0,0
2022-10-05,RB Salzburg,Dinamo Zagreb,1,0
2022-10-05,Chelsea,Milan,3,0
2022-10-05,RB Leipzig,Celtic,3,1
2022-10-05,Real Madrid,Shakhtar Donetsk,2,1
2022-10-05,Sevilla,Borussia Dortmund,1,4
2022-10-05,Manchester City,Copenhagen,5,0
2022-10-05,Juventus,Maccabi Haifa,3,1
2022-10-05,Benfica,Paris Saint Germain,1,1
2022-10-07,Arminia Bielefeld,Karlsruher SC,1,2
2022-10-07,Jahn Regensburg,Greuther Fürth,2,2
2022-10-07,TSG Hoffenheim,Werder Bremen,1,2
2022-10-08,SV Darmstadt 98,Fortuna Düsseldorf,1,0
2022-10-08,Hansa Rostock,SC Paderborn,0,3
2022-10-08,Eintracht Braunschweig,FC St. Pauli,2,1
2022-10-08,Hamburger SV,1. FC Kaiserslautern,1,1
2022-10-08,Augsburg,Wolfsburg,1,1
2022-10-08,Bayer Leverkusen,Schalke 04,4,0
2022-10-08,VfL Bochum,Eintracht Frankfurt,3,0
2022-10-08,1. FSV Mainz 05,RB Leipzig,1,1
2022-10-08,Borussia Dortmund,Bayern Munich,2,2
2022-10-08,Bournemouth,Leicester City,2,1
2022-10-08,Chelsea,Wolverhampton Wanderers,3,0
2022-10-08,Manchester City,Southampton,4,0
2022-10-08,Newcastle United,Brentford,5,1
2022-10-08,Brighton & Hove Albion,Tottenham,0,1
2022-10-09,1. FC Heidenheim,Hannover 96,2,1
2022-10-09,1. FC Nürnberg,Holstein Kiel,2,3
2022-10-09,SV Sandhausen,1. FC Magdeburg,1,0
2022-10-09,Borussia Mönchengladbach,1. FC Köln,5,2
2022-10-09,Hertha Berlin,SC Freiburg,2,2
2022-10-09,VfB Stuttgart,Union Berlin,0,1
2022-10-09,Crystal Palace,Leeds United,2,1
2022-10-09,West Ham United,Fulham,3,1
2022-10-09,Arsenal,Liverpool,3,2
2022-10-09,Everton,Manchester United,1,2
2022-10-10,Nottingham Forest,Aston Villa,1,1
2022-10-11,Milan,Chelsea,0,2
2022-10-11,Dinamo Zagreb,RB Salzburg,1,1
2022-10-11,Celtic,RB Leipzig,0,2
2022-10-11,Shakhtar Donetsk,Real Madrid,1,1
2022-10-11,Copenhagen,Manchester City,0,0
2022-10-11,Borussia Dortmund,Sevilla,1,1
2022-10-11,Maccabi Haifa,Juventus,2,0
2022-10-11,Paris Saint Germain,Benfica,1,1
2022-10-12,Napoli,Ajax,4,2
2022-10-12,Rangers FC,Liverpool,1,7
2022-10-12,Atlético Madrid,Club Brugge,0,0
2022-10-12,Bayer Leverkusen,Porto,0,3
2022-10-12,Viktoria Plzen,Bayern Munich,2,4
2022-10-12,Barcelona,Inter Milan,3,3
2022-10-12,Tottenham,Eintracht Frankfurt,3,2
2022-10-12,Sporting Lisbon,Marseille,0,2
2022-10-14,Greuther Fürth,Hansa Rostock,2,2
2022-10-14,FC St. Pauli,Hamburger SV,3,0
2022-10-14,Schalke 04,TSG Hoffenheim,0,3
2022-10-14,Brentford,Brighton & Hove Albion,2,0
2022-10-15,Fortuna Düsseldorf,1. FC Nürnberg,0,1
2022-10-15,Karlsruher SC,SV Darmstadt 98,1,2
2022-10-15,1. FC Magdeburg,Eintracht Braunschweig,0,2
2022-10-15,Hannover 96,Arminia Bielefeld,2,0
2022-10-15,Eintracht Frankfurt,Bayer Leverkusen,5,1
2022-10-15,VfB Stuttgart,VfL Bochum,4,1
2022-10-15,Werder Bremen,1. FSV Mainz 05,0,2
2022-10-15,Wolfsburg,Borussia Mönchengladbach,2,2
2022-10-15,RB Leipzig,Hertha Berlin,3,2
2022-10-15,Leicester City,Crystal Palace,0,0
2022-10-15,Fulham,Bournemouth,2,2
2022-10-15,Wolverhampton Wanderers,Nottingham Forest,1,0
2022-10-15,Tottenham,Everton,2,0
2022-10-16,SC Paderborn,SV Sandhausen,3,0
2022-10-16,Holstein Kiel,1. FC Heidenheim,3,1
2022-10-16,1. FC Kaiserslautern,Jahn Regensburg,0,3
2022-10-16,1. FC Köln,Augsburg,3,2
2022-10-16,Union Berlin,Borussia Dortmund,2,0
2022-10-16,Bayern Munich,SC Freiburg,5,0
2022-10-16,Aston Villa,Chelsea,0,2
2022-10-16,Leeds United,Arsenal,0,1
2022-10-16,Manchester United,Newcastle United,0,0
2022-10-16,Southampton,West Ham United,1,1
2022-10-16,Liverpool,Manchester City,1,0
2022-10-18,Brighton & Hove Albion,Nottingham Forest,0,0
2022-10-18,Crystal Palace,Wolverhampton Wanderers,2,1
2022-10-19,Bournemouth,Southampton,0,1
2022-10-19,Brentford,Chelsea,0,0
2022-10-19,Liverpool,West Ham United,1,0
2022-10-19,Newcastle United,Everton,1,0
2022-10-19,Manchester United,Tottenham,2,0
2022-10-20,Fulham,Aston Villa,3,0
2022-10-20,Leicester City,Leeds United,2,0
2022-10-21,SV Darmstadt 98,Holstein Kiel,1,1
2022-10-21,Hansa Rostock,1. FC Kaiserslautern,0,2
2022-10-21,1. FSV Mainz 05,1. FC Köln,5,0
2022-10-22,1. FC Nürnberg,Hannover 96,0,0
2022-10-22,Jahn Regensburg,SV Sandhausen,2,1
2022-10-22,Eintracht Braunschweig,SC Paderborn,0,0
2022-10-22,Arminia Bielefeld,FC St. Pauli,2,0
2022-10-22,Augsburg,RB Leipzig,3,3
2022-10-22,Bayer Leverkusen,Wolfsburg,2,2
2022-10-22,Borussia Dortmund,VfB Stuttgart,5,0
2022-10-22,SC Freiburg,Werder Bremen,2,0
2022-10-22,TSG Hoffenheim,Bayern Munich,0,2
2022-10-22,Borussia Mönchengladbach,Eintracht Frankfurt,1,3
2022-10-22,Nottingham Forest,Liverpool,1,0
2022-10-22,Everton,Crystal Palace,3,0
2022-10-22,Manchester City,Brighton & Hove Albion,3,1
2022-10-22,Chelsea,Manchester United,1,1
2022-10-23,Hamburger SV,1. FC Magdeburg,2,3
2022-10-23,1. FC Heidenheim,Greuther Fürth,3,1
2022-10-23,Karlsruher SC,Fortuna Düsseldorf,0,2
2022-10-23,VfL Bochum,Union Berlin,2,1
2022-10-23,Hertha Berlin,Schalke 04,2,1
2022-10-23,Aston Villa,Brentford,4,0
2022-10-23,Leeds United,Fulham,2,3
2022-10-23,Southampton,Arsenal,1,1
2022-10-23,Wolverhampton Wanderers,Leicester City,0,4
2022-10-23,Tottenham,Newcastle United,1,2
2022-10-24,West Ham United,Bournemouth,2,0
2022-10-25,RB Salzburg,Chelsea,1,2
2022-10-25,Dinamo Zagreb,Milan,0,4
2022-10-25,Celtic,Shakhtar Donetsk,1,1
2022-10-25,RB Leipzig,Real Madrid,3,2
2022-10-25,Sevilla,Copenhagen,3,0
2022-10-25,Borussia Dortmund,Manchester City,0,0
2022-10-25,Benfica,Juventus,4,3
2022-10-25,Paris Saint Germain,Maccabi Haifa,7,2
2022-10-26,Ajax,Liverpool,0,3
2022-10-26,Napoli,Rangers FC,3,0
2022-10-26,Club Brugge,Porto,0,4
2022-10-26,Atlético Madrid,Bayer Leverkusen,2,2
2022-10-26,Inter Milan,Viktoria Plzen,4,0
2022-10-26,Barcelona,Bayern Munich,0,3
2022-10-26,Eintracht Frankfurt,Marseille,2,1
2022-10-26,Tottenham,Sporting Lisbon,1,1
2022-10-28,Greuther Fürth,Arminia Bielefeld,1,0
2022-10-28,1. FC Magdeburg,1. FC Heidenheim,1,1
2022-10-28,Werder Bremen,Hertha Berlin,1,0
2022-10-29,Holstein Kiel,Fortuna Düsseldorf,1,2
2022-10-29,Jahn Regensburg,Hansa Rostock,0,3
2022-10-29,1. FC Kaiserslautern,1. FC Nürnberg,0,0
2022-10-29,FC St. Pauli,SV Darmstadt 98,1,1
2022-10-29,Bayern Munich,1. FSV Mainz 05,6,2
2022-10-29,RB Leipzig,Bayer Leverkusen,2,0
2022-10-29,VfB Stuttgart,Augsburg,2,1
2022-10-29,Wolfsburg,VfL Bochum,4,0
2022-10-29,Eintracht Frankfurt,Borussia Dortmund,1,2
2022-10-29,Leicester City,Manchester City,0,1
2022-10-29,Bournemouth,Tottenham,2,3
2022-10-29,Brentford,Wolverhampton Wanderers,1,1
2022-10-29,Brighton & Hove Albion,Chelsea,4,1
2022-10-29,Crystal Palace,Southampton,1,0
2022-10-29,Newcastle United,Aston Villa,4,0
2022-10-29,Fulham,Everton,0,0
2022-10-29,Liverpool,Leeds United,1,2
2022-10-30,SC Paderborn,Hamburger SV,2,3
2022-10-30,Hannover 96,Karlsruher SC,1,0
2022-10-30,SV Sandhausen,Eintracht Braunschweig,2,2
2022-10-30,Union Berlin,Borussia Mönchengladbach,2,1
2022-10-30,Schalke 04,SC Freiburg,0,2
2022-10-30,1. FC Köln,TSG Hoffenheim,1,1
2022-10-30,Arsenal,Nottingham Forest,5,0
2022-10-30,Manchester United,West Ham United,1,0
2022-11-01,Rangers FC,Ajax,1,3
2022-11-01,Liverpool,Napoli,2,0
2022-11-01,Porto,Atlético Madrid,2,1
2022-11-01,Bayer Leverkusen,Club Brugge,0,0
2022-11-01,Bayern Munich,Inter Milan,2,0
2022-11-01,Viktoria Plzen,Barcelona,2,4
2022-11-01,Sporting Lisbon,Eintracht Frankfurt,1,2
2022-11-01,Marseille,Tottenham,1,2
2022-11-02,Milan,RB Salzburg,4,0
2022-11-02,Chelsea,Dinamo Zagreb,2,1
2022-11-02,Real Madrid,Celtic,5,1
2022-11-02,Shakhtar Donetsk,RB Leipzig,0,4
2022-11-02,Copenhagen,Borussia Dortmund,1,1
2022-11-02,Manchester City,Sevilla,3,1
2022-11-02,Juventus,Paris Saint Germain,1,2
2022-11-02,Maccabi Haifa,Benfica,1,6
2022-11-04,SV Darmstadt 98,Hannover 96,1,0
2022-11-04,Hansa Rostock,SV Sandhausen,0,1
2022-11-04,Borussia Mönchengladbach,VfB Stuttgart,3,1
2022-11-05,1. FC Heidenheim,SC Paderborn,3,0
2022-11-05,Fortuna Düsseldorf,FC St. Pauli,1,0
2022-11-05,Karlsruher SC,Holstein Kiel,1,4
2022-11-05,Arminia Bielefeld,1. FC Kaiserslautern,2,3
2022-11-05,Augsburg,Eintracht Frankfurt,1,2
2022-11-05,Borussia Dortmund,VfL Bochum,3,0
2022-11-05,Hertha Berlin,Bayern Munich,2,3
2022-11-05,TSG Hoffenheim,RB Leipzig,1,3
2022-11-05,1. FSV Mainz 05,Wolfsburg,0,3
2022-11-05,Werder Bremen,Schalke 04,2,1
2022-11-05,Leeds United,Bournemouth,4,3
2022-11-05,Manchester City,Fulham,2,1
2022-11-05,Nottingham Forest,Brentford,2,2
2022-11-05,Wolverhampton Wanderers,Brighton & Hove Albion,2,3
2022-11-05,Everton,Leicester City,0,2
2022-11-06,Hamburger SV,Jahn Regensburg,3,1
2022-11-06,1. FC Nürnberg,1. FC Magdeburg,1,2
2022-11-06,Eintracht Braunschweig,Greuther Fürth,0,1
2022-11-06,Bayer Leverkusen,Union Berlin,5,0
2022-11-06,SC Freiburg,1. FC Köln,2,0
2022-11-06,Chelsea,Arsenal,0,1
2022-11-06,Aston Villa,Manchester United,3,1
2022-11-06,Southampton,Newcastle United,1,4
2022-11-06,West Ham United,Crystal Palace,1,2
2022-11-06,Tottenham,Liverpool,1,2
2022-11-08,FC St. Pauli,Holstein Kiel,0,0
2022-11-08,SC Paderborn,Arminia Bielefeld,0,2
2022-11-08,Hannover 96,Fortuna Düsseldorf,2,0
2022-11-08,1. FC Kaiserslautern,Karlsruher SC,2,0
2022-11-08,Wolfsburg,Borussia Dortmund,2,0
2022-11-08,Bayern Munich,Werder Bremen,6,1
2022-11-08,VfL Bochum,Borussia Mönchengladbach,2,1
2022-11-08,VfB Stuttgart,Hertha Berlin,2,1
2022-11-09,Greuther Fürth,Hamburger SV,1,0
2022-11-09,Hansa Rostock,1. FC Nürnberg,1,1
2022-11-09,SV Sandhausen,1. FC Heidenheim,3,4
2022-11-09,Jahn Regensburg,Eintracht Braunschweig,1,1
2022-11-09,1. FC Köln,Bayer Leverkusen,1,2
2022-11-09,Eintracht Frankfurt,TSG Hoffenheim,4,2
2022-11-09,RB Leipzig,SC Freiburg,3,1
2022-11-09,Schalke 04,1. FSV Mainz 05,1,0
2022-11-09,Union Berlin,Augsburg,2,2
2022-11-10,1. FC Magdeburg,SV Darmstadt 98,0,1
2022-11-11,Holstein Kiel,Hannover 96,1,1
2022-11-11,Fortuna Düsseldorf,1. FC Kaiserslautern,1,2
2022-11-11,Borussia Mönchengladbach,Borussia Dortmund,4,2
2022-11-12,Hamburger SV,SV Sandhausen,4,2
2022-11-12,1. FC Heidenheim,Jahn Regensburg,5,4
2022-11-12,Karlsruher SC,FC St. Pauli,4,4
2022-11-12,Eintracht Braunschweig,Hansa Rostock,0,1
2022-11-12,Augsburg,VfL Bochum,0,1
2022-11-12,Bayer Leverkusen,VfB Stuttgart,2,0
2022-11-12,Hertha Berlin,1. FC Köln,2,0
2022-11-12,TSG Hoffenheim,Wolfsburg,1,2
2022-11-12,Werder Bremen,RB Leipzig,1,2
2022-11-12,Schalke 04,Bayern Munich,0,2
2022-11-12,Manchester City,Brentford,1,2
2022-11-12,Bournemouth,Everton,3,0
2022-11-12,Liverpool,Southampton,3,1
2022-11-12,Nottingham Forest,Crystal Palace,1,0
2022-11-12,Tottenham,Leeds United,4,3
2022-11-12,West Ham United,Leicester City,0,2
2022-11-12,Newcastle United,Chelsea,1,0
2022-11-12,Wolverhampton Wanderers,Arsenal,0,2
2022-11-13,Arminia Bielefeld,1. FC Magdeburg,3,1
2022-11-13,SV Darmstadt 98,Greuther Fürth,1,1
2022-11-13,1. FC Nürnberg,SC Paderborn,2,1
2022-11-13,1. FSV Mainz 05,Eintracht Frankfurt,1,1
2022-11-13,SC Freiburg,Union Berlin,4,1
2022-11-13,Brighton & Hove Albion,Aston Villa,1,2
2022-11-13,Fulham,Manchester United,1,2
2022-12-26,Brentford,Tottenham,2,2
2022-12-26,Crystal Palace,Fulham,0,3
2022-12-26,Everton,Wolverhampton Wanderers,1,2
2022-12-26,Leicester City,Newcastle United,0,3
2022-12-26,Southampton,Brighton & Hove Albion,1,3
2022-12-26,Aston Villa,Liverpool,1,3
2022-12-26,Arsenal,West Ham United,3,1
2022-12-27,Chelsea,Bournemouth,2,0
2022-12-27,Manchester United,Nottingham Forest,3,0
2022-12-28,Leeds United,Manchester City,1,3
2022-12-30,West Ham United,Brentford,0,2
2022-12-30,Liverpool,Leicester City,2,1
2022-12-31,Wolverhampton Wanderers,Manchester United,0,1
2022-12-31,Bournemouth,Crystal Palace,0,2
2022-12-31,Fulham,Southampton,2,1
2022-12-31,Manchester City,Everton,1,1
2022-12-31,Newcastle United,Leeds United,0,0
2022-12-31,Brighton & Hove Albion,Arsenal,2,4
2023-01-01,Tottenham,Aston Villa,0,2
2023-01-01,Nottingham Forest,Chelsea,1,1
2023-01-02,Brentford,Liverpool,3,1
2023-01-03,Arsenal,Newcastle United,0,0
2023-01-03,Everton,Brighton & Hove Albion,1,4
2023-01-03,Leicester City,Fulham,0,1
2023-01-03,Manchester United,Bournemouth,3,0
2023-01-04,Southampton,Nottingham Forest,0,1
2023-01-04,Leeds United,West Ham United,2,2
2023-01-04,Aston Villa,Wolverhampton Wanderers,1,1
2023-01-04,Crystal Palace,Tottenham,0,4
2023-01-05,Chelsea,Manchester City,0,1
2023-01-12,Fulham,Chelsea,2,1
2023-01-13,Aston Villa,Leeds United,2,1
2023-01-14,Manchester United,Manchester City,2,1
2023-01-14,Brighton & Hove Albion,Liverpool,3,0
2023-01-14,Everton,Southampton,1,2
2023-01-14,Nottingham Forest,Leicester City,2,0
2023-01-14,Wolverhampton Wanderers,West Ham United,1,0
2023-01-14,Brentford,Bournemouth,2,0
2023-01-15,Chelsea,Crystal Palace,1,0
2023-01-15,Newcastle United,Fulham,1,0
2023-01-15,Tottenham,Arsenal,0,2
2023-01-18,Crystal Palace,Manchester United,1,1
2023-01-19,Manchester City,Tottenham,4,2
2023-01-20,RB Leipzig,Bayern Munich,1,1
2023-01-21,VfL Bochum,Hertha Berlin,3,1
2023-01-21,Eintracht Frankfurt,Schalke 04,3,0
2023-01-21,VfB Stuttgart,1. FSV Mainz 05,1,1
2023-01-21,Union Berlin,TSG Hoffenheim,3,1
2023-01-21,Wolfsburg,SC Freiburg,6,0
2023-01-21,1. FC Köln,Werder Bremen,7,1
2023-01-21,Liverpool,Chelsea,0,0
2023-01-21,Bournemouth,Nottingham Forest,1,1
2023-01-21,Leicester City,Brighton & Hove Albion,2,2
2023-01-21,Southampton,Aston Villa,0,1
2023-01-21,West Ham United,Everton,2,0
2023-01-21,Crystal Palace,Newcastle United,0,0
2023-01-22,Borussia Dortmund,Augsburg,4,3
2023-01-22,Borussia Mönchengladbach,Bayer Leverkusen,2,3
2023-01-22,Leeds United,Brentford,0,0
2023-01-22,Manchester City,Wolverhampton Wanderers,3,0
2023-01-22,Arsenal,Manchester United,3,2
2023-01-23,Fulham,Tottenham,0,1
2023-01-24,Schalke 04,RB Leipzig,1,6
2023-01-24,Bayern Munich,1. FC Köln,1,1
2023-01-24,Hertha Berlin,Wolfsburg,0,5
2023-01-24,TSG Hoffenheim,VfB Stuttgart,2,2
2023-01-25,1. FSV Mainz 05,Borussia Dortmund,1,2
2023-01-25,Augsburg,Borussia Mönchengladbach,1,0
2023-01-25,Bayer Leverkusen,VfL Bochum,2,0
2023-01-25,SC Freiburg,Eintracht Frankfurt,1,1
2023-01-25,Werder Bremen,Union Berlin,1,2
2023-01-27,Fortuna Düsseldorf,1. FC Magdeburg,3,2
2023-01-27,Karlsruher SC,SC Paderborn,0,1
2023-01-27,RB Leipzig,VfB Stuttgart,2,1
2023-01-28,SV Darmstadt 98,Jahn Regensburg,2,0
2023-01-28,1. FC Heidenheim,Hansa Rostock,2,0
2023-01-28,Holstein Kiel,Greuther Fürth,2,1
2023-01-28,Hannover 96,1. FC Kaiserslautern,1,3
2023-01-28,SC Freiburg,Augsburg,3,1
2023-01-28,Hertha Berlin,Union Berlin,0,2
2023-01-28,TSG Hoffenheim,Borussia Mönchengladbach,1,4
2023-01-28,1. FSV Mainz 05,VfL Bochum,5,2
2023-01-28,Werder Bremen,Wolfsburg,2,1
2023-01-28,Bayern Munich,Eintracht Frankfurt,1,1
2023-01-29,Arminia Bielefeld,SV Sandhausen,1,2
2023-01-29,Hamburger SV,Eintracht Braunschweig,4,2
2023-01-29,1. FC Nürnberg,FC St. Pauli,0,1
2023-01-29,Schalke 04,1. FC Köln,0,0
2023-01-29,Bayer Leverkusen,Borussia Dortmund,0,2
2023-02-03,SC Paderborn,Fortuna Düsseldorf,4,1
2023-02-03,SV Sandhausen,SV Darmstadt 98,0,4
2023-02-03,Augsburg,Bayer Leverkusen,1,0
2023-02-03,Chelsea,Fulham,0,0
2023-02-04,Jahn Regensburg,Arminia Bielefeld,1,3
2023-02-04,Eintracht Braunschweig,1. FC Heidenheim,2,0
2023-02-04,1. FC Kaiserslautern,Holstein Kiel,2,1
2023-02-04,Greuther Fürth,1. FC Nürnberg,1,0
2023-02-04,VfL Bochum,TSG Hoffenheim,5,2
2023-02-04,Borussia Dortmund,SC Freiburg,5,1
2023-02-04,Eintracht Frankfurt,Hertha Berlin,3,0
2023-02-04,1. FC Köln,RB Leipzig,0,0
2023-02-04,Union Berlin,1. FSV Mainz 05,2,1
2023-02-04,Borussia Mönchengladbach,Schalke 04,0,0
2023-02-04,Everton,Arsenal,1,0
2023-02-04,Aston Villa,Leicester City,2,4
2023-02-04,Brentford,Southampton,3,0
2023-02-04,Brighton & Hove Albion,Bournemouth,1,0
2023-02-04,Manchester United,Crystal Palace,2,1
2023-02-04,Wolverhampton Wanderers,Liverpool,3,0
2023-02-04,Newcastle United,West Ham United,1,1
2023-02-05,FC St. Pauli,Hannover 96,2,0
2023-02-05,Hansa Rostock,Hamburger SV,0,2
2023-02-05,1. FC Magdeburg,Karlsruher SC,1,1
2023-02-05,VfB Stuttgart,Werder Bremen,0,2
2023-02-05,Wolfsburg,Bayern Munich,2,4
2023-02-05,Nottingham Forest,Leeds United,1,0
2023-02-05,Tottenham,Manchester City,1,0
2023-02-08,Manchester United,Leeds United,2,2
2023-02-10,Arminia Bielefeld,Hansa Rostock,0,1
2023-02-10,Karlsruher SC,Greuther Fürth,2,1
2023-02-10,Schalke 04,Wolfsburg,0,0
2023-02-11,1. FC Nürnberg,Jahn Regensburg,1,0
2023-02-11,Holstein Kiel,1. FC Magdeburg,2,3
2023-02-11,Hannover 96,SC Paderborn,3,4
2023-02-11,1. FC Heidenheim,Hamburger SV,3,3
2023-02-11,Bayern Munich,VfL Bochum,3,0
2023-02-11,SC Freiburg,VfB Stuttgart,2,1
2023-02-11,TSG Hoffenheim,Bayer Leverkusen,1,3
2023-02-11,1. FSV Mainz 05,Augsburg,3,1
2023-02-11,Werder Bremen,Borussia Dortmund,0,2
2023-02-11,RB Leipzig,Union Berlin,1,2
2023-02-11,West Ham United,Chelsea,1,1
2023-02-11,Arsenal,Brentford,1,1
2023-02-11,Crystal Palace,Brighton & Hove Albion,1,1
2023-02-11,Fulham,Nottingham Forest,2,0
2023-02-11,Leicester City,Tottenham,4,1
2023-02-11,Southampton,Wolverhampton Wanderers,1,2
2023-02-11,Bournemouth,Newcastle United,1,1
2023-02-12,SV Darmstadt 98,Eintracht Braunschweig,2,1
2023-02-12,FC St. Pauli,1. FC Kaiserslautern,1,0
2023-02-12,Fortuna Düsseldorf,SV Sandhausen,2,0
2023-02-12,Hertha Berlin,Borussia Mönchengladbach,4,1
2023-02-12,1. FC Köln,Eintracht Frankfurt,3,0
2023-02-12,Leeds United,Manchester United,0,2
2023-02-12,Manchester City,Aston Villa,3,1
2023-02-13,Liverpool,Everton,2,0
2023-02-14,Milan,Tottenham,1,0
2023-02-14,Paris Saint Germain,Bayern Munich,0,1
2023-02-15,Club Brugge,Benfica,0,2
2023-02-15,Borussia Dortmund,Chelsea,1,0
2023-02-15,Arsenal,Manchester City,1,3
2023-02-17,SC Paderborn,1. FC Kaiserslautern,1,0
2023-02-17,Eintracht Braunschweig,Holstein Kiel,2,3
2023-02-17,Augsburg,TSG Hoffenheim,1,0
2023-02-18,Greuther Fürth,Fortuna Düsseldorf,2,1
2023-02-18,Jahn Regensburg,Hannover 96,1,1
2023-02-18,1. FC Magdeburg,FC St. Pauli,1,2
2023-02-18,Hansa Rostock,SV Darmstadt 98,0,1
2023-02-18,VfL Bochum,SC Freiburg,0,2
2023-02-18,Borussia Mönchengladbach,Bayern Munich,3,2
2023-02-18,VfB Stuttgart,1. FC Köln,3,0
2023-02-18,Wolfsburg,RB Leipzig,0,3
2023-02-18,Eintracht Frankfurt,Werder Bremen,2,0
2023-02-18,Aston Villa,Arsenal,2,4
2023-02-18,Brentford,Crystal Palace,1,1
2023-02-18,Brighton & Hove Albion,Fulham,0,1
2023-02-18,Chelsea,Southampton,0,1
2023-02-18,Everton,Leeds United,1,0
2023-02-18,Nottingham Forest,Manchester City,1,1
2023-02-18,Wolverhampton Wanderers,Bournemouth,0,1
2023-02-18,Newcastle United,Liverpool,0,2
2023-02-19,Hamburger SV,Arminia Bielefeld,2,1
2023-02-19,1. FC Heidenheim,1. FC Nürnberg,5,0
2023-02-19,SV Sandhausen,Karlsruher SC,0,3
2023-02-19,Union Berlin,Schalke 04,0,0
2023-02-19,Borussia Dortmund,Hertha Berlin,4,1
2023-02-19,Bayer Leverkusen,1. FSV Mainz 05,2,3
2023-02-19,Manchester United,Leicester City,3,0
2023-02-19,Tottenham,West Ham United,2,0
2023-02-21,Liverpool,Real Madrid,2,5
2023-02-21,Eintracht Frankfurt,Napoli,0,2
2023-02-22,RB Leipzig,Manchester City,1,1
2023-02-22,Inter Milan,Porto,1,0
2023-02-24,Fortuna Düsseldorf,Eintracht Braunschweig,3,1
2023-02-24,Karlsruher SC,Jahn Regensburg,1,0
2023-02-24,1. FSV Mainz 05,Borussia Mönchengladbach,4,0
2023-02-24,Fulham,Wolverhampton Wanderers,1,1
2023-02-25,1. FC Nürnberg,SV Sandhausen,1,0
2023-02-25,Holstein Kiel,SC Paderborn,1,1
2023-02-25,1. FC Kaiserslautern,Greuther Fürth,3,1
2023-02-25,SV Darmstadt 98,Hamburger SV,1,1
2023-02-25,Hertha Berlin,Augsburg,2,0
2023-02-25,TSG Hoffenheim,Borussia Dortmund,0,1
2023-02-25,1. FC Köln,Wolfsburg,0,2
2023-02-25,RB Leipzig,Eintracht Frankfurt,2,1
2023-02-25,Werder Bremen,VfL Bochum,3,0
2023-02-25,Schalke 04,VfB Stuttgart,2,1
2023-02-25,Everton,Aston Villa,0,2
2023-02-25,Leeds United,Southampton,1,0
2023-02-25,Leicester City,Arsenal,0,1
2023-02-25,West Ham United,Nottingham Forest,4,0
2023-02-25,Bournemouth,Manchester City,1,4
2023-02-25,Crystal Palace,Liverpool,0,0
2023-02-26,Arminia Bielefeld,1. FC Heidenheim,0,1
2023-02-26,FC St. Pauli,Hansa Rostock,1,0
2023-02-26,Hannover 96,1. FC Magdeburg,1,2
2023-02-26,SC Freiburg,Bayer Leverkusen,1,1
2023-02-26,Bayern Munich,Union Berlin,3,0
2023-02-26,Tottenham,Chelsea,2,0
2023-03-01,Arsenal,Everton,4,0
2023-03-01,Liverpool,Wolverhampton Wanderers,2,0
2023-03-03,SC Paderborn,FC St. Pauli,1,2
2023-03-03,1. FC Magdeburg,1. FC Kaiserslautern,2,0
2023-03-03,Borussia Dortmund,RB Leipzig,2,1
2023-03-04,Hamburger SV,1. FC Nürnberg,3,0
2023-03-04,SV Sandhausen,Holstein Kiel,1,1
2023-03-04,Jahn Regensburg,Fortuna Düsseldorf,0,1
2023-03-04,1. FC Heidenheim,SV Darmstadt 98,1,0
2023-03-04,Augsburg,Werder Bremen,2,1
2023-03-04,VfL Bochum,Schalke 04,0,2
2023-03-04,Borussia Mönchengladbach,SC Freiburg,0,0
2023-03-04,1. FSV Mainz 05,TSG Hoffenheim,1,0
2023-03-04,Union Berlin,1. FC Köln,0,0
2023-03-04,VfB Stuttgart,Bayern Munich,1,2
2023-03-04,Manchester City,Newcastle United,2,0
2023-03-04,Arsenal,Bournemouth,3,2
2023-03-04,Aston Villa,Crystal Palace,1,0
2023-03-04,Brighton & Hove Albion,West Ham United,4,0
2023-03-04,Chelsea,Leeds United,1,0
2023-03-04,Wolverhampton Wanderers,Tottenham,1,0
2023-03-04,Southampton,Leicester City,1,0
2023-03-05,Greuther Fürth,Hannover 96,1,1
2023-03-05,Hansa Rostock,Karlsruher SC,0,2
2023-03-05,Eintracht Braunschweig,Arminia Bielefeld,3,3
2023-03-05,Bayer Leverkusen,Hertha Berlin,4,1
2023-03-05,Wolfsburg,Eintracht Frankfurt,2,2
2023-03-05,Nottingham Forest,Everton,2,2
2023-03-05,Liverpool,Manchester United,7,0
2023-03-06,Brentford,Fulham,3,2
2023-03-07,Benfica,Club Brugge,5,1
2023-03-07,Chelsea,Borussia Dortmund,2,0
2023-03-08,Bayern Munich,Paris Saint Germain,2,0
2023-03-08,Tottenham,Milan,0,0
2023-03-10,1. FC Nürnberg,Eintracht Braunschweig,2,0
2023-03-10,1. FC Kaiserslautern,SV Sandhausen,2,2
2023-03-10,1. FC Köln,VfL Bochum,0,2
2023-03-11,Arminia Bielefeld,SV Darmstadt 98,3,1
2023-03-11,FC St. Pauli,Greuther Fürth,2,1
2023-03-11,1. FC Magdeburg,SC Paderborn,0,0
2023-03-11,Fortuna Düsseldorf,1. FC Heidenheim,1,1
2023-03-11,Bayern Munich,Augsburg,5,3
2023-03-11,Eintracht Frankfurt,VfB Stuttgart,1,1
2023-03-11,Hertha Berlin,1. FSV Mainz 05,1,1
2023-03-11,RB Leipzig,Borussia Mönchengladbach,3,0
2023-03-11,Schalke 04,Borussia Dortmund,2,2
2023-03-11,Bournemouth,Liverpool,1,0
2023-03-11,Everton,Brentford,1,0
2023-03-11,Leeds United,Brighton & Hove Albion,2,2
2023-03-11,Leicester City,Chelsea,1,3
2023-03-11,Tottenham,Nottingham Forest,3,1
2023-03-11,Crystal Palace,Manchester City,0,1
2023-03-12,Holstein Kiel,Jahn Regensburg,1,2
2023-03-12,Hannover 96,Hansa Rostock,1,1
2023-03-12,Karlsruher SC,Hamburger SV,4,2
2023-03-12,SC Freiburg,TSG Hoffenheim,2,1
2023-03-12,Werder Bremen,Bayer Leverkusen,2,3
2023-03-12,Wolfsburg,Union Berlin,1,1
2023-03-12,Fulham,Arsenal,0,3
2023-03-12,Manchester United,Southampton,0,0
2023-03-12,West Ham United,Aston Villa,1,1
2023-03-12,Newcastle United,Wolverhampton Wanderers,2,1
2023-03-14,Manchester City,RB Leipzig,7,0
2023-03-14,Porto,Inter Milan,0,0
2023-03-15,Real Madrid,Liverpool,1,0
2023-03-15,Napoli,Eintracht Frankfurt,3,0
2023-03-15,Brighton & Hove Albion,Crystal Palace,1,0
2023-03-15,Southampton,Brentford,0,2
2023-03-17,Arminia Bielefeld,1. FC Nürnberg,2,2
2023-03-17,1. FC Heidenheim,Karlsruher SC,5,2
2023-03-17,Borussia Mönchengladbach,Werder Bremen,2,2
2023-03-17,Nottingham Forest,Newcastle United,1,2
2023-03-18,Greuther Fürth,1. FC Magdeburg,3,0
2023-03-18,Hamburger SV,Holstein Kiel,0,0
2023-03-18,Jahn Regensburg,SC Paderborn,1,0
2023-03-18,SV Darmstadt 98,1. FC Kaiserslautern,2,0
2023-03-18,Augsburg,Schalke 04,1,1
2023-03-18,VfL Bochum,RB Leipzig,1,0
2023-03-18,TSG Hoffenheim,Hertha Berlin,3,1
2023-03-18,VfB Stuttgart,Wolfsburg,0,1
2023-03-18,Borussia Dortmund,1. FC Köln,6,1
2023-03-18,Aston Villa,Bournemouth,3,0
2023-03-18,Brentford,Leicester City,1,1
2023-03-18,Southampton,Tottenham,3,3
2023-03-18,Wolverhampton Wanderers,Leeds United,2,4
2023-03-18,Chelsea,Everton,2,2
2023-03-19,Hansa Rostock,Fortuna Düsseldorf,2,5
2023-03-19,SV Sandhausen,FC St. Pauli,0,5
2023-03-19,Eintracht Braunschweig,Hannover 96,1,0
2023-03-19,Union Berlin,Eintracht Frankfurt,2,0
2023-03-19,Bayer Leverkusen,Bayern Munich,2,1
2023-03-19,1. FSV Mainz 05,SC Freiburg,1,1
2023-03-19,Arsenal,Crystal Palace,4,1
2023-03-31,1. FC Nürnberg,SV Darmstadt 98,0,1
2023-03-31,Fortuna Düsseldorf,Hamburger SV,2,2
2023-03-31,Eintracht Frankfurt,VfL Bochum,1,1
2023-04-01,FC St. Pauli,Jahn Regensburg,1,0
2023-04-01,Hannover 96,SV Sandhausen,3,1
2023-04-01,Karlsruher SC,Eintracht Braunschweig,1,1
2023-04-01,1. FC Kaiserslautern,1. FC Heidenheim,2,2
2023-04-01,SC Freiburg,Hertha Berlin,1,1
2023-04-01,RB Leipzig,1. FSV Mainz 05,0,3
2023-04-01,Schalke 04,Bayer Leverkusen,0,3
2023-04-01,Union Berlin,VfB Stuttgart,3,0
2023-04-01,Wolfsburg,Augsburg,2,2
2023-04-01,Bayern Munich,Borussia Dortmund,4,2
2023-04-01,Manchester City,Liverpool,4,1
2023-04-01,Arsenal,Leeds United,4,1
2023-04-01,Bournemouth,Fulham,2,1
2023-04-01,Brighton & Hove Albion,Brentford,3,3
2023-04-01,Crystal Palace,Leicester City,2,1
2023-04-01,Nottingham Forest,Wolverhampton Wanderers,1,1
2023-04-01,Chelsea,Aston Villa,0,2
2023-04-02,SC Paderborn,Greuther Fürth,3,2
2023-04-02,Holstein Kiel,Arminia Bielefeld,2,3
2023-04-02,1. FC Magdeburg,Hansa Rostock,3,0
2023-04-02,1. FC Köln,Borussia Mönchengladbach,0,0
2023-04-02,Werder Bremen,TSG Hoffenheim,1,2
2023-04-02,West Ham United,Southampton,1,0
2023-04-02,Newcastle United,Manchester United,2,0
2023-04-03,Everton,Tottenham,1,1
2023-04-04,Bournemouth,Brighton & Hove Albion,0,2
2023-04-04,Leeds United,Nottingham Forest,2,1
2023-04-04,Leicester City,Aston Villa,1,2
2023-04-04,Chelsea,Liverpool,0,0
2023-04-05,Manchester United,Brentford,1,0
2023-04-05,West Ham United,Newcastle United,1,5
2023-04-08,Hamburger SV,Hannover 96,6,1
2023-04-08,1. FC Nürnberg,Karlsruher SC,1,1
2023-04-08,Eintracht Braunschweig,1. FC Kaiserslautern,1,0
2023-04-08,1. FC Heidenheim,FC St. Pauli,0,1
2023-04-08,Augsburg,1. FC Köln,1,3
2023-04-08,Bayer Leverkusen,Eintracht Frankfurt,3,1
2023-04-08,Borussia Dortmund,Union Berlin,2,1
2023-04-08,SC Freiburg,Bayern Munich,0,1
2023-04-08,1. FSV Mainz 05,Werder Bremen,2,2
2023-04-08,Hertha Berlin,RB Leipzig,0,1
2023-04-08,Manchester United,Everton,2,0
2023-04-08,Aston Villa,Nottingham Forest,2,0
2023-04-08,Brentford,Newcastle United,1,2
2023-04-08,Fulham,West Ham United,0,1
2023-04-08,Leicester City,Bournemouth,0,1
2023-04-08,Tottenham,Brighton & Hove Albion,2,1
2023-04-08,Wolverhampton Wanderers,Chelsea,1,0
2023-04-08,Southampton,Manchester City,1,4
2023-04-09,Arminia Bielefeld,Fortuna Düsseldorf,2,2
2023-04-09,SV Darmstadt 98,SC Paderborn,2,1
2023-04-09,Hansa Rostock,Holstein Kiel,2,3
2023-04-09,SV Sandhausen,Greuther Fürth,0,2
2023-04-09,Jahn Regensburg,1. FC Magdeburg,2,2
2023-04-09,Borussia Mönchengladbach,Wolfsburg,2,0
2023-04-09,VfL Bochum,VfB Stuttgart,2,3
2023-04-09,TSG Hoffenheim,Schalke 04,2,0
2023-04-09,Leeds United,Crystal Palace,1,5
2023-04-09,Liverpool,Arsenal,2,2
2023-04-11,Benfica,Inter Milan,0,2
2023-04-11,Manchester City,Bayern Munich,3,0
2023-04-12,Real Madrid,Chelsea,2,0
2023-04-12,Milan,Napoli,1,0
2023-04-14,Greuther Fürth,Jahn Regensburg,2,1
2023-04-14,Hannover 96,1. FC Heidenheim,0,3
2023-04-14,Schalke 04,Hertha Berlin,5,2
2023-04-15,SC Paderborn,Hansa Rostock,3,0
2023-04-15,Holstein Kiel,1. FC Nürnberg,2,1
2023-04-15,1. FC Magdeburg,SV Sandhausen,1,2
2023-04-15,1. FC Kaiserslautern,Hamburger SV,2,0
2023-04-15,Bayern Munich,TSG Hoffenheim,1,1
2023-04-15,1. FC Köln,1. FSV Mainz 05,1,1
2023-04-15,RB Leipzig,Augsburg,3,2
2023-04-15,VfB Stuttgart,Borussia Dortmund,3,3
2023-04-15,Eintracht Frankfurt,Borussia Mönchengladbach,1,1
2023-04-15,Aston Villa,Newcastle United,3,0
2023-04-15,Chelsea,Brighton & Hove Albion,1,2
2023-04-15,Everton,Fulham,1,3
2023-04-15,Southampton,Crystal Palace,0,2
2023-04-15,Wolverhampton Wanderers,Brentford,2,0
2023-04-15,Tottenham,Bournemouth,2,3
2023-04-15,Manchester City,Leicester City,3,1
2023-04-16,FC St. Pauli,Eintracht Braunschweig,1,2
2023-04-16,Fortuna Düsseldorf,SV Darmstadt 98,1,0
2023-04-16,Karlsruher SC,Arminia Bielefeld,4,2
2023-04-16,Werder Bremen,SC Freiburg,1,2
2023-04-16,Union Berlin,VfL Bochum,1,1
2023-04-16,Wolfsburg,Bayer Leverkusen,0,0
2023-04-16,West Ham United,Arsenal,2,2
2023-04-16,Nottingham Forest,Manchester United,0,2
2023-04-17,Leeds United,Liverpool,1,6
2023-04-18,Chelsea,Real Madrid,0,2
2023-04-18,Napoli,Milan,1,1
2023-04-19,Inter Milan,Benfica,3,3
2023-04-19,Bayern Munich,Manchester City,1,1
2023-04-21,Hamburger SV,FC St. Pauli,4,3
2023-04-21,SV Darmstadt 98,Karlsruher SC,2,1
2023-04-21,Augsburg,VfB Stuttgart,1,1
2023-04-21,Arsenal,Southampton,3,3
2023-04-22,Arminia Bielefeld,Hannover 96,1,3
2023-04-22,1. FC Nürnberg,Fortuna Düsseldorf,2,0
2023-04-22,Hansa Rostock,Greuther Fürth,2,0
2023-04-22,Eintracht Braunschweig,1. FC Magdeburg,1,2
2023-04-22,VfL Bochum,Wolfsburg,1,5
2023-04-22,Hertha Berlin,Werder Bremen,2,4
2023-04-22,TSG Hoffenheim,1. FC Köln,1,3
2023-04-22,1. FSV Mainz 05,Bayern Munich,3,1
2023-04-22,Borussia Dortmund,Eintracht Frankfurt,4,0
2023-04-22,Fulham,Leeds United,2,1
2023-04-22,Brentford,Aston Villa,1,1
2023-04-22,Crystal Palace,Everton,0,0
2023-04-22,Leicester City,Wolverhampton Wanderers,2,1
2023-04-22,Liverpool,Nottingham Forest,3,2
2023-04-23,1. FC Heidenheim,Holstein Kiel,3,0
2023-04-23,SV Sandhausen,SC Paderborn,2,2
2023-04-23,Jahn Regensburg,1. FC Kaiserslautern,0,0
2023-04-23,SC Freiburg,Schalke 04,4,0
2023-04-23,Bayer Leverkusen,RB Leipzig,2,0
2023-04-23,Borussia Mönchengladbach,Union Berlin,0,1
2023-04-23,Bournemouth,West Ham United,0,4
2023-04-23,Newcastle United,Tottenham,6,1
2023-04-25,Wolverhampton Wanderers,Crystal Palace,2,0
2023-04-25,Aston Villa,Fulham,1,0
2023-04-25,Leeds United,Leicester City,1,1
2023-04-26,Nottingham Forest,Brighton & Hove Albion,3,1
2023-04-26,Chelsea,Brentford,0,2
2023-04-26,West Ham United,Liverpool,1,2
2023-04-26,Manchester City,Arsenal,4,1
2023-04-27,Everton,Newcastle United,1,4
2023-04-27,Southampton,Bournemouth,0,1
2023-04-27,Tottenham,Manchester United,2,2
2023-04-28,Greuther Fürth,1. FC Heidenheim,0,2
2023-04-28,SC Paderborn,Eintracht Braunschweig,5,1
2023-04-28,VfL Bochum,Borussia Dortmund,1,1
2023-04-29,FC St. Pauli,Arminia Bielefeld,2,1
2023-04-29,1. FC Magdeburg,Hamburger SV,3,2
2023-04-29,1. FC Kaiserslautern,Hansa Rostock,0,1
2023-04-29,Hannover 96,1. FC Nürnberg,3,0
2023-04-29,Eintracht Frankfurt,Augsburg,1,1
2023-04-29,1. FC Köln,SC Freiburg,0,1
2023-04-29,RB Leipzig,TSG Hoffenheim,1,0
2023-04-29,VfB Stuttgart,Borussia Mönchengladbach,2,1
2023-04-29,Union Berlin,Bayer Leverkusen,0,0
2023-04-29,Schalke 04,Werder Bremen,2,1
2023-04-29,Crystal Palace,West Ham United,4,3
2023-04-29,Brentford,Nottingham Forest,2,1
2023-04-29,Brighton & Hove Albion,Wolverhampton Wanderers,6,0
2023-04-30,Holstein Kiel,SV Darmstadt 98,0,3
2023-04-30,Fortuna Düsseldorf,Karlsruher SC,3,2
2023-04-30,SV Sandhausen,Jahn Regensburg,2,1
2023-04-30,Bayern Munich,Hertha Berlin,2,0
2023-04-30,Wolfsburg,1. FSV Mainz 05,3,0
2023-04-30,Bournemouth,Leeds United,4,1
2023-04-30,Fulham,Manchester City,1,2
2023-04-30,Manchester United,Aston Villa,1,0
2023-04-30,Newcastle United,Southampton,3,1
2023-04-30,Liverpool,Tottenham,4,3
2023-05-01,Leicester City,Everton,2,2
2023-05-02,Arsenal,Chelsea,3,1
2023-05-03,Liverpool,Fulham,1,0
2023-05-03,Manchester City,West Ham United,3,0
2023-05-04,Brighton & Hove Albion,Manchester United,1,0
2023-05-05,Arminia Bielefeld,Greuther Fürth,1,1
2023-05-05,Hamburger SV,SC Paderborn,2,2
2023-05-05,Bayer Leverkusen,1. FC Köln,1,2
2023-05-05,1. FSV Mainz 05,Schalke 04,2,3
2023-05-06,Fortuna Düsseldorf,Holstein Kiel,3,0
2023-05-06,Karlsruher SC,Hannover 96,2,1
2023-05-06,Hansa Rostock,Jahn Regensburg,2,0
2023-05-06,SV Darmstadt 98,FC St. Pauli,0,3
2023-05-06,Augsburg,Union Berlin,1,0
2023-05-06,Borussia Mönchengladbach,VfL Bochum,2,0
2023-05-06,SC Freiburg,RB Leipzig,0,1
2023-05-06,Hertha Berlin,VfB Stuttgart,2,1
2023-05-06,TSG Hoffenheim,Eintracht Frankfurt,3,1
2023-05-06,Werder Bremen,Bayern Munich,1,2
2023-05-06,Bournemouth,Chelsea,1,3
2023-05-06,Manchester City,Leeds United,2,1
2023-05-06,Tottenham,Crystal Palace,1,0
2023-05-06,Wolverhampton Wanderers,Aston Villa,1,0
2023-05-06,Liverpool,Brentford,1,0
2023-05-07,1. FC Heidenheim,1. FC Magdeburg,0,0
2023-05-07,1. FC Nürnberg,1. FC Kaiserslautern,3,3
2023-05-07,Eintracht Braunschweig,SV Sandhausen,2,1
2023-05-07,Borussia Dortmund,Wolfsburg,6,0
2023-05-07,Newcastle United,Arsenal,0,2
2023-05-07,West Ham United,Manchester United,1,0
2023-05-08,Fulham,Leicester City,5,3
2023-05-08,Brighton & Hove Albion,Everton,1,5
2023-05-08,Nottingham Forest,Southampton,4,3
2023-05-09,Real Madrid,Manchester City,1,1
2023-05-10,Milan,Inter Milan,0,2
2023-05-12,SV Sandhausen,Hansa Rostock,1,2
2023-05-12,1. FC Magdeburg,1. FC Nürnberg,2,2
2023-05-12,1. FC Köln,Hertha Berlin,5,2
2023-05-13,Greuther Fürth,Eintracht Braunschweig,2,2
2023-05-13,Holstein Kiel,Karlsruher SC,2,1
2023-05-13,1. FC Kaiserslautern,Arminia Bielefeld,1,2
2023-05-13,FC St. Pauli,Fortuna Düsseldorf,0,0
2023-05-13,Bayern Munich,Schalke 04,6,0
2023-05-13,VfL Bochum,Augsburg,3,2
2023-05-13,Eintracht Frankfurt,1. FSV Mainz 05,3,0
2023-05-13,Union Berlin,SC Freiburg,4,2
2023-05-13,Wolfsburg,TSG Hoffenheim,2,1
2023-05-13,Borussia Dortmund,Borussia Mönchengladbach,5,2
2023-05-13,Leeds United,Newcastle United,2,2
2023-05-13,Aston Villa,Tottenham,2,1
2023-05-13,Chelsea,Nottingham Forest,2,2
2023-05-13,Crystal Palace,Bournemouth,2,0
2023-05-13,Manchester United,Wolverhampton Wanderers,2,0
2023-05-13,Southampton,Fulham,0,2
2023-05-14,SC Paderborn,1. FC Heidenheim,3,2
2023-05-14,Hannover 96,SV Darmstadt 98,2,1
2023-05-14,Jahn Regensburg,Hamburger SV,1,5
2023-05-14,VfB Stuttgart,Bayer Leverkusen,1,1
2023-05-14,RB Leipzig,Werder Bremen,2,1
2023-05-14,Brentford,West Ham United,2,0
2023-05-14,Everton,Manchester City,0,3
2023-05-14,Arsenal,Brighton & Hove Albion,0,3
2023-05-15,Leicester City,Liverpool,0,3
2023-05-16,Inter Milan,Milan,1,0
2023-05-17,Manchester City,Real Madrid,4,0
2023-05-18,Newcastle United,Brighton & Hove Albion,4,1
2023-05-19,SV Darmstadt 98,1. FC Magdeburg,1,0
2023-05-19,Holstein Kiel,FC St. Pauli,3,4
2023-05-19,SC Freiburg,Wolfsburg,2,0
2023-05-20,Arminia Bielefeld,SC Paderborn,2,2
2023-05-20,1. FC Heidenheim,SV Sandhausen,1,0
2023-05-20,Eintracht Braunschweig,Jahn Regensburg,1,2
2023-05-20,Hamburger SV,Greuther Fürth,2,1
2023-05-20,Hertha Berlin,VfL Bochum,1,1
2023-05-20,TSG Hoffenheim,Union Berlin,4,2
2023-05-20,Schalke 04,Eintracht Frankfurt,2,2
2023-05-20,Werder Bremen,1. FC Köln,1,1
2023-05-20,Bayern Munich,RB Leipzig,1,3
2023-05-20,Tottenham,Brentford,1,3
2023-05-20,Bournemouth,Manchester United,0,1
2023-05-20,Fulham,Crystal Palace,2,2
2023-05-20,Liverpool,Aston Villa,1,1
2023-05-20,Wolverhampton Wanderers,Everton,1,1
2023-05-20,Nottingham Forest,Arsenal,1,0
2023-05-21,1. FC Nürnberg,Hansa Rostock,0,0
2023-05-21,Fortuna Düsseldorf,Hannover 96,3,3
2023-05-21,Karlsruher SC,1. FC Kaiserslautern,2,0
2023-05-21,1. FSV Mainz 05,VfB Stuttgart,1,4
2023-05-21,Augsburg,Borussia Dortmund,0,3
2023-05-21,Bayer Leverkusen,Borussia Mönchengladbach,2,2
2023-05-21,West Ham United,Leeds United,3,1
2023-05-21,Brighton & Hove Albion,Southampton,3,1
2023-05-21,Manchester City,Chelsea,1,0
2023-05-22,Newcastle United,Leicester City,0,0
2023-05-24,Brighton & Hove Albion,Manchester City,1,1
2023-05-25,Manchester United,Chelsea,4,1
2023-05-27,VfL Bochum,Bayer Leverkusen,3,0
2023-05-27,Borussia Dortmund,1. FSV Mainz 05,2,2
2023-05-27,Borussia Mönchengladbach,Augsburg,2,0
2023-05-27,Eintracht Frankfurt,SC Freiburg,2,1
2023-05-27,1. FC Köln,Bayern Munich,1,2
2023-05-27,RB Leipzig,Schalke 04,4,2
2023-05-27,VfB Stuttgart,TSG Hoffenheim,1,1
2023-05-27,Union Berlin,Werder Bremen,1,0
2023-05-27,Wolfsburg,Hertha Berlin,1,2
2023-05-28,Greuther Fürth,SV Darmstadt 98,4,0
2023-05-28,FC St. Pauli,Karlsruher SC,1,1
2023-05-28,SC Paderborn,1. FC Nürnberg,0,1
2023-05-28,Hannover 96,Holstein Kiel,1,5
2023-05-28,Hansa Rostock,Eintracht Braunschweig,2,1
2023-05-28,SV Sandhausen,Hamburger SV,0,1
2023-05-28,Jahn Regensburg,1. FC Heidenheim,2,3
2023-05-28,1. FC Magdeburg,Arminia Bielefeld,4,0
2023-05-28,1. FC Kaiserslautern,Fortuna Düsseldorf,0,3
2023-05-28,Arsenal,Wolverhampton Wanderers,5,0
2023-05-28,Aston Villa,Brighton & Hove Albion,2,1
2023-05-28,Brentford,Manchester City,1,0
2023-05-28,Chelsea,Newcastle United,1,1
2023-05-28,Crystal Palace,Nottingham Forest,1,1
2023-05-28,Everton,Bournemouth,1,0
2023-05-28,Leeds United,Tottenham,1,4
2023-05-28,Leicester City,West Ham United,2,1
2023-05-28,Manchester United,Fulham,2,1
2023-05-28,Southampton,Liverpool,4,4
2023-06-10,Manchester City,Inter Milan,1,0
2023-07-28,Hamburger SV,Schalke 04,5,3
2023-07-29,1. FC Kaiserslautern,FC St. Pauli,1,2
2023-07-29,Hannover 96,Elversberg,2,2
2023-07-29,VfL Osnabrück,Karlsruher SC,2,3
2023-07-29,SV Wehen Wiesbaden,1. FC Magdeburg,1,1
2023-07-29,Fortuna Düsseldorf,Hertha Berlin,1,0
2023-07-30,Greuther Fürth,SC Paderborn,5,0
2023-07-30,Hansa Rostock,1. FC Nürnberg,2,0
2023-07-30,Eintracht Braunschweig,Holstein Kiel,0,1
2023-08-04,Hertha Berlin,SV Wehen Wiesbaden,0,1
2023-08-04,SC Paderborn,VfL Osnabrück,1,1
2023-08-05,FC St. Pauli,Fortuna Düsseldorf,0,0
2023-08-05,Holstein Kiel,Greuther Fürth,2,1
2023-08-05,Elversberg,Hansa Rostock,1,2
2023-08-05,Schalke 04,1. FC Kaiserslautern,3,0
2023-08-06,Karlsruher SC,Hamburger SV,2,2
2023-08-06,1. FC Magdeburg,Eintracht Braunschweig,2,1
2023-08-06,1. FC Nürnberg,Hannover 96,2,2
2023-08-11,Burnley,Manchester City,0,3
2023-08-12,Arsenal,Nottingham Forest,2,1
2023-08-12,Bournemouth,West Ham United,1,1
2023-08-12,Brighton & Hove Albion,Luton Town,4,1
2023-08-12,Everton,Fulham,0,1
2023-08-12,Sheffield United,Crystal Palace,0,1
2023-08-12,Newcastle United,Aston Villa,5,1
2023-08-13,Brentford,Tottenham,2,2
2023-08-13,Chelsea,Liverpool,1,1
2023-08-14,Manchester United,Wolverhampton Wanderers,1,0
2023-08-18,1. FC Kaiserslautern,Elversberg,3,2
2023-08-18,SV Wehen Wiesbaden,Karlsruher SC,1,0
2023-08-18,Werder Bremen,Bayern Munich,0,4
2023-08-18,Nottingham Forest,Sheffield United,2,1
2023-08-19,Fortuna Düsseldorf,SC Paderborn,1,2
2023-08-19,Greuther Fürth,FC St. Pauli,0,0
2023-08-19,Hansa Rostock,Hannover 96,1,2
2023-08-19,Hamburger SV,Hertha Berlin,3,0
2023-08-19,Bayer Leverkusen,RB Leipzig,3,2
2023-08-19,Wolfsburg,1. FC Heidenheim,2,0
2023-08-19,TSG Hoffenheim,SC Freiburg,1,2
2023-08-19,Augsburg,Borussia Mönchengladbach,4,4
2023-08-19,VfB Stuttgart,VfL Bochum,5,0
2023-08-19,Borussia Dortmund,1. FC Köln,1,0
2023-08-19,Fulham,Brentford,0,3
2023-08-19,Liverpool,Bournemouth,3,1
2023-08-19,Wolverhampton Wanderers,Brighton & Hove Albion,1,4
2023-08-19,Tottenham,Manchester United,2,0
2023-08-19,Manchester City,Newcastle United,1,0
2023-08-20,Holstein Kiel,1. FC Magdeburg,2,4
2023-08-20,Eintracht Braunschweig,Schalke 04,1,0
2023-08-20,VfL Osnabrück,1. FC Nürnberg,2,3
2023-08-20,Union Berlin,1. FSV Mainz 05,4,1
2023-08-20,Eintracht Frankfurt,SV Darmstadt 98,1,0
2023-08-20,Aston Villa,Everton,4,0
2023-08-20,West Ham United,Chelsea,3,1
2023-08-21,Crystal Palace,Arsenal,0,1
2023-08-25,Schalke 04,Holstein Kiel,0,2
2023-08-25,SC Paderborn,1. FC Kaiserslautern,1,2
2023-08-25,RB Leipzig,VfB Stuttgart,5,1
2023-08-25,Chelsea,Luton Town,3,0
2023-08-26,Hertha Berlin,Greuther Fürth,5,0
2023-08-26,Hansa Rostock,VfL Osnabrück,2,1
2023-08-26,Elversberg,Fortuna Düsseldorf,0,5
2023-08-26,Hannover 96,Hamburger SV,0,1
2023-08-26,SC Freiburg,Werder Bremen,1,0
2023-08-26,1. FC Köln,Wolfsburg,1,2
2023-08-26,VfL Bochum,Borussia Dortmund,1,1
2023-08-26,1. FC Heidenheim,TSG Hoffenheim,2,3
2023-08-26,SV Darmstadt 98,Union Berlin,1,4
2023-08-26,Borussia Mönchengladbach,Bayer Leverkusen,0,3
2023-08-26,Bournemouth,Tottenham,0,2
2023-08-26,Arsenal,Fulham,2,2
2023-08-26,Brentford,Crystal Palace,1,1
2023-08-26,Everton,Wolverhampton Wanderers,0,1
2023-08-26,Manchester United,Nottingham Forest,3,2
2023-08-26,Brighton & Hove Albion,West Ham United,1,3
2023-08-27,FC St. Pauli,1. FC Magdeburg,0,0
2023-08-27,Karlsruher SC,Eintracht Braunschweig,2,0
2023-08-27,1. FC Nürnberg,SV Wehen Wiesbaden,2,1
2023-08-27,1. FSV Mainz 05,Eintracht Frankfurt,1,1
2023-08-27,Bayern Munich,Augsburg,3,1
2023-08-27,Burnley,Aston Villa,1,3
2023-08-27,Sheffield United,Manchester City,1,2
2023-08-27,Newcastle United,Liverpool,1,2
2023-09-01,Fortuna Düsseldorf,Karlsruher SC,3,1
2023-09-01,Eintracht Braunschweig,FC St. Pauli,1,1
2023-09-01,Borussia Dortmund,1. FC Heidenheim,2,2
2023-09-01,Luton Town,West Ham United,1,2
2023-09-02,Holstein Kiel,SC Paderborn,2,1
2023-09-02,1. FC Magdeburg,Hertha Berlin,6,4
2023-09-02,SV Wehen Wiesbaden,Schalke 04,1,1
2023-09-02,1. FC Kaiserslautern,1. FC Nürnberg,3,1
2023-09-02,Bayer Leverkusen,SV Darmstadt 98,5,1
2023-09-02,TSG Hoffenheim,Wolfsburg,3,1
2023-09-02,Werder Bremen,1. FSV Mainz 05,4,0
2023-09-02,Augsburg,VfL Bochum,2,2
2023-09-02,VfB Stuttgart,SC Freiburg,5,0
2023-09-02,Borussia Mönchengladbach,Bayern Munich,1,2
2023-09-02,Sheffield United,Everton,2,2
2023-09-02,Brentford,Bournemouth,2,2
2023-09-02,Burnley,Tottenham,2,5
2023-09-02,Chelsea,Nottingham Forest,0,1
2023-09-02,Manchester City,Fulham,5,1
2023-09-02,Brighton & Hove Albion,Newcastle United,3,1
2023-09-03,Hamburger SV,Hansa Rostock,2,0
2023-09-03,Greuther Fürth,Hannover 96,1,3
2023-09-03,VfL Osnabrück,Elversberg,0,1
2023-09-03,Eintracht Frankfurt,1. FC Köln,1,1
2023-09-03,Union Berlin,RB Leipzig,0,3
2023-09-03,Crystal Palace,Wolverhampton Wanderers,3,2
2023-09-03,Liverpool,Aston Villa,3,0
2023-09-03,Arsenal,Manchester United,3,1
2023-09-15,SC Paderborn,SV Wehen Wiesbaden,2,1
2023-09-15,1. FC Nürnberg,Greuther Fürth,1,1
2023-09-15,Bayern Munich,Bayer Leverkusen,2,2
2023-09-16,Karlsruher SC,1. FC Kaiserslautern,1,1
2023-09-16,Hansa Rostock,Fortuna Düsseldorf,1,3
2023-09-16,Elversberg,Hamburger SV,2,1
2023-09-16,Schalke 04,1. FC Magdeburg,4,3
2023-09-16,RB Leipzig,Augsburg,3,0
2023-09-16,SC Freiburg,Borussia Dortmund,2,4
2023-09-16,Wolfsburg,Union Berlin,2,1
2023-09-16,1. FSV Mainz 05,VfB Stuttgart,1,3
2023-09-16,1. FC Köln,TSG Hoffenheim,1,3
2023-09-16,VfL Bochum,Eintracht Frankfurt,1,1
2023-09-16,Wolverhampton Wanderers,Liverpool,1,3
2023-09-16,Aston Villa,Crystal Palace,3,1
2023-09-16,Fulham,Luton Town,1,0
2023-09-16,Manchester United,Brighton & Hove Albion,1,3
2023-09-16,Tottenham,Sheffield United,2,1
2023-09-16,West Ham United,Manchester City,1,3
2023-09-16,Newcastle United,Brentford,1,0
2023-09-17,Hertha Berlin,Eintracht Braunschweig,3,0
2023-09-17,FC St. Pauli,Holstein Kiel,5,1
2023-09-17,Hannover 96,VfL Osnabrück,7,0
2023-09-17,1. FC Heidenheim,Werder Bremen,4,2
2023-09-17,SV Darmstadt 98,Borussia Mönchengladbach,3,3
2023-09-17,Bournemouth,Chelsea,0,0
2023-09-17,Everton,Arsenal,0,1
2023-09-18,Nottingham Forest,Burnley,1,1
2023-09-19,Milan,Newcastle United,0,0
2023-09-19,BSC Young Boys,RB Leipzig,1,3
2023-09-19,SS Lazio,Club Atlético de Madrid,1,1
2023-09-19,Feyenoord,Celtic,2,0
2023-09-19,Paris Saint Germain,Borussia Dortmund,2,0
2023-09-19,Manchester City,FK Crvena Zvezda,3,1
2023-09-19,Barcelona,Royal Antwerp FC,5,0
2023-09-19,FK Shakhtar Donetsk,Porto,1,3
2023-09-20,Real Madrid CF,Union Berlin,1,0
2023-09-20,Galatasaray SK,Copenhagen,2,2
2023-09-20,Sevilla,RC Lens,1,1
2023-09-20,Braga,Napoli,1,2
2023-09-20,Real Sociedad de Fútbol,FC Internazionale Milano,1,1
2023-09-20,Sport Lisboa e Benfica,RB Salzburg,0,2
2023-09-20,Bayern Munich,Manchester United,4,3
2023-09-20,Arsenal,PSV Eindhoven,4,0
2023-09-22,1. FC Magdeburg,SC Paderborn,1,1
2023-09-22,VfL Osnabrück,Hamburger SV,2,1
2023-09-22,VfB Stuttgart,SV Darmstadt 98,3,1
2023-09-23,Greuther Fürth,Karlsruher SC,4,3
2023-09-23,Eintracht Braunschweig,1. FC Nürnberg,2,2
2023-09-23,SV Wehen Wiesbaden,Elversberg,0,2
2023-09-23,FC St. Pauli,Schalke 04,3,1
2023-09-23,Bayern Munich,VfL Bochum,7,0
2023-09-23,Borussia Dortmund,Wolfsburg,1,0
2023-09-23,Union Berlin,TSG Hoffenheim,0,2
2023-09-23,Borussia Mönchengladbach,RB Leipzig,0,1
2023-09-23,Augsburg,1. FSV Mainz 05,2,1
2023-09-23,Werder Bremen,1. FC Köln,2,1
2023-09-23,Crystal Palace,Fulham,0,0
2023-09-23,Luton Town,Wolverhampton Wanderers,1,1
2023-09-23,Manchester City,Nottingham Forest,2,0
2023-09-23,Brentford,Everton,1,3
2023-09-23,Burnley,Manchester United,0,1
2023-09-24,Fortuna Düsseldorf,Hannover 96,1,1
2023-09-24,Holstein Kiel,Hertha Berlin,2,3
2023-09-24,1. FC Kaiserslautern,Hansa Rostock,3,1
2023-09-24,Bayer Leverkusen,1. FC Heidenheim,4,1
2023-09-24,Eintracht Frankfurt,SC Freiburg,0,0
2023-09-24,Arsenal,Tottenham,2,2
2023-09-24,Brighton & Hove Albion,Bournemouth,3,1
2023-09-24,Chelsea,Aston Villa,0,1
2023-09-24,Liverpool,West Ham United,3,1
2023-09-24,Sheffield United,Newcastle United,0,8
2023-09-29,Hamburger SV,Fortuna Düsseldorf,1,0
2023-09-29,SC Paderborn,Schalke 04,3,1
2023-09-29,TSG Hoffenheim,Borussia Dortmund,1,3
2023-09-30,Karlsruher SC,Holstein Kiel,0,2
2023-09-30,Hannover 96,SV Wehen Wiesbaden,2,0
2023-09-30,Hansa Rostock,Eintracht Braunschweig,1,0
2023-09-30,Hertha Berlin,FC St. Pauli,1,2
2023-09-30,Wolfsburg,Eintracht Frankfurt,2,0
2023-09-30,1. FSV Mainz 05,Bayer Leverkusen,0,3
2023-09-30,1. FC Köln,VfB Stuttgart,0,2
2023-09-30,VfL Bochum,Borussia Mönchengladbach,1,3
2023-09-30,1. FC Heidenheim,Union Berlin,1,0
2023-09-30,RB Leipzig,Bayern Munich,2,2
2023-09-30,Aston Villa,Brighton & Hove Albion,6,1
2023-09-30,Bournemouth,Arsenal,0,4
2023-09-30,Everton,Luton Town,1,2
2023-09-30,Manchester United,Crystal Palace,0,1
2023-09-30,Newcastle United,Burnley,2,0
2023-09-30,West Ham United,Sheffield United,2,0
2023-09-30,Wolverhampton Wanderers,Manchester City,2,1
2023-09-30,Tottenham,Liverpool,2,1
2023-10-01,1. FC Nürnberg,1. FC Magdeburg,1,0
2023-10-01,Elversberg,Greuther Fürth,1,1
2023-10-01,VfL Osnabrück,1. FC Kaiserslautern,2,2
2023-10-01,SV Darmstadt 98,Werder Bremen,4,2
2023-10-01,SC Freiburg,Augsburg,2,0
2023-10-01,Nottingham Forest,Brentford,1,1
2023-10-02,Fulham,Chelsea,0,2
2023-10-03,Union Berlin,Braga,2,3
2023-10-03,RB Salzburg,Real Sociedad de Fútbol,0,2
2023-10-03,Napoli,Real Madrid CF,2,3
2023-10-03,FC Internazionale Milano,Sport Lisboa e Benfica,1,0
2023-10-03,Copenhagen,Bayern Munich,1,2
2023-10-03,Manchester United,Galatasaray SK,2,3
2023-10-03,RC Lens,Arsenal,2,1
2023-10-03,PSV Eindhoven,Sevilla,2,2
2023-10-03,Luton Town,Burnley,1,2
2023-10-04,Club Atlético de Madrid,Feyenoord,3,2
2023-10-04,Royal Antwerp FC,FK Shakhtar Donetsk,2,3
2023-10-04,Celtic,SS Lazio,1,2
2023-10-04,Borussia Dortmund,Milan,0,0
2023-10-04,Newcastle United,Paris Saint Germain,4,1
2023-10-04,FK Crvena Zvezda,BSC Young Boys,2,2
2023-10-04,RB Leipzig,Manchester City,1,3
2023-10-04,Porto,Barcelona,0,1
2023-10-06,Fortuna Düsseldorf,VfL Osnabrück,1,1
2023-10-06,1. FC Kaiserslautern,Hannover 96,3,1
2023-10-06,Borussia Mönchengladbach,1. FSV Mainz 05,2,2
2023-10-07,1. FC Magdeburg,Karlsruher SC,1,1
2023-10-07,Greuther Fürth,Hansa Rostock,1,0
2023-10-07,SV Wehen Wiesbaden,Hamburger SV,1,1
2023-10-07,FC St. Pauli,1. FC Nürnberg,5,1
2023-10-07,Borussia Dortmund,Union Berlin,4,2
2023-10-07,RB Leipzig,VfL Bochum,0,0
2023-10-07,Augsburg,SV Darmstadt 98,1,2
2023-10-07,VfB Stuttgart,Wolfsburg,3,1
2023-10-07,Werder Bremen,TSG Hoffenheim,2,3
2023-10-07,Luton Town,Tottenham,0,1
2023-10-07,Burnley,Chelsea,1,4
2023-10-07,Everton,Bournemouth,3,0
2023-10-07,Fulham,Sheffield United,3,1
2023-10-07,Manchester United,Brentford,2,1
2023-10-07,Crystal Palace,Nottingham Forest,0,0
2023-10-08,Schalke 04,Hertha Berlin,1,2
2023-10-08,Holstein Kiel,Elversberg,1,1
2023-10-08,Eintracht Braunschweig,SC Paderborn,1,3
2023-10-08,Bayer Leverkusen,1. FC Köln,3,0
2023-10-08,Bayern Munich,SC Freiburg,3,0
2023-10-08,Eintracht Frankfurt,1. FC Heidenheim,2,0
2023-10-08,Brighton & Hove Albion,Liverpool,2,2
2023-10-08,West Ham United,Newcastle United,2,2
2023-10-08,Wolverhampton Wanderers,Aston Villa,1,1
2023-10-08,Arsenal,Manchester City,1,0
2023-10-20,Hannover 96,1. FC Magdeburg,2,1
2023-10-20,Elversberg,Eintracht Braunschweig,3,0
2023-10-20,Borussia Dortmund,Werder Bremen,1,0
2023-10-21,Hamburger SV,Greuther Fürth,2,0
2023-10-21,SC Paderborn,FC St. Pauli,2,2
2023-10-21,VfL Osnabrück,SV Wehen Wiesbaden,0,2
2023-10-21,Fortuna Düsseldorf,1. FC Kaiserslautern,4,3
2023-10-21,Union Berlin,VfB Stuttgart,0,3
2023-10-21,SC Freiburg,VfL Bochum,2,1
2023-10-21,Wolfsburg,Bayer Leverkusen,1,2
2023-10-21,TSG Hoffenheim,Eintracht Frankfurt,1,3
2023-10-21,SV Darmstadt 98,RB Leipzig,1,3
2023-10-21,1. FSV Mainz 05,Bayern Munich,1,3
2023-10-21,Liverpool,Everton,2,0
2023-10-21,Bournemouth,Wolverhampton Wanderers,1,2
2023-10-21,Brentford,Burnley,3,0
2023-10-21,Manchester City,Brighton & Hove Albion,2,1
2023-10-21,Newcastle United,Crystal Palace,4,0
2023-10-21,Nottingham Forest,Luton Town,2,2
2023-10-21,Chelsea,Arsenal,2,2
2023-10-21,Sheffield United,Manchester United,1,2
2023-10-22,Karlsruher SC,Schalke 04,3,0
2023-10-22,Hansa Rostock,Holstein Kiel,1,3
2023-10-22,1. FC Nürnberg,Hertha Berlin,3,1
2023-10-22,1. FC Köln,Borussia Mönchengladbach,3,1
2023-10-22,1. FC Heidenheim,Augsburg,2,5
2023-10-22,Aston Villa,West Ham United,4,1
2023-10-23,Tottenham,Fulham,2,0
2023-10-24,FC Internazionale Milano,RB Salzburg,2,1
2023-10-24,Galatasaray SK,Bayern Munich,1,3
2023-10-24,Union Berlin,Napoli,0,1
2023-10-24,Braga,Real Madrid CF,1,2
2023-10-24,Sport Lisboa e Benfica,Real Sociedad de Fútbol,0,1
2023-10-24,Manchester United,Copenhagen,1,0
2023-10-24,Sevilla,Arsenal,1,2
2023-10-24,RC Lens,PSV Eindhoven,1,1
2023-10-25,Feyenoord,SS Lazio,3,1
2023-10-25,Barcelona,FK Shakhtar Donetsk,2,1
2023-10-25,Celtic,Club Atlético de Madrid,2,2
2023-10-25,Paris Saint Germain,Milan,3,0
2023-10-25,Newcastle United,Borussia Dortmund,0,1
2023-10-25,BSC Young Boys,Manchester City,1,3
2023-10-25,RB Leipzig,FK Crvena Zvezda,3,1
2023-10-25,Royal Antwerp FC,Porto,1,4
2023-10-27,Greuther Fürth,VfL Osnabrück,4,0
2023-10-27,Eintracht Braunschweig,Fortuna Düsseldorf,1,4
2023-10-27,VfL Bochum,1. FSV Mainz 05,2,2
2023-10-27,Crystal Palace,Tottenham,1,2
2023-10-28,Schalke 04,Hannover 96,3,2
2023-10-28,Hertha Berlin,SC Paderborn,3,1
2023-10-28,FC St. Pauli,Karlsruher SC,2,1
2023-10-28,1. FC Kaiserslautern,Hamburger SV,3,3
2023-10-28,Bayern Munich,SV Darmstadt 98,8,0
2023-10-28,Borussia Mönchengladbach,1. FC Heidenheim,2,1
2023-10-28,Werder Bremen,Union Berlin,2,0
2023-10-28,Augsburg,Wolfsburg,3,2
2023-10-28,VfB Stuttgart,TSG Hoffenheim,2,3
2023-10-28,RB Leipzig,1. FC Köln,6,0
2023-10-28,Chelsea,Brentford,0,2
2023-10-28,Arsenal,Sheffield United,5,0
2023-10-28,Bournemouth,Burnley,2,1
2023-10-28,Wolverhampton Wanderers,Newcastle United,2,2
2023-10-29,Holstein Kiel,1. FC Nürnberg,0,2
2023-10-29,1. FC Magdeburg,Elversberg,1,2
2023-10-29,SV Wehen Wiesbaden,Hansa Rostock,1,0
2023-10-29,Eintracht Frankfurt,Borussia Dortmund,3,3
2023-10-29,Bayer Leverkusen,SC Freiburg,2,1
2023-10-29,West Ham United,Everton,0,1
2023-10-29,Aston Villa,Luton Town,3,1
2023-10-29,Brighton & Hove Albion,Fulham,1,1
2023-10-29,Liverpool,Nottingham Forest,3,0
2023-10-29,Manchester United,Manchester City,0,3
2023-11-03,Fortuna Düsseldorf,SV Wehen Wiesbaden,1,3
2023-11-03,Elversberg,FC St. Pauli,0,2
2023-11-03,SV Darmstadt 98,VfL Bochum,1,2
2023-11-04,1. FC Kaiserslautern,Greuther Fürth,0,2
2023-11-04,1. FC Nürnberg,Schalke 04,1,2
2023-11-04,VfL Osnabrück,Holstein Kiel,1,1
2023-11-04,Hamburger SV,1. FC Magdeburg,2,0
2023-11-04,Union Berlin,Eintracht Frankfurt,0,3
2023-11-04,SC Freiburg,Borussia Mönchengladbach,3,3
2023-11-04,1. FSV Mainz 05,RB Leipzig,2,0
2023-11-04,1. FC Köln,Augsburg,1,1
2023-11-04,TSG Hoffenheim,Bayer Leverkusen,2,3
2023-11-04,Borussia Dortmund,Bayern Munich,0,4
2023-11-04,Fulham,Manchester United,0,1
2023-11-04,Brentford,West Ham United,3,2
2023-11-04,Burnley,Crystal Palace,0,2
2023-11-04,Everton,Brighton & Hove Albion,1,1
2023-11-04,Manchester City,Bournemouth,6,1
2023-11-04,Sheffield United,Wolverhampton Wanderers,2,1
2023-11-04,Newcastle United,Arsenal,1,0
2023-11-05,Karlsruher SC,SC Paderborn,0,3
2023-11-05,Hannover 96,Eintracht Braunschweig,2,0
2023-11-05,Hansa Rostock,Hertha Berlin,0,0
2023-11-05,Wolfsburg,Werder Bremen,2,2
2023-11-05,1. FC Heidenheim,VfB Stuttgart,2,0
2023-11-05,Nottingham Forest,Aston Villa,2,0
2023-11-05,Luton Town,Liverpool,1,1
2023-11-06,Tottenham,Chelsea,1,4
2023-11-07,Borussia Dortmund,Newcastle United,2,0
2023-11-07,FK Shakhtar Donetsk,Barcelona,1,0
2023-11-07,Club Atlético de Madrid,Celtic,6,0
2023-11-07,SS Lazio,Feyenoord,1,0
2023-11-07,Milan,Paris Saint Germain,2,1
2023-11-07,Manchester City,BSC Young Boys,3,0
2023-11-07,FK Crvena Zvezda,RB Leipzig,1,2
2023-11-07,Porto,Royal Antwerp FC,2,0
2023-11-08,Napoli,Union Berlin,1,1
2023-11-08,Real Sociedad de Fútbol,Sport Lisboa e Benfica,3,1
2023-11-08,Real Madrid CF,Braga,3,0
2023-11-08,RB Salzburg,FC Internazionale Milano,0,1
2023-11-08,Bayern Munich,Galatasaray SK,2,1
2023-11-08,Copenhagen,Manchester United,4,3
2023-11-08,Arsenal,Sevilla,2,0
2023-11-08,PSV Eindhoven,RC Lens,1,0
2023-11-10,Schalke 04,Elversberg,1,2
2023-11-10,FC St. Pauli,Hannover 96,0,0
2023-11-10,Borussia Mönchengladbach,Wolfsburg,4,0
2023-11-11,SC Paderborn,1. FC Nürnberg,1,3
2023-11-11,Holstein Kiel,Hamburger SV,4,2
2023-11-11,Eintracht Braunschweig,VfL Osnabrück,3,2
2023-11-11,Hertha Berlin,Karlsruher SC,2,2
2023-11-11,Bayern Munich,1. FC Heidenheim,4,2
2023-11-11,Augsburg,TSG Hoffenheim,1,1
2023-11-11,VfB Stuttgart,Borussia Dortmund,2,1
2023-11-11,SV Darmstadt 98,1. FSV Mainz 05,0,0
2023-11-11,VfL Bochum,1. FC Köln,1,1
2023-11-11,Wolverhampton Wanderers,Tottenham,2,1
2023-11-11,Arsenal,Burnley,3,1
2023-11-11,Crystal Palace,Everton,2,3
2023-11-11,Manchester United,Luton Town,1,0
2023-11-11,Bournemouth,Newcastle United,2,0
2023-11-12,1. FC Magdeburg,Hansa Rostock,1,2
2023-11-12,Greuther Fürth,Fortuna Düsseldorf,1,0
2023-11-12,SV Wehen Wiesbaden,1. FC Kaiserslautern,2,1
2023-11-12,Bayer Leverkusen,Union Berlin,4,0
2023-11-12,Werder Bremen,Eintracht Frankfurt,2,2
2023-11-12,RB Leipzig,SC Freiburg,3,1
2023-11-12,Aston Villa,Fulham,3,1
2023-11-12,Brighton & Hove Albion,Sheffield United,1,1
2023-11-12,Liverpool,Brentford,3,0
2023-11-12,West Ham United,Nottingham Forest,3,2
2023-11-12,Chelsea,Manchester City,4,4
2023-11-24,Hamburger SV,Eintracht Braunschweig,2,1
2023-11-24,Hannover 96,Hertha Berlin,2,2
2023-11-24,1. FC Köln,Bayern Munich,0,1
2023-11-25,Hansa Rostock,FC St. Pauli,2,3
2023-11-25,Elversberg,SC Paderborn,4,1
2023-11-25,VfL Osnabrück,1. FC Magdeburg,0,2
2023-11-25,Fortuna Düsseldorf,Schalke 04,5,3
2023-11-25,Borussia Dortmund,Borussia Mönchengladbach,4,2
2023-11-25,Union Berlin,Augsburg,1,1
2023-11-25,SC Freiburg,SV Darmstadt 98,1,1
2023-11-25,Wolfsburg,RB Leipzig,2,1
2023-11-25,Werder Bremen,Bayer Leverkusen,0,3
2023-11-25,Eintracht Frankfurt,VfB Stuttgart,1,2
2023-11-25,Manchester City,Liverpool,1,1
2023-11-25,Burnley,West Ham United,1,2
2023-11-25,Luton Town,Crystal Palace,2,1
2023-11-25,Newcastle United,Chelsea,4,1
2023-11-25,Nottingham Forest,Brighton & Hove Albion,2,3
2023-11-25,Sheffield United,Bournemouth,1,3
2023-11-25,Brentford,Arsenal,0,1
2023-11-26,Karlsruher SC,1. FC Nürnberg,4,1
2023-11-26,1. FC Kaiserslautern,Holstein Kiel,0,3
2023-11-26,Greuther Fürth,SV Wehen Wiesbaden,2,0
2023-11-26,1. FC Heidenheim,VfL Bochum,0,0
2023-11-26,TSG Hoffenheim,1. FSV Mainz 05,1,1
2023-11-26,Tottenham,Aston Villa,1,2
2023-11-26,Everton,Manchester United,0,3
2023-11-27,Fulham,Wolverhampton Wanderers,3,2
2023-11-28,SS Lazio,Celtic,2,0
2023-11-28,FK Shakhtar Donetsk,Royal Antwerp FC,1,0
2023-11-28,Feyenoord,Club Atlético de Madrid,1,3
2023-11-28,Milan,Borussia Dortmund,1,3
2023-11-28,Paris Saint Germain,Newcastle United,1,1
2023-11-28,BSC Young Boys,FK Crvena Zvezda,2,0
2023-11-28,Manchester City,RB Leipzig,3,2
2023-11-28,Barcelona,Porto,2,1
2023-11-29,Galatasaray SK,Manchester United,3,3
2023-11-29,Sevilla,PSV Eindhoven,2,3
2023-11-29,Braga,Union Berlin,1,1
2023-11-29,Real Madrid CF,Napoli,4,2
2023-11-29,Sport Lisboa e Benfica,FC Internazionale Milano,3,3
2023-11-29,Real Sociedad de Fútbol,RB Salzburg,0,0
2023-11-29,Bayern Munich,Copenhagen,0,0
2023-11-29,Arsenal,RC Lens,6,0
2023-12-01,Schalke 04,VfL Osnabrück,4,0
2023-12-01,FC St. Pauli,Hamburger SV,2,2
2023-12-01,SV Darmstadt 98,1. FC Köln,0,1
2023-12-02,Holstein Kiel,SV Wehen Wiesbaden,3,2
2023-12-02,1. FC Nürnberg,Fortuna Düsseldorf,0,5
2023-12-02,Eintracht Braunschweig,Greuther Fürth,0,1
2023-12-02,1. FC Magdeburg,1. FC Kaiserslautern,4,1
2023-12-02,RB Leipzig,1. FC Heidenheim,2,1
2023-12-02,Borussia Mönchengladbach,TSG Hoffenheim,2,1
2023-12-02,VfL Bochum,Wolfsburg,3,1
2023-12-02,VfB Stuttgart,Werder Bremen,2,0
2023-12-02,Arsenal,Wolverhampton Wanderers,2,1
2023-12-02,Brentford,Luton Town,3,1
2023-12-02,Burnley,Sheffield United,5,0
2023-12-02,Nottingham Forest,Everton,0,1
2023-12-02,Newcastle United,Manchester United,1,0
2023-12-03,Hertha Berlin,Elversberg,5,1
2023-12-03,SC Paderborn,Hannover 96,1,0
2023-12-03,Karlsruher SC,Hansa Rostock,2,2
2023-12-03,1. FSV Mainz 05,SC Freiburg,0,1
2023-12-03,Bayer Leverkusen,Borussia Dortmund,1,1
2023-12-03,Augsburg,Eintracht Frankfurt,2,1
2023-12-03,Bournemouth,Aston Villa,2,2
2023-12-03,Chelsea,Brighton & Hove Albion,3,2
2023-12-03,Liverpool,Fulham,4,3
2023-12-03,West Ham United,Crystal Palace,1,1
2023-12-03,Manchester City,Tottenham,3,3
2023-12-05,Wolverhampton Wanderers,Burnley,1,0
2023-12-05,Luton Town,Arsenal,3,4
2023-12-06,Brighton & Hove Albion,Brentford,2,1
2023-12-06,Crystal Palace,Bournemouth,0,2
2023-12-06,Fulham,Nottingham Forest,5,0
2023-12-06,Sheffield United,Liverpool,0,2
2023-12-06,Aston Villa,Manchester City,1,0
2023-12-06,Manchester United,Chelsea,2,1
2023-12-07,Everton,Newcastle United,3,0
2023-12-07,Tottenham,West Ham United,1,2
2023-12-08,Hannover 96,Karlsruher SC,2,2
2023-12-08,SV Wehen Wiesbaden,Eintracht Braunschweig,1,3
2023-12-08,TSG Hoffenheim,VfL Bochum,3,1
2023-12-09,Hamburger SV,SC Paderborn,1,2
2023-12-09,1. FC Kaiserslautern,Hertha Berlin,1,2
2023-12-09,Greuther Fürth,1. FC Magdeburg,1,1
2023-12-09,VfL Osnabrück,FC St. Pauli,1,1
2023-12-09,Union Berlin,Borussia Mönchengladbach,3,1
2023-12-09,Eintracht Frankfurt,Bayern Munich,5,1
2023-12-09,Wolfsburg,SC Freiburg,0,1
2023-12-09,Werder Bremen,Augsburg,2,0
2023-12-09,1. FC Heidenheim,SV Darmstadt 98,3,2
2023-12-09,Borussia Dortmund,RB Leipzig,2,3
2023-12-09,Crystal Palace,Liverpool,1,2
2023-12-09,Brighton & Hove Albion,Burnley,1,1
2023-12-09,Manchester United,Bournemouth,0,3
2023-12-09,Sheffield United,Brentford,1,0
2023-12-09,Wolverhampton Wanderers,Nottingham Forest,1,1
2023-12-09,Aston Villa,Arsenal,1,0
2023-12-10,Fortuna Düsseldorf,Holstein Kiel,0,1
2023-12-10,Hansa Rostock,Schalke 04,0,2
2023-12-10,Elversberg,1. FC Nürnberg,0,1
2023-12-10,VfB Stuttgart,Bayer Leverkusen,1,1
2023-12-10,1. FC Köln,1. FSV Mainz 05,0,0
2023-12-10,Everton,Chelsea,2,0
2023-12-10,Fulham,West Ham United,5,0
2023-12-10,Luton Town,Manchester City,1,2
2023-12-10,Tottenham,Newcastle United,4,1
2023-12-12,PSV Eindhoven,Arsenal,1,1
2023-12-12,RC Lens,Sevilla,2,1
2023-12-12,Union Berlin,Real Madrid CF,2,3
2023-12-12,Napoli,Braga,2,0
2023-12-12,FC Internazionale Milano,Real Sociedad de Fútbol,0,0
2023-12-12,RB Salzburg,Sport Lisboa e Benfica,1,3
2023-12-12,Manchester United,Bayern Munich,0,1
2023-12-12,Copenhagen,Galatasaray SK,1,0
2023-12-13,RB Leipzig,BSC Young Boys,2,1
2023-12-13,FK Crvena Zvezda,Manchester City,2,3
2023-12-13,Club Atlético de Madrid,SS Lazio,2,0
2023-12-13,Celtic,Feyenoord,2,1
2023-12-13,Newcastle United,Milan,1,2
2023-12-13,Borussia Dortmund,Paris Saint Germain,1,1
2023-12-13,Royal Antwerp FC,Barcelona,3,2
2023-12-13,Porto,FK Shakhtar Donetsk,5,3
2023-12-15,Schalke 04,Greuther Fürth,2,2
2023-12-15,SC Paderborn,Hansa Rostock,3,0
2023-12-15,Borussia Mönchengladbach,Werder Bremen,2,2
2023-12-15,Nottingham Forest,Tottenham,0,2
2023-12-16,Hertha Berlin,VfL Osnabrück,0,0
2023-12-16,1. FC Magdeburg,Fortuna Düsseldorf,2,3
2023-12-16,1. FC Nürnberg,Hamburger SV,0,2
2023-12-16,Holstein Kiel,Hannover 96,3,0
2023-12-16,1. FSV Mainz 05,1. FC Heidenheim,0,1
2023-12-16,VfL Bochum,Union Berlin,3,0
2023-12-16,Augsburg,Borussia Dortmund,1,1
2023-12-16,SV Darmstadt 98,Wolfsburg,0,1
2023-12-16,RB Leipzig,TSG Hoffenheim,3,1
2023-12-16,Chelsea,Sheffield United,2,0
2023-12-16,Manchester City,Crystal Palace,2,2
2023-12-16,Newcastle United,Fulham,3,0
2023-12-16,Burnley,Everton,0,2
2023-12-17,FC St. Pauli,SV Wehen Wiesbaden,1,1
2023-12-17,Karlsruher SC,Elversberg,3,2
2023-12-17,Eintracht Braunschweig,1. FC Kaiserslautern,2,1
2023-12-17,SC Freiburg,1. FC Köln,2,0
2023-12-17,Bayer Leverkusen,Eintracht Frankfurt,3,0
2023-12-17,Bayern Munich,VfB Stuttgart,3,0
2023-12-17,Arsenal,Brighton & Hove Albion,2,0
2023-12-17,Brentford,Aston Villa,1,2
2023-12-17,West Ham United,Wolverhampton Wanderers,3,0
2023-12-17,Liverpool,Manchester United,0,0
2023-12-19,Werder Bremen,RB Leipzig,1,1
2023-12-19,Borussia Dortmund,1. FSV Mainz 05,1,1
2023-12-19,TSG Hoffenheim,SV Darmstadt 98,3,3
2023-12-20,Union Berlin,1. FC Köln,2,0
2023-12-20,Bayer Leverkusen,VfL Bochum,4,0
2023-12-20,Eintracht Frankfurt,Borussia Mönchengladbach,2,1
2023-12-20,Wolfsburg,Bayern Munich,1,2
2023-12-20,VfB Stuttgart,Augsburg,3,0
2023-12-20,1. FC Heidenheim,SC Freiburg,3,2
2023-12-21,Crystal Palace,Brighton & Hove Albion,1,1
2023-12-22,Aston Villa,Sheffield United,1,1
2023-12-23,West Ham United,Manchester United,2,0
2023-12-23,Fulham,Burnley,0,2
2023-12-23,Luton Town,Newcastle United,1,0
2023-12-23,Nottingham Forest,Bournemouth,2,3
2023-12-23,Tottenham,Everton,2,1
2023-12-23,Liverpool,Arsenal,1,1
2023-12-24,Wolverhampton Wanderers,Chelsea,2,1
2023-12-26,Newcastle United,Nottingham Forest,1,3
2023-12-26,Bournemouth,Fulham,3,0
2023-12-26,Sheffield United,Luton Town,2,3
2023-12-26,Burnley,Liverpool,0,2
2023-12-26,Manchester United,Aston Villa,3,2
2023-12-27,Brentford,Wolverhampton Wanderers,1,4
2023-12-27,Chelsea,Crystal Palace,2,1
2023-12-27,Everton,Manchester City,1,3
2023-12-28,Brighton & Hove Albion,Tottenham,4,2
2023-12-28,Arsenal,West Ham United,0,2
2023-12-30,Luton Town,Chelsea,2,3
2023-12-30,Aston Villa,Burnley,3,2
2023-12-30,Crystal Palace,Brentford,3,1
2023-12-30,Manchester City,Sheffield United,2,0
2023-12-30,Wolverhampton Wanderers,Everton,3,0
2023-12-30,Nottingham Forest,Manchester United,2,1
2023-12-31,Fulham,Arsenal,2,1
2023-12-31,Tottenham,Bournemouth,3,1
2024-01-01,Liverpool,Newcastle United,4,2
2024-01-02,West Ham United,Brighton & Hove Albion,0,0
2024-01-12,Bayern Munich,TSG Hoffenheim,3,0
2024-01-12,Burnley,Luton Town,1,1
2024-01-13,RB Leipzig,Eintracht Frankfurt,0,1
2024-01-13,SC Freiburg,Union Berlin,0,0
2024-01-13,1. FSV Mainz 05,Wolfsburg,1,1
2024-01-13,1. FC Köln,1. FC Heidenheim,1,1
2024-01-13,Augsburg,Bayer Leverkusen,0,1
2024-01-13,SV Darmstadt 98,Borussia Dortmund,0,3
2024-01-13,Chelsea,Fulham,1,0
2024-01-13,Newcastle United,Manchester City,2,3
2024-01-14,VfL Bochum,Werder Bremen,1,1
2024-01-14,Borussia Mönchengladbach,VfB Stuttgart,3,1
2024-01-14,Everton,Aston Villa,0,0
2024-01-14,Manchester United,Tottenham,2,2
2024-01-19,Karlsruher SC,VfL Osnabrück,2,1
2024-01-19,Holstein Kiel,Eintracht Braunschweig,1,2
2024-01-20,FC St. Pauli,1. FC Kaiserslautern,2,0
2024-01-20,1. FC Nürnberg,Hansa Rostock,3,0
2024-01-20,Elversberg,Hannover 96,2,2
2024-01-20,Schalke 04,Hamburger SV,0,2
2024-01-20,SC Freiburg,TSG Hoffenheim,3,2
2024-01-20,1. FC Köln,Borussia Dortmund,0,4
2024-01-20,VfL Bochum,VfB Stuttgart,1,0
2024-01-20,1. FC Heidenheim,Wolfsburg,1,1
2024-01-20,SV Darmstadt 98,Eintracht Frankfurt,2,2
2024-01-20,RB Leipzig,Bayer Leverkusen,2,3
2024-01-20,Arsenal,Crystal Palace,5,0
2024-01-20,Brentford,Nottingham Forest,3,2
2024-01-21,Hertha Berlin,Fortuna Düsseldorf,2,2
2024-01-21,SC Paderborn,Greuther Fürth,0,1
2024-01-21,1. FC Magdeburg,SV Wehen Wiesbaden,1,0
2024-01-21,Bayern Munich,Werder Bremen,0,1
2024-01-21,Borussia Mönchengladbach,Augsburg,1,2
2024-01-21,Sheffield United,West Ham United,2,2
2024-01-21,Bournemouth,Liverpool,0,4
2024-01-22,Brighton & Hove Albion,Wolverhampton Wanderers,0,0
2024-01-24,Bayern Munich,Union Berlin,1,0
2024-01-26,1. FC Kaiserslautern,Schalke 04,4,1
2024-01-26,Hannover 96,1. FC Nürnberg,3,0
2024-01-26,Eintracht Frankfurt,1. FSV Mainz 05,1,0
2024-01-27,Hansa Rostock,Elversberg,2,1
2024-01-27,VfL Osnabrück,SC Paderborn,0,0
2024-01-27,SV Wehen Wiesbaden,Hertha Berlin,3,1
2024-01-27,Fortuna Düsseldorf,FC St. Pauli,1,2
2024-01-27,Wolfsburg,1. FC Köln,1,1
2024-01-27,TSG Hoffenheim,1. FC Heidenheim,1,1
2024-01-27,Werder Bremen,SC Freiburg,3,1
2024-01-27,Augsburg,Bayern Munich,2,3
2024-01-27,VfB Stuttgart,RB Leipzig,5,2
2024-01-27,Bayer Leverkusen,Borussia Mönchengladbach,0,0
2024-01-28,Hamburger SV,Karlsruher SC,3,4
2024-01-28,Greuther Fürth,Holstein Kiel,2,1
2024-01-28,Eintracht Braunschweig,1. FC Magdeburg,1,0
2024-01-28,Union Berlin,SV Darmstadt 98,1,0
2024-01-28,Borussia Dortmund,VfL Bochum,3,1
2024-01-30,Nottingham Forest,Arsenal,1,2
2024-01-30,Fulham,Everton,0,0
2024-01-30,Luton Town,Brighton & Hove Albion,4,0
2024-01-30,Crystal Palace,Sheffield United,3,2
2024-01-30,Aston Villa,Newcastle United,1,3
2024-01-31,Manchester City,Burnley,3,1
2024-01-31,Tottenham,Brentford,3,2
2024-01-31,Liverpool,Chelsea,4,1
2024-02-01,West Ham United,Bournemouth,1,1
2024-02-01,Wolverhampton Wanderers,Manchester United,3,4
2024-02-02,Karlsruher SC,SV Wehen Wiesbaden,2,2
2024-02-02,1. FC Magdeburg,Holstein Kiel,1,1
2024-02-02,1. FC Heidenheim,Borussia Dortmund,0,0
2024-02-03,Schalke 04,Eintracht Braunschweig,1,0
2024-02-03,FC St. Pauli,Greuther Fürth,3,2
2024-02-03,1. FC Nürnberg,VfL Osnabrück,2,2
2024-02-03,Hertha Berlin,Hamburger SV,1,2
2024-02-03,Bayern Munich,Borussia Mönchengladbach,3,1
2024-02-03,SC Freiburg,VfB Stuttgart,1,3
2024-02-03,1. FSV Mainz 05,Werder Bremen,0,1
2024-02-03,VfL Bochum,Augsburg,1,1
2024-02-03,SV Darmstadt 98,Bayer Leverkusen,0,2
2024-02-03,1. FC Köln,Eintracht Frankfurt,2,0
2024-02-03,Everton,Tottenham,2,2
2024-02-03,Brighton & Hove Albion,Crystal Palace,4,1
2024-02-03,Burnley,Fulham,2,2
2024-02-03,Newcastle United,Luton Town,4,4
2024-02-03,Sheffield United,Aston Villa,0,5
2024-02-04,SC Paderborn,Fortuna Düsseldorf,4,3
2024-02-04,Hannover 96,Hansa Rostock,2,1
2024-02-04,Elversberg,1. FC Kaiserslautern,2,1
2024-02-04,Wolfsburg,TSG Hoffenheim,2,2
2024-02-04,RB Leipzig,Union Berlin,2,0
2024-02-04,Bournemouth,Nottingham Forest,1,1
2024-02-04,Chelsea,Wolverhampton Wanderers,2,4
2024-02-04,Manchester United,West Ham United,3,0
2024-02-04,Arsenal,Liverpool,3,1
2024-02-05,Brentford,Manchester City,1,3
2024-02-07,1. FSV Mainz 05,Union Berlin,1,1
2024-02-09,Hamburger SV,Hannover 96,3,4
2024-02-09,SV Wehen Wiesbaden,1. FC Nürnberg,1,1
2024-02-09,Borussia Dortmund,SC Freiburg,3,0
2024-02-10,Fortuna Düsseldorf,Elversberg,1,1
2024-02-10,1. FC Magdeburg,FC St. Pauli,1,0
2024-02-10,Eintracht Braunschweig,Karlsruher SC,2,0
2024-02-10,1. FC Kaiserslautern,SC Paderborn,1,2
2024-02-10,Union Berlin,Wolfsburg,1,0
2024-02-10,Eintracht Frankfurt,VfL Bochum,1,1
2024-02-10,Borussia Mönchengladbach,SV Darmstadt 98,0,0
2024-02-10,Werder Bremen,1. FC Heidenheim,1,2
2024-02-10,Augsburg,RB Leipzig,2,2
2024-02-10,Bayer Leverkusen,Bayern Munich,3,0
2024-02-10,Manchester City,Everton,2,0
2024-02-10,Fulham,Bournemouth,3,1
2024-02-10,Liverpool,Burnley,3,1
2024-02-10,Luton Town,Sheffield United,1,3
2024-02-10,Tottenham,Brighton & Hove Albion,2,1
2024-02-10,Wolverhampton Wanderers,Brentford,0,2
2024-02-10,Nottingham Forest,Newcastle United,2,3
2024-02-11,Holstein Kiel,Schalke 04,1,0
2024-02-11,Greuther Fürth,Hertha Berlin,1,2
2024-02-11,VfL Osnabrück,Hansa Rostock,0,0
2024-02-11,VfB Stuttgart,1. FSV Mainz 05,3,1
2024-02-11,TSG Hoffenheim,1. FC Köln,1,1
2024-02-11,West Ham United,Arsenal,0,6
2024-02-11,Aston Villa,Manchester United,1,2
2024-02-12,Crystal Palace,Chelsea,1,3
2024-02-13,Copenhagen,Manchester City,1,3
2024-02-13,RB Leipzig,Real Madrid CF,0,1
2024-02-14,Paris Saint Germain,Real Sociedad de Fútbol,2,0
2024-02-14,SS Lazio,Bayern Munich,1,0
2024-02-16,Hertha Berlin,1. FC Magdeburg,3,2
2024-02-16,Hannover 96,Greuther Fürth,2,1
2024-02-16,1. FC Köln,Werder Bremen,0,1
2024-02-17,Schalke 04,SV Wehen Wiesbaden,1,0
2024-02-17,SC Paderborn,Holstein Kiel,0,4
2024-02-17,Hansa Rostock,Hamburger SV,2,2
2024-02-17,Karlsruher SC,Fortuna Düsseldorf,2,2
2024-02-17,Wolfsburg,Borussia Dortmund,1,1
2024-02-17,1. FSV Mainz 05,Augsburg,1,0
2024-02-17,TSG Hoffenheim,Union Berlin,0,1
2024-02-17,1. FC Heidenheim,Bayer Leverkusen,1,2
2024-02-17,SV Darmstadt 98,VfB Stuttgart,1,2
2024-02-17,RB Leipzig,Borussia Mönchengladbach,2,0
2024-02-17,Brentford,Liverpool,1,4
2024-02-17,Burnley,Arsenal,0,5
2024-02-17,Fulham,Aston Villa,1,2
2024-02-17,Newcastle United,Bournemouth,2,2
2024-02-17,Nottingham Forest,West Ham United,2,0
2024-02-17,Tottenham,Wolverhampton Wanderers,1,2
2024-02-17,Manchester City,Chelsea,1,1
2024-02-18,FC St. Pauli,Eintracht Braunschweig,1,0
2024-02-18,1. FC Nürnberg,1. FC Kaiserslautern,1,1
2024-02-18,Elversberg,VfL Osnabrück,3,1
2024-02-18,SC Freiburg,Eintracht Frankfurt,3,3
2024-02-18,VfL Bochum,Bayern Munich,3,2
2024-02-18,Sheffield United,Brighton & Hove Albion,0,5
2024-02-18,Luton Town,Manchester United,1,2
2024-02-19,Everton,Crystal Palace,1,1
2024-02-20,FC Internazionale Milano,Club Atlético de Madrid,1,0
2024-02-20,PSV Eindhoven,Borussia Dortmund,1,1
2024-02-20,Manchester City,Brentford,1,0
2024-02-21,Porto,Arsenal,1,0
2024-02-21,Napoli,Barcelona,1,1
2024-02-21,Liverpool,Luton Town,4,1
2024-02-23,Holstein Kiel,FC St. Pauli,3,4
2024-02-23,SV Wehen Wiesbaden,SC Paderborn,1,2
2024-02-23,Bayer Leverkusen,1. FSV Mainz 05,2,1
2024-02-24,1. FC Kaiserslautern,Karlsruher SC,0,4
2024-02-24,Eintracht Braunschweig,Hertha Berlin,1,1
2024-02-24,VfL Osnabrück,Hannover 96,1,0
2024-02-24,1. FC Magdeburg,Schalke 04,3,0
2024-02-24,Union Berlin,1. FC Heidenheim,2,2
2024-02-24,Borussia Mönchengladbach,VfL Bochum,5,2
2024-02-24,Werder Bremen,SV Darmstadt 98,1,1
2024-02-24,VfB Stuttgart,1. FC Köln,1,1
2024-02-24,Bayern Munich,RB Leipzig,2,1
2024-02-24,Aston Villa,Nottingham Forest,4,2
2024-02-24,Brighton & Hove Albion,Everton,1,1
2024-02-24,Crystal Palace,Burnley,3,0
2024-02-24,Manchester United,Fulham,1,2
2024-02-24,Bournemouth,Manchester City,0,1
2024-02-24,Arsenal,Newcastle United,4,1
2024-02-25,Hamburger SV,Elversberg,1,0
2024-02-25,Fortuna Düsseldorf,Hansa Rostock,2,0
2024-02-25,Greuther Fürth,1. FC Nürnberg,2,1
2024-02-25,Eintracht Frankfurt,Wolfsburg,2,2
2024-02-25,Borussia Dortmund,TSG Hoffenheim,2,3
2024-02-25,Augsburg,SC Freiburg,2,1
2024-02-25,Wolverhampton Wanderers,Sheffield United,1,0
2024-02-26,West Ham United,Brentford,4,2
2024-03-01,Schalke 04,FC St. Pauli,3,1
2024-03-01,Hertha Berlin,Holstein Kiel,2,2
2024-03-01,SC Freiburg,Bayern Munich,2,2
2024-03-02,Hannover 96,Fortuna Düsseldorf,2,2
2024-03-02,Hansa Rostock,1. FC Kaiserslautern,0,3
2024-03-02,1. FC Nürnberg,Eintracht Braunschweig,2,1
2024-03-02,Karlsruher SC,Greuther Fürth,4,0
2024-03-02,Union Berlin,Borussia Dortmund,0,2
2024-03-02,1. FSV Mainz 05,Borussia Mönchengladbach,1,1
2024-03-02,VfL Bochum,RB Leipzig,1,4
2024-03-02,1. FC Heidenheim,Eintracht Frankfurt,1,2
2024-03-02,SV Darmstadt 98,Augsburg,0,6
2024-03-02,Wolfsburg,VfB Stuttgart,2,3
2024-03-02,Brentford,Chelsea,2,2
2024-03-02,Everton,West Ham United,1,3
2024-03-02,Fulham,Brighton & Hove Albion,3,0
2024-03-02,Newcastle United,Wolverhampton Wanderers,3,0
2024-03-02,Nottingham Forest,Liverpool,0,1
2024-03-02,Tottenham,Crystal Palace,3,1
2024-03-02,Luton Town,Aston Villa,2,3
2024-03-03,Hamburger SV,VfL Osnabrück,1,2
2024-03-03,SC Paderborn,1. FC Magdeburg,0,0
2024-03-03,Elversberg,SV Wehen Wiesbaden,0,3
2024-03-03,1. FC Köln,Bayer Leverkusen,0,2
2024-03-03,TSG Hoffenheim,Werder Bremen,2,1
2024-03-03,Burnley,Bournemouth,0,2
2024-03-03,Manchester City,Manchester United,3,1
2024-03-04,Sheffield United,Arsenal,0,6
2024-03-05,Real Sociedad de Fútbol,Paris Saint Germain,1,2
2024-03-05,Bayern Munich,SS Lazio,3,0
2024-03-06,Manchester City,Copenhagen,3,1
2024-03-06,Real Madrid CF,RB Leipzig,1,1
2024-03-08,Fortuna Düsseldorf,Hamburger SV,2,0
2024-03-08,Eintracht Braunschweig,Hansa Rostock,0,1
2024-03-08,VfB Stuttgart,Union Berlin,2,0
2024-03-09,Schalke 04,SC Paderborn,3,3
2024-03-09,Holstein Kiel,Karlsruher SC,1,0
2024-03-09,SV Wehen Wiesbaden,Hannover 96,1,1
2024-03-09,1. FC Magdeburg,1. FC Nürnberg,0,1
2024-03-09,Bayern Munich,1. FSV Mainz 05,8,1
2024-03-09,RB Leipzig,SV Darmstadt 98,2,0
2024-03-09,Borussia Mönchengladbach,1. FC Köln,3,3
2024-03-09,Augsburg,1. FC Heidenheim,1,0
2024-03-09,Werder Bremen,Borussia Dortmund,1,2
2024-03-09,Manchester United,Everton,2,0
2024-03-09,Bournemouth,Sheffield United,2,2
2024-03-09,Crystal Palace,Luton Town,1,1
2024-03-09,Wolverhampton Wanderers,Fulham,2,1
2024-03-09,Arsenal,Brentford,2,1
2024-03-10,FC St. Pauli,Hertha Berlin,2,0
2024-03-10,1. FC Kaiserslautern,VfL Osnabrück,3,2
2024-03-10,Greuther Fürth,Elversberg,1,4
2024-03-10,VfL Bochum,SC Freiburg,1,2
2024-03-10,Eintracht Frankfurt,TSG Hoffenheim,3,1
2024-03-10,Bayer Leverkusen,Wolfsburg,2,0
2024-03-10,Aston Villa,Tottenham,0,4
2024-03-10,Brighton & Hove Albion,Nottingham Forest,1,0
2024-03-10,West Ham United,Burnley,2,2
2024-03-10,Liverpool,Manchester City,1,1
2024-03-11,Chelsea,Newcastle United,3,2
2024-03-12,Arsenal,Porto,1,0
2024-03-12,Barcelona,Napoli,3,1
2024-03-13,Club Atlético de Madrid,FC Internazionale Milano,2,1
2024-03-13,Borussia Dortmund,PSV Eindhoven,2,0
2024-03-13,Bournemouth,Luton Town,4,3
2024-03-15,SC Paderborn,Eintracht Braunschweig,1,2
2024-03-15,VfL Osnabrück,Fortuna Düsseldorf,0,4
2024-03-15,1. FC Köln,RB Leipzig,1,5
2024-03-16,Hansa Rostock,Greuther Fürth,1,0
2024-03-16,1. FC Nürnberg,FC St. Pauli,0,2
2024-03-16,Elversberg,Holstein Kiel,0,2
2024-03-16,Hannover 96,1. FC Kaiserslautern,1,1
2024-03-16,Union Berlin,Werder Bremen,2,1
2024-03-16,Wolfsburg,Augsburg,1,3
2024-03-16,1. FSV Mainz 05,VfL Bochum,2,0
2024-03-16,1. FC Heidenheim,Borussia Mönchengladbach,1,1
2024-03-16,SV Darmstadt 98,Bayern Munich,2,5
2024-03-16,TSG Hoffenheim,VfB Stuttgart,0,3
2024-03-16,Burnley,Brentford,2,1
2024-03-16,Luton Town,Nottingham Forest,1,1
2024-03-16,Fulham,Tottenham,3,0
2024-03-17,Hertha Berlin,Schalke 04,5,2
2024-03-17,Hamburger SV,SV Wehen Wiesbaden,3,0
2024-03-17,Karlsruher SC,1. FC Magdeburg,7,0
2024-03-17,SC Freiburg,Bayer Leverkusen,2,3
2024-03-17,Borussia Dortmund,Eintracht Frankfurt,3,1
2024-03-17,West Ham United,Aston Villa,1,1
2024-03-30,Holstein Kiel,Hansa Rostock,2,0
2024-03-30,1. FC Kaiserslautern,Fortuna Düsseldorf,1,3
2024-03-30,Eintracht Braunschweig,Elversberg,5,0
2024-03-30,Hertha Berlin,1. FC Nürnberg,3,3
2024-03-30,RB Leipzig,1. FSV Mainz 05,0,0
2024-03-30,Bayer Leverkusen,TSG Hoffenheim,2,1
2024-03-30,Eintracht Frankfurt,Union Berlin,0,0
2024-03-30,Borussia Mönchengladbach,SC Freiburg,0,3
2024-03-30,Werder Bremen,Wolfsburg,0,2
2024-03-30,Bayern Munich,Borussia Dortmund,0,2
2024-03-30,Newcastle United,West Ham United,4,3
2024-03-30,Bournemouth,Everton,2,1
2024-03-30,Chelsea,Burnley,2,2
2024-03-30,Nottingham Forest,Crystal Palace,1,1
2024-03-30,Sheffield United,Fulham,3,3
2024-03-30,Tottenham,Luton Town,2,1
2024-03-30,Aston Villa,Wolverhampton Wanderers,2,0
2024-03-30,Brentford,Manchester United,1,1
2024-03-31,Schalke 04,Karlsruher SC,0,0
2024-03-31,FC St. Pauli,SC Paderborn,2,1
2024-03-31,1. FC Magdeburg,Hannover 96,0,3
2024-03-31,Greuther Fürth,Hamburger SV,1,1
2024-03-31,SV Wehen Wiesbaden,VfL Osnabrück,0,1
2024-03-31,Augsburg,1. FC Köln,1,1
2024-03-31,VfB Stuttgart,1. FC Heidenheim,3,3
2024-03-31,VfL Bochum,SV Darmstadt 98,2,2
2024-03-31,Liverpool,Brighton & Hove Albion,2,1
2024-03-31,Manchester City,Arsenal,0,0
2024-04-02,Newcastle United,Everton,1,1
2024-04-02,Nottingham Forest,Fulham,3,1
2024-04-02,Bournemouth,Crystal Palace,1,0
2024-04-02,Burnley,Wolverhampton Wanderers,1,1
2024-04-02,West Ham United,Tottenham,1,1
2024-04-03,Arsenal,Luton Town,2,0
2024-04-03,Brentford,Brighton & Hove Albion,0,0
2024-04-03,Manchester City,Aston Villa,4,1
2024-04-04,Liverpool,Sheffield United,3,1
2024-04-04,Chelsea,Manchester United,4,3
2024-04-05,SC Paderborn,Hertha Berlin,2,3
2024-04-05,Hansa Rostock,SV Wehen Wiesbaden,3,1
2024-04-05,Eintracht Frankfurt,Werder Bremen,1,1
2024-04-06,Hamburger SV,1. FC Kaiserslautern,2,1
2024-04-06,1. FC Nürnberg,Holstein Kiel,0,4
2024-04-06,Elversberg,1. FC Magdeburg,0,0
2024-04-06,Karlsruher SC,FC St. Pauli,2,1
2024-04-06,Union Berlin,Bayer Leverkusen,0,1
2024-04-06,SC Freiburg,RB Leipzig,1,4
2024-04-06,1. FSV Mainz 05,SV Darmstadt 98,4,0
2024-04-06,1. FC Köln,VfL Bochum,2,1
2024-04-06,1. FC Heidenheim,Bayern Munich,3,2
2024-04-06,Borussia Dortmund,VfB Stuttgart,0,1
2024-04-06,Crystal Palace,Manchester City,2,4
2024-04-06,Aston Villa,Brentford,3,3
2024-04-06,Everton,Burnley,1,0
2024-04-06,Fulham,Newcastle United,0,1
2024-04-06,Luton Town,Bournemouth,2,1
2024-04-06,Wolverhampton Wanderers,West Ham United,1,2
2024-04-06,Brighton & Hove Albion,Arsenal,0,3
2024-04-07,Fortuna Düsseldorf,Eintracht Braunschweig,2,0
2024-04-07,Hannover 96,Schalke 04,1,1
2024-04-07,VfL Osnabrück,Greuther Fürth,2,0
2024-04-07,TSG Hoffenheim,Augsburg,3,1
2024-04-07,Wolfsburg,Borussia Mönchengladbach,1,3
2024-04-07,Manchester United,Liverpool,2,2
2024-04-07,Sheffield United,Chelsea,2,2
2024-04-07,Tottenham,Nottingham Forest,3,1
2024-04-09,Arsenal,Bayern Munich,2,2
2024-04-09,Real Madrid CF,Manchester City,3,3
2024-04-10,Club Atlético de Madrid,Borussia Dortmund,2,1
2024-04-10,Paris Saint Germain,Barcelona,2,3
2024-04-12,Hertha Berlin,Hansa Rostock,4,0
2024-04-12,Greuther Fürth,1. FC Kaiserslautern,2,1
2024-04-12,Augsburg,Union Berlin,2,0
2024-04-13,SC Paderborn,Karlsruher SC,1,1
2024-04-13,Holstein Kiel,VfL Osnabrück,4,0
2024-04-13,SV Wehen Wiesbaden,Fortuna Düsseldorf,0,2
2024-04-13,Schalke 04,1. FC Nürnberg,2,0
2024-04-13,Bayern Munich,1. FC Köln,2,0
2024-04-13,RB Leipzig,Wolfsburg,3,0
2024-04-13,1. FSV Mainz 05,TSG Hoffenheim,4,1
2024-04-13,Borussia Mönchengladbach,Borussia Dortmund,1,2
2024-04-13,VfL Bochum,1. FC Heidenheim,1,1
2024-04-13,VfB Stuttgart,Eintracht Frankfurt,3,0
2024-04-13,Newcastle United,Tottenham,4,0
2024-04-13,Brentford,Sheffield United,2,0
2024-04-13,Burnley,Brighton & Hove Albion,1,1
2024-04-13,Manchester City,Luton Town,5,1
2024-04-13,Nottingham Forest,Wolverhampton Wanderers,2,2
2024-04-13,Bournemouth,Manchester United,2,2
2024-04-14,FC St. Pauli,Elversberg,3,4
2024-04-14,1. FC Magdeburg,Hamburger SV,2,2
2024-04-14,Eintracht Braunschweig,Hannover 96,0,0
2024-04-14,SV Darmstadt 98,SC Freiburg,0,1
2024-04-14,Bayer Leverkusen,Werder Bremen,5,0
2024-04-14,Liverpool,Crystal Palace,0,1
2024-04-14,West Ham United,Fulham,0,2
2024-04-14,Arsenal,Aston Villa,0,2
2024-04-15,Chelsea,Everton,6,0
2024-04-16,Borussia Dortmund,Club Atlético de Madrid,4,2
2024-04-16,Barcelona,Paris Saint Germain,1,4
2024-04-17,Bayern Munich,Arsenal,1,0
2024-04-17,Manchester City,Real Madrid CF,1,1
2024-04-19,1. FC Nürnberg,SC Paderborn,0,2
2024-04-19,Elversberg,Schalke 04,1,1
2024-04-19,Eintracht Frankfurt,Augsburg,3,1
2024-04-20,Fortuna Düsseldorf,Greuther Fürth,1,0
2024-04-20,1. FC Kaiserslautern,SV Wehen Wiesbaden,1,1
2024-04-20,VfL Osnabrück,Eintracht Braunschweig,0,3
2024-04-20,Hamburger SV,Holstein Kiel,0,1
2024-04-20,Wolfsburg,VfL Bochum,1,0
2024-04-20,1. FC Köln,SV Darmstadt 98,0,2
2024-04-20,TSG Hoffenheim,Borussia Mönchengladbach,4,3
2024-04-20,1. FC Heidenheim,RB Leipzig,1,2
2024-04-20,Union Berlin,Bayern Munich,1,5
2024-04-20,Luton Town,Brentford,1,5
2024-04-20,Sheffield United,Burnley,1,4
2024-04-20,Wolverhampton Wanderers,Arsenal,0,2
2024-04-21,Karlsruher SC,Hertha Berlin,3,2
2024-04-21,Hannover 96,FC St. Pauli,1,2
2024-04-21,Hansa Rostock,1. FC Magdeburg,0,2
2024-04-21,Werder Bremen,VfB Stuttgart,2,1
2024-04-21,Borussia Dortmund,Bayer Leverkusen,1,1
2024-04-21,SC Freiburg,1. FSV Mainz 05,1,1
2024-04-21,Everton,Nottingham Forest,2,0
2024-04-21,Aston Villa,Bournemouth,3,1
2024-04-21,Crystal Palace,West Ham United,5,2
2024-04-21,Fulham,Liverpool,1,3
2024-04-23,Arsenal,Chelsea,5,0
2024-04-24,Wolverhampton Wanderers,Bournemouth,0,1
2024-04-24,Crystal Palace,Newcastle United,2,0
2024-04-24,Everton,Liverpool,2,0
2024-04-24,Manchester United,Sheffield United,4,2
2024-04-25,Brighton & Hove Albion,Manchester City,0,4
2024-04-26,Hertha Berlin,Hannover 96,1,1
2024-04-26,FC St. Pauli,Hansa Rostock,1,0
2024-04-26,VfL Bochum,TSG Hoffenheim,3,2
2024-04-27,SC Paderborn,Elversberg,3,1
2024-04-27,Holstein Kiel,1. FC Kaiserslautern,1,3
2024-04-27,Eintracht Braunschweig,Hamburger SV,0,4
2024-04-27,Schalke 04,Fortuna Düsseldorf,1,1
2024-04-27,Bayern Munich,Eintracht Frankfurt,2,1
2024-04-27,RB Leipzig,Borussia Dortmund,4,1
2024-04-27,SC Freiburg,Wolfsburg,1,2
2024-04-27,Augsburg,Werder Bremen,0,3
2024-04-27,Bayer Leverkusen,VfB Stuttgart,2,2
2024-04-27,West Ham United,Liverpool,2,2
2024-04-27,Fulham,Crystal Palace,1,1
2024-04-27,Manchester United,Burnley,1,1
2024-04-27,Newcastle United,Sheffield United,5,1
2024-04-27,Wolverhampton Wanderers,Luton Town,2,1
2024-04-27,Everton,Brentford,1,0
2024-04-27,Aston Villa,Chelsea,2,2
2024-04-28,1. FC Magdeburg,VfL Osnabrück,1,1
2024-04-28,1. FC Nürnberg,Karlsruher SC,0,1
2024-04-28,SV Wehen Wiesbaden,Greuther Fürth,3,5
2024-04-28,Borussia Mönchengladbach,Union Berlin,0,0
2024-04-28,1. FSV Mainz 05,1. FC Köln,1,1
2024-04-28,SV Darmstadt 98,1. FC Heidenheim,0,1
2024-04-28,Bournemouth,Brighton & Hove Albion,3,0
2024-04-28,Tottenham,Arsenal,2,3
2024-04-28,Nottingham Forest,Manchester City,0,2
2024-04-30,Bayern Munich,Real Madrid CF,2,2
2024-05-01,Borussia Dortmund,Paris Saint Germain,1,0
2024-05-02,Chelsea,Tottenham,2,0
2024-05-03,Hamburger SV,FC St. Pauli,1,0
2024-05-03,Fortuna Düsseldorf,1. FC Nürnberg,3,1
2024-05-03,TSG Hoffenheim,RB Leipzig,1,1
2024-05-03,Luton Town,Everton,1,1
2024-05-04,Greuther Fürth,Eintracht Braunschweig,3,3
2024-05-04,Hansa Rostock,Karlsruher SC,1,2
2024-05-04,1. FC Kaiserslautern,1. FC Magdeburg,4,1
2024-05-04,Borussia Dortmund,Augsburg,5,1
2024-05-04,Wolfsburg,SV Darmstadt 98,3,0
2024-05-04,Werder Bremen,Borussia Mönchengladbach,2,2
2024-05-04,VfB Stuttgart,Bayern Munich,3,1
2024-05-04,1. FC Köln,SC Freiburg,0,0
2024-05-04,Arsenal,Bournemouth,3,0
2024-05-04,Brentford,Fulham,0,0
2024-05-04,Burnley,Newcastle United,1,4
2024-05-04,Sheffield United,Nottingham Forest,1,3
2024-05-04,Manchester City,Wolverhampton Wanderers,5,1
2024-05-05,Hannover 96,SC Paderborn,3,2
2024-05-05,Elversberg,Hertha Berlin,4,2
2024-05-05,SV Wehen Wiesbaden,Holstein Kiel,0,1
2024-05-05,Union Berlin,VfL Bochum,3,4
2024-05-05,Eintracht Frankfurt,Bayer Leverkusen,1,5
2024-05-05,1. FC Heidenheim,1. FSV Mainz 05,1,1
2024-05-05,Brighton & Hove Albion,Aston Villa,1,0
2024-05-05,Chelsea,West Ham United,5,0
2024-05-05,Liverpool,Tottenham,4,2
2024-05-06,Crystal Palace,Manchester United,4,0
2024-05-07,VfL Osnabrück,Schalke 04,0,4
2024-05-07,Paris Saint Germain,Borussia Dortmund,0,1
2024-05-08,Real Madrid CF,Bayern Munich,2,1
2024-05-10,SC Paderborn,Hamburger SV,1,0
2024-05-10,1. FC Magdeburg,Greuther Fürth,0,0
2024-05-10,Augsburg,VfB Stuttgart,0,1
2024-05-11,Schalke 04,Hansa Rostock,2,1
2024-05-11,Hertha Berlin,1. FC Kaiserslautern,3,1
2024-05-11,1. FC Nürnberg,Elversberg,3,0
2024-05-11,Holstein Kiel,Fortuna Düsseldorf,1,1
2024-05-11,RB Leipzig,Werder Bremen,1,1
2024-05-11,SC Freiburg,1. FC Heidenheim,1,1
2024-05-11,Borussia Mönchengladbach,Eintracht Frankfurt,1,1
2024-05-11,1. FC Köln,Union Berlin,3,2
2024-05-11,1. FSV Mainz 05,Borussia Dortmund,3,0
2024-05-11,Fulham,Manchester City,0,4
2024-05-11,Bournemouth,Brentford,1,2
2024-05-11,Everton,Sheffield United,1,0
2024-05-11,Newcastle United,Brighton & Hove Albion,1,1
2024-05-11,Tottenham,Burnley,2,1
2024-05-11,West Ham United,Luton Town,3,1
2024-05-11,Wolverhampton Wanderers,Crystal Palace,1,3
2024-05-11,Nottingham Forest,Chelsea,2,3
2024-05-12,FC St. Pauli,VfL Osnabrück,3,1
2024-05-12,Karlsruher SC,Hannover 96,1,2
2024-05-12,Eintracht Braunschweig,SV Wehen Wiesbaden,1,0
2024-05-12,SV Darmstadt 98,TSG Hoffenheim,0,6
2024-05-12,Bayern Munich,Wolfsburg,2,0
2024-05-12,VfL Bochum,Bayer Leverkusen,0,5
2024-05-12,Manchester United,Arsenal,0,1
2024-05-13,Aston Villa,Liverpool,3,3
2024-05-14,Tottenham,Manchester City,0,2
2024-05-15,Brighton & Hove Albion,Chelsea,1,2
2024-05-15,Manchester United,Newcastle United,3,2
2024-05-18,Borussia Dortmund,SV Darmstadt 98,4,0
2024-05-18,Union Berlin,SC Freiburg,2,1
2024-05-18,Bayer Leverkusen,Augsburg,2,1
2024-05-18,Eintracht Frankfurt,RB Leipzig,2,2
2024-05-18,Wolfsburg,1. FSV Mainz 05,1,3
2024-05-18,TSG Hoffenheim,Bayern Munich,4,2
2024-05-18,Werder Bremen,VfL Bochum,4,1
2024-05-18,VfB Stuttgart,Borussia Mönchengladbach,4,0
2024-05-18,1. FC Heidenheim,1. FC Köln,4,1
2024-05-19,Hamburger SV,1. FC Nürnberg,4,1
2024-05-19,Fortuna Düsseldorf,1. FC Magdeburg,3,2
2024-05-19,1. FC Kaiserslautern,Eintracht Braunschweig,5,0
2024-05-19,Hannover 96,Holstein Kiel,1,2
2024-05-19,Greuther Fürth,Schalke 04,2,0
2024-05-19,Hansa Rostock,SC Paderborn,1,2
2024-05-19,Elversberg,Karlsruher SC,0,3
2024-05-19,VfL Osnabrück,Hertha Berlin,2,1
2024-05-19,SV Wehen Wiesbaden,FC St. Pauli,1,2
2024-05-19,Arsenal,Everton,2,1
2024-05-19,Brentford,Newcastle United,2,4
2024-05-19,Brighton & Hove Albion,Manchester United,0,2
2024-05-19,Burnley,Nottingham Forest,1,2
2024-05-19,Chelsea,Bournemouth,2,1
2024-05-19,Crystal Palace,Aston Villa,5,0
2024-05-19,Liverpool,Wolverhampton Wanderers,2,0
2024-05-19,Luton Town,Fulham,2,4
2024-05-19,Manchester City,West Ham United,3,1
2024-05-19,Sheffield United,Tottenham,0,3
2024-06-01,Borussia Dortmund,Real Madrid CF,0,2
2024-08-02,1. FC Köln,Hamburger SV,1,2
2024-08-03,Karlsruher SC,1. FC Nürnberg,3,2
2024-08-03,Hannover 96,Jahn Regensburg,2,0
2024-08-03,Hertha Berlin,SC Paderborn,1,2
2024-08-03,1. FC Magdeburg,Elversberg,0,0
2024-08-03,Schalke 04,Eintracht Braunschweig,5,1
2024-08-04,SV Darmstadt 98,Fortuna Düsseldorf,0,2
2024-08-04,Greuther Fürth,Preußen Münster,3,1
2024-08-04,SSV Ulm 1846,1. FC Kaiserslautern,1,2
2024-08-09,1. FC Kaiserslautern,Greuther Fürth,2,2
2024-08-09,Jahn Regensburg,SSV Ulm 1846,1,0
2024-08-10,Fortuna Düsseldorf,Karlsruher SC,0,0
2024-08-10,Elversberg,1. FC Köln,2,2
2024-08-10,1. FC Nürnberg,Schalke 04,3,1
2024-08-10,Hamburger SV,Hertha Berlin,1,1
2024-08-11,SC Paderborn,SV Darmstadt 98,3,1
2024-08-11,Eintracht Braunschweig,1. FC Magdeburg,1,3
2024-08-11,Preußen Münster,Hannover 96,0,0
2024-08-16,Manchester United,Fulham,1,0
2024-08-17,Ipswich Town,Liverpool,0,2
2024-08-17,Arsenal,Wolverhampton Wanderers,2,0
2024-08-17,Everton,Brighton & Hove Albion,0,3
2024-08-17,Newcastle United,Southampton,1,0
2024-08-17,Nottingham Forest,Bournemouth,1,1
2024-08-17,West Ham United,Aston Villa,1,2
2024-08-18,Brentford,Crystal Palace,2,1
2024-08-18,Chelsea,Manchester City,0,2
2024-08-19,Leicester City,Tottenham,1,1
2024-08-23,Karlsruher SC,Elversberg,3,2
2024-08-23,Hannover 96,Hamburger SV,1,0
2024-08-23,Borussia Mönchengladbach,Bayer Leverkusen,2,3
2024-08-24,Greuther Fürth,SC Paderborn,1,1
2024-08-24,Hertha Berlin,Jahn Regensburg,2,0
2024-08-24,Preußen Münster,1. FC Kaiserslautern,0,1
2024-08-24,1. FC Köln,Eintracht Braunschweig,5,0
2024-08-24,RB Leipzig,VfL Bochum,1,0
2024-08-24,TSG Hoffenheim,Holstein Kiel,3,2
2024-08-24,SC Freiburg,VfB Stuttgart,3,1
2024-08-24,Augsburg,Werder Bremen,2,2
2024-08-24,1. FSV Mainz 05,Union Berlin,1,1
2024-08-24,Borussia Dortmund,Eintracht Frankfurt,2,0
2024-08-24,Brighton & Hove Albion,Manchester United,2,1
2024-08-24,Crystal Palace,West Ham United,0,2
2024-08-24,Fulham,Leicester City,2,1
2024-08-24,Manchester City,Ipswich Town,4,1
2024-08-24,Southampton,Nottingham Forest,0,1
2024-08-24,Tottenham,Everton,4,0
2024-08-24,Aston Villa,Arsenal,0,2
2024-08-25,SV Darmstadt 98,1. FC Nürnberg,1,1
2024-08-25,1. FC Magdeburg,Schalke 04,2,2
2024-08-25,SSV Ulm 1846,Fortuna Düsseldorf,1,2
2024-08-25,Wolfsburg,Bayern Munich,2,3
2024-08-25,FC St. Pauli,1. FC Heidenheim,0,2
2024-08-25,Bournemouth,Newcastle United,1,1
2024-08-25,Wolverhampton Wanderers,Chelsea,2,6
2024-08-25,Liverpool,Brentford,2,0
2024-08-30,Fortuna Düsseldorf,Hannover 96,1,0
2024-08-30,Jahn Regensburg,Greuther Fürth,0,4
2024-08-30,Union Berlin,FC St. Pauli,1,0
2024-08-31,Hamburger SV,Preußen Münster,4,1
2024-08-31,Elversberg,SV Darmstadt 98,4,0
2024-08-31,1. FC Nürnberg,1. FC Magdeburg,0,4
2024-08-31,1. FC Kaiserslautern,Hertha Berlin,3,4
2024-08-31,VfB Stuttgart,1. FSV Mainz 05,3,3
2024-08-31,Eintracht Frankfurt,TSG Hoffenheim,3,1
2024-08-31,Werder Bremen,Borussia Dortmund,0,0
2024-08-31,VfL Bochum,Borussia Mönchengladbach,0,2
2024-08-31,Holstein Kiel,Wolfsburg,0,2
2024-08-31,Bayer Leverkusen,RB Leipzig,2,3
2024-08-31,Arsenal,Brighton & Hove Albion,1,1
2024-08-31,Brentford,Southampton,3,1
2024-08-31,Everton,Bournemouth,2,3
2024-08-31,Ipswich Town,Fulham,1,1
2024-08-31,Leicester City,Aston Villa,1,2
2024-08-31,Nottingham Forest,Wolverhampton Wanderers,1,1
2024-08-31,West Ham United,Manchester City,1,3
2024-09-01,SC Paderborn,SSV Ulm 1846,0,0
2024-09-01,Schalke 04,1. FC Köln,1,3
2024-09-01,Eintracht Braunschweig,Karlsruher SC,1,2
2024-09-01,1. FC Heidenheim,Augsburg,4,0
2024-09-01,Bayern Munich,SC Freiburg,2,0
2024-09-01,Chelsea,Crystal Palace,1,1
2024-09-01,Newcastle United,Tottenham,2,1
2024-09-01,Manchester United,Liverpool,0,3
2024-09-13,Karlsruher SC,Schalke 04,2,0
2024-09-13,Preußen Münster,SC Paderborn,3,3
2024-09-13,Borussia Dortmund,1. FC Heidenheim,4,2
2024-09-14,SV Darmstadt 98,Eintracht Braunschweig,1,1
2024-09-14,Hannover 96,1. FC Kaiserslautern,3,1
2024-09-14,SSV Ulm 1846,1. FC Nürnberg,1,2
2024-09-14,1. FC Köln,1. FC Magdeburg,1,2
2024-09-14,RB Leipzig,Union Berlin,0,0
2024-09-14,TSG Hoffenheim,Bayer Leverkusen,1,4
2024-09-14,SC Freiburg,VfL Bochum,2,1
2024-09-14,Wolfsburg,Eintracht Frankfurt,1,2
2024-09-14,Borussia Mönchengladbach,VfB Stuttgart,1,3
2024-09-14,Holstein Kiel,Bayern Munich,1,6
2024-09-14,Southampton,Manchester United,0,3
2024-09-14,Brighton & Hove Albion,Ipswich Town,0,0
2024-09-14,Crystal Palace,Leicester City,2,2
2024-09-14,Fulham,West Ham United,1,1
2024-09-14,Liverpool,Nottingham Forest,0,1
2024-09-14,Manchester City,Brentford,2,1
2024-09-14,Aston Villa,Everton,3,2
2024-09-14,Bournemouth,Chelsea,0,1
2024-09-15,Hamburger SV,Jahn Regensburg,5,0
2024-09-15,Greuther Fürth,Elversberg,0,0
2024-09-15,Hertha Berlin,Fortuna Düsseldorf,0,2
2024-09-15,Augsburg,FC St. Pauli,3,1
2024-09-15,1. FSV Mainz 05,Werder Bremen,1,2
2024-09-15,Tottenham,Arsenal,0,1
2024-09-15,Wolverhampton Wanderers,Newcastle United,1,2
2024-09-20,SC Paderborn,Hannover 96,2,1
2024-09-20,Schalke 04,SV Darmstadt 98,3,5
2024-09-20,Augsburg,1. FSV Mainz 05,2,3
2024-09-21,Fortuna Düsseldorf,1. FC Köln,2,2
2024-09-21,1. FC Nürnberg,Hertha Berlin,0,2
2024-09-21,Eintracht Braunschweig,Greuther Fürth,2,0
2024-09-21,1. FC Kaiserslautern,Hamburger SV,2,2
2024-09-21,1. FC Heidenheim,SC Freiburg,0,3
2024-09-21,Werder Bremen,Bayern Munich,0,5
2024-09-21,Union Berlin,TSG Hoffenheim,2,1
2024-09-21,VfL Bochum,Holstein Kiel,2,2
2024-09-21,Eintracht Frankfurt,Borussia Mönchengladbach,2,0
2024-09-21,West Ham United,Chelsea,0,3
2024-09-21,Aston Villa,Wolverhampton Wanderers,3,1
2024-09-21,Fulham,Newcastle United,3,1
2024-09-21,Leicester City,Everton,1,1
2024-09-21,Liverpool,Bournemouth,3,0
2024-09-21,Southampton,Ipswich Town,1,1
2024-09-21,Tottenham,Brentford,3,1
2024-09-21,Crystal Palace,Manchester United,0,0
2024-09-22,Elversberg,SSV Ulm 1846,1,3
2024-09-22,1. FC Magdeburg,Karlsruher SC,2,2
2024-09-22,Jahn Regensburg,Preußen Münster,0,3
2024-09-22,Bayer Leverkusen,Wolfsburg,4,3
2024-09-22,VfB Stuttgart,Borussia Dortmund,5,1
2024-09-22,FC St. Pauli,RB Leipzig,0,0
2024-09-22,Brighton & Hove Albion,Nottingham Forest,2,2
2024-09-22,Manchester City,Arsenal,2,2
2024-09-27,Greuther Fürth,Fortuna Düsseldorf,1,2
2024-09-27,SSV Ulm 1846,Eintracht Braunschweig,3,1
2024-09-27,Borussia Dortmund,VfL Bochum,4,2
2024-09-28,SV Darmstadt 98,1. FC Magdeburg,1,2
2024-09-28,Hamburger SV,SC Paderborn,2,2
2024-09-28,Jahn Regensburg,1. FC Kaiserslautern,0,0
2024-09-28,Preußen Münster,Schalke 04,1,2
2024-09-28,RB Leipzig,Augsburg,4,0
2024-09-28,SC Freiburg,FC St. Pauli,0,3
2024-09-28,Wolfsburg,VfB Stuttgart,2,2
2024-09-28,1. FSV Mainz 05,1. FC Heidenheim,0,2
2024-09-28,Borussia Mönchengladbach,Union Berlin,1,0
2024-09-28,Bayern Munich,Bayer Leverkusen,1,1
2024-09-28,Newcastle United,Manchester City,1,1
2024-09-28,Arsenal,Leicester City,4,2
2024-09-28,Brentford,West Ham United,1,1
2024-09-28,Chelsea,Brighton & Hove Albion,4,2
2024-09-28,Everton,Crystal Palace,2,1
2024-09-28,Nottingham Forest,Fulham,0,1
2024-09-28,Wolverhampton Wanderers,Liverpool,1,2
2024-09-29,1. FC Köln,Karlsruher SC,4,4
2024-09-29,Hannover 96,1. FC Nürnberg,2,0
2024-09-29,Hertha Berlin,Elversberg,1,4
2024-09-29,Holstein Kiel,Eintracht Frankfurt,2,4
2024-09-29,TSG Hoffenheim,Werder Bremen,3,4
2024-09-29,Ipswich Town,Aston Villa,2,2
2024-09-29,Manchester United,Tottenham,0,3
2024-09-30,Bournemouth,Southampton,3,1
2024-10-04,Karlsruher SC,SV Darmstadt 98,3,3
2024-10-04,SC Paderborn,Jahn Regensburg,3,0
2024-10-04,Augsburg,Borussia Mönchengladbach,2,1
2024-10-05,1. FC Köln,SSV Ulm 1846,2,0
2024-10-05,Elversberg,1. FC Kaiserslautern,1,0
2024-10-05,1. FC Nürnberg,Preußen Münster,3,2
2024-10-05,Schalke 04,Hertha Berlin,2,2
2024-10-05,Bayer Leverkusen,Holstein Kiel,2,2
2024-10-05,Werder Bremen,SC Freiburg,0,1
2024-10-05,Union Berlin,Borussia Dortmund,2,1
2024-10-05,VfL Bochum,Wolfsburg,1,3
2024-10-05,FC St. Pauli,1. FSV Mainz 05,0,3
2024-10-05,Crystal Palace,Liverpool,0,1
2024-10-05,Arsenal,Southampton,3,1
2024-10-05,Brentford,Wolverhampton Wanderers,5,3
2024-10-05,Leicester City,Bournemouth,1,0
2024-10-05,Manchester City,Fulham,3,2
2024-10-05,West Ham United,Ipswich Town,4,1
2024-10-05,Everton,Newcastle United,0,0
2024-10-06,Fortuna Düsseldorf,Hamburger SV,0,3
2024-10-06,1. FC Magdeburg,Greuther Fürth,2,2
2024-10-06,Eintracht Braunschweig,Hannover 96,2,0
2024-10-06,1. FC Heidenheim,RB Leipzig,0,1
2024-10-06,Eintracht Frankfurt,Bayern Munich,3,3
2024-10-06,VfB Stuttgart,TSG Hoffenheim,1,1
2024-10-06,Aston Villa,Manchester United,0,0
2024-10-06,Chelsea,Nottingham Forest,1,1
2024-10-06,Brighton & Hove Albion,Tottenham,3,2
2024-10-18,SV Darmstadt 98,1. FC Köln,5,1
2024-10-18,Hertha Berlin,Eintracht Braunschweig,3,1
2024-10-18,Borussia Dortmund,FC St. Pauli,2,1
2024-10-19,Hannover 96,Schalke 04,1,0
2024-10-19,Preußen Münster,Elversberg,1,1
2024-10-19,Jahn Regensburg,Fortuna Düsseldorf,0,3
2024-10-19,1. FC Kaiserslautern,SC Paderborn,3,0
2024-10-19,Bayer Leverkusen,Eintracht Frankfurt,2,1
2024-10-19,TSG Hoffenheim,VfL Bochum,3,1
2024-10-19,SC Freiburg,Augsburg,3,1
2024-10-19,1. FSV Mainz 05,RB Leipzig,0,2
2024-10-19,Borussia Mönchengladbach,1. FC Heidenheim,3,2
2024-10-19,Bayern Munich,VfB Stuttgart,4,0
2024-10-19,Tottenham,West Ham United,4,1
2024-10-19,Fulham,Aston Villa,1,3
2024-10-19,Manchester United,Brentford,2,1
2024-10-19,Newcastle United,Brighton & Hove Albion,0,1
2024-10-19,Southampton,Leicester City,2,3
2024-10-19,Ipswich Town,Everton,0,2
2024-10-19,Bournemouth,Arsenal,2,0
2024-10-20,Hamburger SV,1. FC Magdeburg,3,1
2024-10-20,Greuther Fürth,1. FC Nürnberg,0,4
2024-10-20,SSV Ulm 1846,Karlsruher SC,0,1
2024-10-20,Holstein Kiel,Union Berlin,0,2
2024-10-20,Wolfsburg,Werder Bremen,2,4
2024-10-20,Wolverhampton Wanderers,Manchester City,1,2
2024-10-20,Liverpool,Chelsea,2,1
2024-10-21,Nottingham Forest,Crystal Palace,1,0
2024-10-25,1. FC Köln,SC Paderborn,1,2
2024-10-25,1. FC Nürnberg,Jahn Regensburg,8,3
2024-10-25,1. FSV Mainz 05,Borussia Mönchengladbach,1,1
2024-10-25,Leicester City,Nottingham Forest,1,3
2024-10-26,Karlsruher SC,Hertha Berlin,1,3
2024-10-26,Schalke 04,Greuther Fürth,3,4
2024-10-26,Elversberg,Hamburger SV,4,2
2024-10-26,Fortuna Düsseldorf,1. FC Kaiserslautern,3,4
2024-10-26,VfB Stuttgart,Holstein Kiel,2,1
2024-10-26,RB Leipzig,SC Freiburg,3,1
2024-10-26,Augsburg,Borussia Dortmund,2,1
2024-10-26,FC St. Pauli,Wolfsburg,0,0
2024-10-26,Werder Bremen,Bayer Leverkusen,2,2
2024-10-26,Aston Villa,Bournemouth,1,1
2024-10-26,Brentford,Ipswich Town,4,3
2024-10-26,Brighton & Hove Albion,Wolverhampton Wanderers,2,2
2024-10-26,Manchester City,Southampton,1,0
2024-10-26,Everton,Fulham,1,1
2024-10-27,SV Darmstadt 98,SSV Ulm 1846,1,1
2024-10-27,1. FC Magdeburg,Hannover 96,0,3
2024-10-27,Eintracht Braunschweig,Preußen Münster,1,1
2024-10-27,VfL Bochum,Bayern Munich,0,5
2024-10-27,Union Berlin,Eintracht Frankfurt,1,1
2024-10-27,1. FC Heidenheim,TSG Hoffenheim,0,0
2024-10-27,Chelsea,Newcastle United,2,1
2024-10-27,Crystal Palace,Tottenham,1,0
2024-10-27,West Ham United,Manchester United,2,1
2024-10-27,Arsenal,Liverpool,2,2
2024-11-01,SSV Ulm 1846,Schalke 04,0,0
2024-11-01,Preußen Münster,Fortuna Düsseldorf,1,0
2024-11-01,Bayer Leverkusen,VfB Stuttgart,0,0
2024-11-02,Hannover 96,Karlsruher SC,2,1
2024-11-02,Greuther Fürth,SV Darmstadt 98,1,5
2024-11-02,Jahn Regensburg,Elversberg,1,0
2024-11-02,Hertha Berlin,1. FC Köln,0,1
2024-11-02,Bayern Munich,Union Berlin,3,0
2024-11-02,Eintracht Frankfurt,VfL Bochum,7,2
2024-11-02,TSG Hoffenheim,FC St. Pauli,0,2
2024-11-02,Wolfsburg,Augsburg,1,1
2024-11-02,Holstein Kiel,1. FC Heidenheim,1,0
2024-11-02,Borussia Dortmund,RB Leipzig,2,1
2024-11-02,Newcastle United,Arsenal,1,0
2024-11-02,Bournemouth,Manchester City,2,1
2024-11-02,Ipswich Town,Leicester City,1,1
2024-11-02,Liverpool,Brighton & Hove Albion,2,1
2024-11-02,Nottingham Forest,West Ham United,3,0
2024-11-02,Southampton,Everton,1,0
2024-11-02,Wolverhampton Wanderers,Crystal Palace,2,2
2024-11-03,Hamburger SV,1. FC Nürnberg,1,1
2024-11-03,SC Paderborn,Eintracht Braunschweig,0,0
2024-11-03,1. FC Kaiserslautern,1. FC Magdeburg,2,2
2024-11-03,SC Freiburg,1. FSV Mainz 05,0,0
2024-11-03,Borussia Mönchengladbach,Werder Bremen,4,1
2024-11-03,Tottenham,Aston Villa,4,1
2024-11-03,Manchester United,Chelsea,1,1
2024-11-04,Fulham,Brentford,2,1
2024-11-08,1. FC Nürnberg,1. FC Kaiserslautern,0,0
2024-11-08,Eintracht Braunschweig,Hamburger SV,3,1
2024-11-08,Union Berlin,SC Freiburg,0,0
2024-11-09,1. FC Köln,Greuther Fürth,1,0
2024-11-09,SV Darmstadt 98,Hertha Berlin,3,1
2024-11-09,1. FC Magdeburg,SSV Ulm 1846,0,0
2024-11-09,Fortuna Düsseldorf,SC Paderborn,1,1
2024-11-09,Werder Bremen,Holstein Kiel,2,1
2024-11-09,1. FSV Mainz 05,Borussia Dortmund,3,1
2024-11-09,VfL Bochum,Bayer Leverkusen,1,1
2024-11-09,FC St. Pauli,Bayern Munich,0,1
2024-11-09,RB Leipzig,Borussia Mönchengladbach,0,0
2024-11-09,Brentford,Bournemouth,3,2
2024-11-09,Crystal Palace,Fulham,0,2
2024-11-09,West Ham United,Everton,0,0
2024-11-09,Wolverhampton Wanderers,Southampton,2,0
2024-11-09,Brighton & Hove Albion,Manchester City,2,1
2024-11-09,Liverpool,Aston Villa,2,0
2024-11-10,Karlsruher SC,Preußen Münster,1,1
2024-11-10,Schalke 04,Jahn Regensburg,2,0
2024-11-10,Elversberg,Hannover 96,3,1
2024-11-10,Augsburg,TSG Hoffenheim,0,0
2024-11-10,VfB Stuttgart,Eintracht Frankfurt,2,3
2024-11-10,1. FC Heidenheim,Wolfsburg,1,3
2024-11-10,Manchester United,Leicester City,3,0
2024-11-10,Nottingham Forest,Newcastle United,1,3
2024-11-10,Tottenham,Ipswich Town,1,2
2024-11-10,Chelsea,Arsenal,1,1
2024-11-22,SC Paderborn,1. FC Nürnberg,3,2
2024-11-22,Preußen Münster,1. FC Köln,0,1
2024-11-22,Bayern Munich,Augsburg,3,0
2024-11-23,Fortuna Düsseldorf,Elversberg,0,2
2024-11-23,Greuther Fürth,Karlsruher SC,2,3
2024-11-23,Hertha Berlin,SSV Ulm 1846,2,2
2024-11-23,Hamburger SV,Schalke 04,2,2
2024-11-23,Bayer Leverkusen,1. FC Heidenheim,5,2
2024-11-23,VfB Stuttgart,VfL Bochum,2,0
2024-11-23,Borussia Dortmund,SC Freiburg,4,0
2024-11-23,TSG Hoffenheim,RB Leipzig,4,3
2024-11-23,Wolfsburg,Union Berlin,1,0
2024-11-23,Eintracht Frankfurt,Werder Bremen,1,0
2024-11-23,Leicester City,Chelsea,1,2
2024-11-23,Arsenal,Nottingham Forest,3,0
2024-11-23,Aston Villa,Crystal Palace,2,2
2024-11-23,Bournemouth,Brighton & Hove Albion,1,2
2024-11-23,Everton,Brentford,0,0
2024-11-23,Fulham,Wolverhampton Wanderers,1,4
2024-11-23,Manchester City,Tottenham,0,4
2024-11-24,Hannover 96,SV Darmstadt 98,1,2
2024-11-24,1. FC Kaiserslautern,Eintracht Braunschweig,3,2
2024-11-24,Jahn Regensburg,1. FC Magdeburg,0,1
2024-11-24,Holstein Kiel,1. FSV Mainz 05,0,3
2024-11-24,Borussia Mönchengladbach,FC St. Pauli,2,0
2024-11-24,Southampton,Liverpool,2,3
2024-11-24,Ipswich Town,Manchester United,1,1
2024-11-25,Newcastle United,West Ham United,0,2
2024-11-29,Schalke 04,1. FC Kaiserslautern,0,3
2024-11-29,1. FC Magdeburg,Hertha Berlin,1,3
2024-11-29,FC St. Pauli,Holstein Kiel,3,1
2024-11-29,Brighton & Hove Albion,Southampton,1,1
2024-11-30,1. FC Köln,Hannover 96,2,2
2024-11-30,Elversberg,SC Paderborn,1,3
2024-11-30,Eintracht Braunschweig,Jahn Regensburg,0,0
2024-11-30,SV Darmstadt 98,Preußen Münster,0,0
2024-11-30,RB Leipzig,Wolfsburg,1,5
2024-11-30,Werder Bremen,VfB Stuttgart,2,2
2024-11-30,SC Freiburg,Borussia Mönchengladbach,3,1
2024-11-30,Augsburg,VfL Bochum,1,0
2024-11-30,Union Berlin,Bayer Leverkusen,1,2
2024-11-30,Borussia Dortmund,Bayern Munich,1,1
2024-11-30,Brentford,Leicester City,4,1
2024-11-30,Crystal Palace,Newcastle United,1,1
2024-11-30,Nottingham Forest,Ipswich Town,1,0
2024-11-30,Wolverhampton Wanderers,Bournemouth,2,4
2024-11-30,West Ham United,Arsenal,2,5
2024-12-01,Karlsruher SC,Hamburger SV,1,3
2024-12-01,1. FC Nürnberg,Fortuna Düsseldorf,2,2
2024-12-01,SSV Ulm 1846,Greuther Fürth,1,1
2024-12-01,1. FSV Mainz 05,TSG Hoffenheim,2,0
2024-12-01,1. FC Heidenheim,Eintracht Frankfurt,0,4
2024-12-01,Chelsea,Aston Villa,3,0
2024-12-01,Manchester United,Everton,4,0
2024-12-01,Tottenham,Fulham,1,1
2024-12-01,Liverpool,Manchester City,2,0
2024-12-03,Ipswich Town,Crystal Palace,0,1
2024-12-03,Leicester City,West Ham United,3,1
2024-12-04,Everton,Wolverhampton Wanderers,4,0
2024-12-04,Manchester City,Nottingham Forest,3,0
2024-12-04,Newcastle United,Liverpool,3,3
2024-12-04,Southampton,Chelsea,1,5
2024-12-04,Arsenal,Manchester United,2,0
2024-12-04,Aston Villa,Brentford,3,1
2024-12-05,Fulham,Brighton & Hove Albion,3,1
2024-12-05,Bournemouth,Tottenham,1,0
2024-12-06,SC Paderborn,Schalke 04,2,4
2024-12-06,Elversberg,1. FC Nürnberg,2,1
2024-12-06,VfB Stuttgart,Union Berlin,3,2
2024-12-07,Hannover 96,SSV Ulm 1846,3,2
2024-12-07,Greuther Fürth,Hertha Berlin,2,1
2024-12-07,1. FC Kaiserslautern,Karlsruher SC,3,1
2024-12-07,Preußen Münster,1. FC Magdeburg,1,2
2024-12-07,Bayer Leverkusen,FC St. Pauli,2,1
2024-12-07,Bayern Munich,1. FC Heidenheim,4,2
2024-12-07,Eintracht Frankfurt,Augsburg,2,2
2024-12-07,VfL Bochum,Werder Bremen,0,1
2024-12-07,Holstein Kiel,RB Leipzig,0,2
2024-12-07,Borussia Mönchengladbach,Borussia Dortmund,1,1
2024-12-07,Aston Villa,Southampton,1,0
2024-12-07,Brentford,Newcastle United,4,2
2024-12-07,Crystal Palace,Manchester City,2,2
2024-12-07,Manchester United,Nottingham Forest,2,3
2024-12-08,Fortuna Düsseldorf,Eintracht Braunschweig,5,0
2024-12-08,Hamburger SV,SV Darmstadt 98,2,2
2024-12-08,Jahn Regensburg,1. FC Köln,0,1
2024-12-08,Wolfsburg,1. FSV Mainz 05,4,3
2024-12-08,TSG Hoffenheim,SC Freiburg,1,1
2024-12-08,Fulham,Arsenal,1,1
2024-12-08,Ipswich Town,Bournemouth,1,2
2024-12-08,Leicester City,Brighton & Hove Albion,2,2
2024-12-08,Tottenham,Chelsea,3,4
2024-12-09,West Ham United,Wolverhampton Wanderers,2,1
2024-12-13,Karlsruher SC,Jahn Regensburg,4,2
2024-12-13,Hertha Berlin,Preußen Münster,1,2
2024-12-13,SC Freiburg,Wolfsburg,3,2
2024-12-14,Schalke 04,Fortuna Düsseldorf,1,1
2024-12-14,1. FC Magdeburg,SC Paderborn,1,1
2024-12-14,SSV Ulm 1846,Hamburger SV,1,1
2024-12-14,SV Darmstadt 98,1. FC Kaiserslautern,5,1
2024-12-14,Augsburg,Bayer Leverkusen,0,2
2024-12-14,1. FSV Mainz 05,Bayern Munich,2,1
2024-12-14,Borussia Mönchengladbach,Holstein Kiel,4,1
2024-12-14,Union Berlin,VfL Bochum,0,2
2024-12-14,FC St. Pauli,Werder Bremen,0,2
2024-12-14,Arsenal,Everton,0,0
2024-12-14,Liverpool,Fulham,2,2
2024-12-14,Newcastle United,Leicester City,4,0
2024-12-14,Wolverhampton Wanderers,Ipswich Town,1,2
2024-12-14,Nottingham Forest,Aston Villa,2,1
2024-12-15,1. FC Köln,1. FC Nürnberg,3,1
2024-12-15,Greuther Fürth,Hannover 96,1,0
2024-12-15,Eintracht Braunschweig,Elversberg,0,3
2024-12-15,1. FC Heidenheim,VfB Stuttgart,1,3
2024-12-15,Borussia Dortmund,TSG Hoffenheim,1,1
2024-12-15,RB Leipzig,Eintracht Frankfurt,2,1
2024-12-15,Brighton & Hove Albion,Crystal Palace,1,3
2024-12-15,Manchester City,Manchester United,1,2
2024-12-15,Chelsea,Brentford,2,1
2024-12-15,Southampton,Tottenham,0,5
2024-12-16,Bournemouth,West Ham United,1,1
2024-12-20,Fortuna Düsseldorf,1. FC Magdeburg,2,5
2024-12-20,Elversberg,Schalke 04,1,4
2024-12-20,Bayern Munich,RB Leipzig,5,1
2024-12-21,Hamburger SV,Greuther Fürth,5,0
2024-12-21,SC Paderborn,Karlsruher SC,1,2
2024-12-21,Preußen Münster,SSV Ulm 1846,0,0
2024-12-21,1. FC Nürnberg,Eintracht Braunschweig,1,0
2024-12-21,VfB Stuttgart,FC St. Pauli,0,1
2024-12-21,Eintracht Frankfurt,1. FSV Mainz 05,1,3
2024-12-21,TSG Hoffenheim,Borussia Mönchengladbach,1,2
2024-12-21,Werder Bremen,Union Berlin,4,1
2024-12-21,Holstein Kiel,Augsburg,5,1
2024-12-21,Bayer Leverkusen,SC Freiburg,5,1
2024-12-21,Aston Villa,Manchester City,2,1
2024-12-21,Brentford,Nottingham Forest,0,2
2024-12-21,Ipswich Town,Newcastle United,0,4
2024-12-21,West Ham United,Brighton & Hove Albion,1,1
2024-12-21,Crystal Palace,Arsenal,1,5
2024-12-22,Hannover 96,Hertha Berlin,0,0
2024-12-22,1. FC Kaiserslautern,1. FC Köln,0,1
2024-12-22,Jahn Regensburg,SV Darmstadt 98,2,1
2024-12-22,VfL Bochum,1. FC Heidenheim,2,0
2024-12-22,Wolfsburg,Borussia Dortmund,1,3
2024-12-22,Everton,Chelsea,0,0
2024-12-22,Fulham,Southampton,0,0
2024-12-22,Leicester City,Wolverhampton Wanderers,0,3
2024-12-22,Manchester United,Bournemouth,0,3
2024-12-22,Tottenham,Liverpool,3,6
2024-12-26,Manchester City,Everton,1,1
2024-12-26,Bournemouth,Crystal Palace,0,0
2024-12-26,Chelsea,Fulham,1,2
2024-12-26,Newcastle United,Aston Villa,3,0
2024-12-26,Nottingham Forest,Tottenham,1,0
2024-12-26,Southampton,West Ham United,0,1
2024-12-26,Wolverhampton Wanderers,Manchester United,2,0
2024-12-26,Liverpool,Leicester City,3,1
2024-12-27,Brighton & Hove Albion,Brentford,0,0
2024-12-27,Arsenal,Ipswich Town,1,0
2024-12-29,Leicester City,Manchester City,0,2
2024-12-29,Crystal Palace,Southampton,2,1
2024-12-29,Everton,Nottingham Forest,0,2
2024-12-29,Fulham,Bournemouth,2,2
2024-12-29,Tottenham,Wolverhampton Wanderers,2,2
2024-12-29,West Ham United,Liverpool,0,5
2024-12-30,Aston Villa,Brighton & Hove Albion,2,2
2024-12-30,Ipswich Town,Chelsea,2,0
2024-12-30,Manchester United,Newcastle United,0,2
2025-01-01,Brentford,Arsenal,1,3
2025-01-04,Tottenham,Newcastle United,1,2
2025-01-04,Aston Villa,Leicester City,2,1
2025-01-04,Bournemouth,Everton,1,0
2025-01-04,Crystal Palace,Chelsea,1,1
2025-01-04,Manchester City,West Ham United,4,1
2025-01-04,Southampton,Brentford,0,5
2025-01-04,Brighton & Hove Albion,Arsenal,1,1
2025-01-05,Fulham,Ipswich Town,2,2
2025-01-05,Liverpool,Manchester United,2,2
2025-01-06,Wolverhampton Wanderers,Nottingham Forest,0,3
2025-01-10,Borussia Dortmund,Bayer Leverkusen,2,3
2025-01-11,TSG Hoffenheim,Wolfsburg,0,1
2025-01-11,1. FC Heidenheim,Union Berlin,2,0
2025-01-11,SC Freiburg,Holstein Kiel,3,2
2025-01-11,1. FSV Mainz 05,VfL Bochum,2,0
2025-01-11,FC St. Pauli,Eintracht Frankfurt,0,1
2025-01-11,Borussia Mönchengladbach,Bayern Munich,0,1
2025-01-12,RB Leipzig,Werder Bremen,4,2
2025-01-12,Augsburg,VfB Stuttgart,0,1
2025-01-14,Holstein Kiel,Borussia Dortmund,4,2
2025-01-14,Bayer Leverkusen,1. FSV Mainz 05,1,0
2025-01-14,Eintracht Frankfurt,SC Freiburg,4,1
2025-01-14,Wolfsburg,Borussia Mönchengladbach,5,1
2025-01-14,Brentford,Manchester City,2,2
2025-01-14,Chelsea,Bournemouth,2,2
2025-01-14,West Ham United,Fulham,3,2
2025-01-14,Nottingham Forest,Liverpool,1,1
2025-01-15,VfL Bochum,FC St. Pauli,1,0
2025-01-15,VfB Stuttgart,RB Leipzig,2,1
2025-01-15,Bayern Munich,TSG Hoffenheim,5,0
2025-01-15,Werder Bremen,1. FC Heidenheim,3,3
2025-01-15,Union Berlin,Augsburg,0,2
2025-01-15,Everton,Aston Villa,0,1
2025-01-15,Leicester City,Crystal Palace,0,2
2025-01-15,Newcastle United,Wolverhampton Wanderers,3,0
2025-01-15,Arsenal,Tottenham,2,1
2025-01-16,Ipswich Town,Brighton & Hove Albion,0,2
2025-01-16,Manchester United,Southampton,3,1
2025-01-17,Fortuna Düsseldorf,SV Darmstadt 98,2,2
2025-01-17,Jahn Regensburg,Hannover 96,0,1
2025-01-17,Eintracht Frankfurt,Borussia Dortmund,2,0
2025-01-18,1. FC Kaiserslautern,SSV Ulm 1846,2,1
2025-01-18,Eintracht Braunschweig,Schalke 04,0,0
2025-01-18,Preußen Münster,Greuther Fürth,2,1
2025-01-18,Hamburger SV,1. FC Köln,1,0
2025-01-18,VfB Stuttgart,SC Freiburg,4,0
2025-01-18,Bayern Munich,Wolfsburg,3,2
2025-01-18,1. FC Heidenheim,FC St. Pauli,0,2
2025-01-18,VfL Bochum,RB Leipzig,3,3
2025-01-18,Holstein Kiel,TSG Hoffenheim,1,3
2025-01-18,Bayer Leverkusen,Borussia Mönchengladbach,3,1
2025-01-18,Newcastle United,Bournemouth,1,4
2025-01-18,Brentford,Liverpool,0,2
2025-01-18,Leicester City,Fulham,0,2
2025-01-18,West Ham United,Crystal Palace,0,2
2025-01-18,Arsenal,Aston Villa,2,2
2025-01-19,SC Paderborn,Hertha Berlin,1,2
2025-01-19,Elversberg,1. FC Magdeburg,2,5
2025-01-19,1. FC Nürnberg,Karlsruher SC,2,1
2025-01-19,Union Berlin,1. FSV Mainz 05,2,1
2025-01-19,Werder Bremen,Augsburg,0,2
2025-01-19,Everton,Tottenham,3,2
2025-01-19,Manchester United,Brighton & Hove Albion,1,3
2025-01-19,Nottingham Forest,Southampton,3,2
2025-01-19,Ipswich Town,Manchester City,0,6
2025-01-20,Chelsea,Wolverhampton Wanderers,3,1
2025-01-24,Greuther Fürth,1. FC Kaiserslautern,2,4
2025-01-24,1. FC Magdeburg,Eintracht Braunschweig,1,1
2025-01-24,Wolfsburg,Holstein Kiel,2,2
2025-01-25,1. FC Köln,Elversberg,1,0
2025-01-25,Karlsruher SC,Fortuna Düsseldorf,2,3
2025-01-25,Schalke 04,1. FC Nürnberg,3,1
2025-01-25,Hertha Berlin,Hamburger SV,2,3
2025-01-25,RB Leipzig,Bayer Leverkusen,2,2
2025-01-25,Borussia Dortmund,Werder Bremen,2,2
2025-01-25,SC Freiburg,Bayern Munich,1,2
2025-01-25,Augsburg,1. FC Heidenheim,2,1
2025-01-25,1. FSV Mainz 05,VfB Stuttgart,2,0
2025-01-25,Borussia Mönchengladbach,VfL Bochum,3,0
2025-01-25,Bournemouth,Nottingham Forest,5,0
2025-01-25,Brighton & Hove Albion,Everton,0,1
2025-01-25,Liverpool,Ipswich Town,4,1
2025-01-25,Southampton,Newcastle United,1,3
2025-01-25,Wolverhampton Wanderers,Arsenal,0,1
2025-01-25,Manchester City,Chelsea,3,1
2025-01-26,SV Darmstadt 98,SC Paderborn,0,1
2025-01-26,Hannover 96,Preußen Münster,2,2
2025-01-26,SSV Ulm 1846,Jahn Regensburg,5,1
2025-01-26,TSG Hoffenheim,Eintracht Frankfurt,2,2
2025-01-26,FC St. Pauli,Union Berlin,3,0
2025-01-26,Crystal Palace,Brentford,1,2
2025-01-26,Tottenham,Leicester City,1,2
2025-01-26,Aston Villa,West Ham United,1,1
2025-01-26,Fulham,Manchester United,0,1
2025-01-31,1. FC Nürnberg,SV Darmstadt 98,1,0
2025-01-31,Elversberg,Karlsruher SC,2,2
2025-01-31,Werder Bremen,1. FSV Mainz 05,1,0
2025-02-01,Fortuna Düsseldorf,SSV Ulm 1846,3,2
2025-02-01,Eintracht Braunschweig,1. FC Köln,1,2
2025-02-01,Jahn Regensburg,Hertha Berlin,2,0
2025-02-01,Schalke 04,1. FC Magdeburg,2,5
2025-02-01,VfB Stuttgart,Borussia Mönchengladbach,1,2
2025-02-01,Bayern Munich,Holstein Kiel,4,3
2025-02-01,1. FC Heidenheim,Borussia Dortmund,1,2
2025-02-01,VfL Bochum,SC Freiburg,0,1
2025-02-01,FC St. Pauli,Augsburg,1,1
2025-02-01,Union Berlin,RB Leipzig,0,0
2025-02-01,Nottingham Forest,Brighton & Hove Albion,7,0
2025-02-01,Bournemouth,Liverpool,0,2
2025-02-01,Everton,Leicester City,4,0
2025-02-01,Ipswich Town,Southampton,1,2
2025-02-01,Newcastle United,Fulham,1,2
2025-02-01,Wolverhampton Wanderers,Aston Villa,2,0
2025-02-02,Hamburger SV,Hannover 96,2,2
2025-02-02,SC Paderborn,Greuther Fürth,1,2
2025-02-02,1. FC Kaiserslautern,Preußen Münster,2,1
2025-02-02,Eintracht Frankfurt,Wolfsburg,1,1
2025-02-02,Bayer Leverkusen,TSG Hoffenheim,3,1
2025-02-02,Brentford,Tottenham,0,2
2025-02-02,Manchester United,Crystal Palace,0,2
2025-02-02,Arsenal,Manchester City,5,1
2025-02-03,Chelsea,West Ham United,2,1
2025-02-07,Greuther Fürth,Jahn Regensburg,2,1
2025-02-07,Preußen Münster,Hamburger SV,1,2
2025-02-07,Bayern Munich,Werder Bremen,3,0
2025-02-08,SV Darmstadt 98,Elversberg,0,3
2025-02-08,1. FC Magdeburg,1. FC Nürnberg,3,4
2025-02-08,SSV Ulm 1846,SC Paderborn,0,2
2025-02-08,Hertha Berlin,1. FC Kaiserslautern,0,1
2025-02-08,Borussia Dortmund,VfB Stuttgart,1,2
2025-02-08,TSG Hoffenheim,Union Berlin,0,4
2025-02-08,SC Freiburg,1. FC Heidenheim,1,0
2025-02-08,Wolfsburg,Bayer Leverkusen,0,0
2025-02-08,1. FSV Mainz 05,Augsburg,0,0
2025-02-08,Borussia Mönchengladbach,Eintracht Frankfurt,1,1
2025-02-09,1. FC Köln,Schalke 04,1,0
2025-02-09,Karlsruher SC,Eintracht Braunschweig,0,2
2025-02-09,Hannover 96,Fortuna Düsseldorf,1,1
2025-02-09,Holstein Kiel,VfL Bochum,2,2
2025-02-09,RB Leipzig,FC St. Pauli,2,0
2025-02-12,Everton,Liverpool,2,2
2025-02-14,SC Paderborn,Preußen Münster,2,0
2025-02-14,1. FC Magdeburg,1. FC Köln,3,0
2025-02-14,Augsburg,RB Leipzig,0,0
2025-02-14,Brighton & Hove Albion,Chelsea,3,0
2025-02-15,Elversberg,Greuther Fürth,2,0
2025-02-15,1. FC Kaiserslautern,Hannover 96,0,0
2025-02-15,Eintracht Braunschweig,SV Darmstadt 98,1,0
2025-02-15,Fortuna Düsseldorf,Hertha Berlin,2,1
2025-02-15,VfB Stuttgart,Wolfsburg,1,2
2025-02-15,Union Berlin,Borussia Mönchengladbach,1,2
2025-02-15,VfL Bochum,Borussia Dortmund,2,0
2025-02-15,FC St. Pauli,SC Freiburg,0,1
2025-02-15,Bayer Leverkusen,Bayern Munich,0,0
2025-02-15,Leicester City,Arsenal,0,2
2025-02-15,Aston Villa,Ipswich Town,1,1
2025-02-15,Fulham,Nottingham Forest,2,1
2025-02-15,Manchester City,Newcastle United,4,0
2025-02-15,Southampton,Bournemouth,1,3
2025-02-15,West Ham United,Brentford,0,1
2025-02-15,Crystal Palace,Everton,1,2
2025-02-16,Schalke 04,Karlsruher SC,2,1
2025-02-16,1. FC Nürnberg,SSV Ulm 1846,2,0
2025-02-16,Jahn Regensburg,Hamburger SV,1,1
2025-02-16,Werder Bremen,TSG Hoffenheim,1,3
2025-02-16,Eintracht Frankfurt,Holstein Kiel,3,1
2025-02-16,1. FC Heidenheim,1. FSV Mainz 05,0,2
2025-02-16,Liverpool,Wolverhampton Wanderers,2,1
2025-02-16,Tottenham,Manchester United,1,0
2025-02-19,Aston Villa,Liverpool,2,2
2025-02-21,Hamburger SV,1. FC Kaiserslautern,3,0
2025-02-21,Hertha Berlin,1. FC Nürnberg,0,0
2025-02-21,SC Freiburg,Werder Bremen,5,0
2025-02-21,Leicester City,Brentford,0,4
2025-02-22,Karlsruher SC,1. FC Magdeburg,3,1
2025-02-22,SSV Ulm 1846,Elversberg,0,0
2025-02-22,Preußen Münster,Jahn Regensburg,2,0
2025-02-22,Hannover 96,SC Paderborn,0,0
2025-02-22,Wolfsburg,VfL Bochum,1,1
2025-02-22,1. FSV Mainz 05,FC St. Pauli,2,0
2025-02-22,Borussia Mönchengladbach,Augsburg,0,3
2025-02-22,Holstein Kiel,Bayer Leverkusen,0,2
2025-02-22,Borussia Dortmund,Union Berlin,6,0
2025-02-22,Everton,Manchester United,2,2
2025-02-22,Arsenal,West Ham United,0,1
2025-02-22,Bournemouth,Wolverhampton Wanderers,0,1
2025-02-22,Fulham,Crystal Palace,0,2
2025-02-22,Ipswich Town,Tottenham,1,4
2025-02-22,Southampton,Brighton & Hove Albion,0,4
2025-02-22,Aston Villa,Chelsea,2,1
2025-02-23,1. FC Köln,Fortuna Düsseldorf,1,1
2025-02-23,SV Darmstadt 98,Schalke 04,2,0
2025-02-23,Greuther Fürth,Eintracht Braunschweig,3,0
2025-02-23,RB Leipzig,1. FC Heidenheim,2,2
2025-02-23,Bayern Munich,Eintracht Frankfurt,4,0
2025-02-23,TSG Hoffenheim,VfB Stuttgart,1,1
2025-02-23,Newcastle United,Nottingham Forest,4,3
2025-02-23,Manchester City,Liverpool,0,2
2025-02-25,Brighton & Hove Albion,Bournemouth,2,1
2025-02-25,Crystal Palace,Aston Villa,4,1
2025-02-25,Wolverhampton Wanderers,Fulham,1,2
2025-02-25,Chelsea,Southampton,4,0
2025-02-26,Brentford,Everton,1,1
2025-02-26,Manchester United,Ipswich Town,3,2
2025-02-26,Nottingham Forest,Arsenal,0,0
2025-02-26,Tottenham,Manchester City,0,1
2025-02-26,Liverpool,Newcastle United,2,0
2025-02-27,West Ham United,Leicester City,2,0
2025-02-28,Fortuna Düsseldorf,Greuther Fürth,1,2
2025-02-28,Schalke 04,Preußen Münster,1,0
2025-02-28,VfB Stuttgart,Bayern Munich,1,3
2025-03-01,1. FC Nürnberg,Hannover 96,1,2
2025-03-01,1. FC Kaiserslautern,Jahn Regensburg,3,0
2025-03-01,Eintracht Braunschweig,SSV Ulm 1846,1,1
2025-03-01,Karlsruher SC,1. FC Köln,1,0
2025-03-01,RB Leipzig,1. FSV Mainz 05,1,2
2025-03-01,1. FC Heidenheim,Borussia Mönchengladbach,0,3
2025-03-01,Werder Bremen,Wolfsburg,1,2
2025-03-01,VfL Bochum,TSG Hoffenheim,0,1
2025-03-01,FC St. Pauli,Borussia Dortmund,0,2
2025-03-01,Eintracht Frankfurt,Bayer Leverkusen,1,4
2025-03-02,SC Paderborn,Hamburger SV,2,0
2025-03-02,Elversberg,Hertha Berlin,4,0
2025-03-02,1. FC Magdeburg,SV Darmstadt 98,4,1
2025-03-02,Union Berlin,Holstein Kiel,0,1
2025-03-02,Augsburg,SC Freiburg,0,0
2025-03-07,SV Darmstadt 98,Karlsruher SC,3,0
2025-03-07,1. FC Kaiserslautern,Elversberg,1,1
2025-03-07,Borussia Mönchengladbach,1. FSV Mainz 05,1,3
2025-03-08,Greuther Fürth,1. FC Magdeburg,1,1
2025-03-08,Hertha Berlin,Schalke 04,1,2
2025-03-08,SSV Ulm 1846,1. FC Köln,0,1
2025-03-08,Hamburger SV,Fortuna Düsseldorf,4,1
2025-03-08,Bayer Leverkusen,Werder Bremen,0,2
2025-03-08,Bayern Munich,VfL Bochum,2,3
2025-03-08,Borussia Dortmund,Augsburg,0,1
2025-03-08,Wolfsburg,FC St. Pauli,1,1
2025-03-08,Holstein Kiel,VfB Stuttgart,2,2
2025-03-08,SC Freiburg,RB Leipzig,0,0
2025-03-08,Nottingham Forest,Manchester City,1,0
2025-03-08,Brighton & Hove Albion,Fulham,2,1
2025-03-08,Crystal Palace,Ipswich Town,1,0
2025-03-08,Liverpool,Southampton,3,1
2025-03-08,Brentford,Aston Villa,0,1
2025-03-08,Wolverhampton Wanderers,Everton,1,1
2025-03-09,Hannover 96,Eintracht Braunschweig,1,1
2025-03-09,Preußen Münster,1. FC Nürnberg,0,1
2025-03-09,Jahn Regensburg,SC Paderborn,0,0
2025-03-09,Eintracht Frankfurt,Union Berlin,1,2
2025-03-09,TSG Hoffenheim,1. FC Heidenheim,1,1
2025-03-09,Chelsea,Leicester City,1,0
2025-03-09,Tottenham,Bournemouth,2,2
2025-03-09,Manchester United,Arsenal,1,1
2025-03-10,West Ham United,Newcastle United,0,1
2025-03-14,Schalke 04,Hannover 96,1,2
2025-03-14,1. FC Magdeburg,Hamburger SV,0,3
2025-03-14,FC St. Pauli,TSG Hoffenheim,1,0
2025-03-15,Fortuna Düsseldorf,Jahn Regensburg,1,0
2025-03-15,SC Paderborn,1. FC Kaiserslautern,5,3
2025-03-15,Elversberg,Preußen Münster,0,1
2025-03-15,1. FC Köln,SV Darmstadt 98,2,1
2025-03-15,Werder Bremen,Borussia Mönchengladbach,2,4
2025-03-15,Augsburg,Wolfsburg,1,0
2025-03-15,1. FSV Mainz 05,SC Freiburg,2,2
2025-03-15,Union Berlin,Bayern Munich,1,1
2025-03-15,RB Leipzig,Borussia Dortmund,2,0
2025-03-15,Everton,West Ham United,1,1
2025-03-15,Ipswich Town,Nottingham Forest,2,4
2025-03-15,Manchester City,Brighton & Hove Albion,2,2
2025-03-15,Southampton,Wolverhampton Wanderers,1,2
2025-03-15,Bournemouth,Brentford,1,2
2025-03-16,Karlsruher SC,SSV Ulm 1846,0,0
2025-03-16,1. FC Nürnberg,Greuther Fürth,3,0
2025-03-16,Eintracht Braunschweig,Hertha Berlin,1,5
2025-03-16,VfL Bochum,Eintracht Frankfurt,1,3
2025-03-16,1. FC Heidenheim,Holstein Kiel,3,1
2025-03-16,VfB Stuttgart,Bayer Leverkusen,3,4
2025-03-16,Arsenal,Chelsea,1,0
2025-03-16,Fulham,Tottenham,2,0
2025-03-16,Leicester City,Manchester United,0,3
2025-03-28,Hamburger SV,Elversberg,0,0
2025-03-28,SSV Ulm 1846,SV Darmstadt 98,2,1
2025-03-28,Bayer Leverkusen,VfL Bochum,3,1
2025-03-29,Hannover 96,1. FC Magdeburg,0,0
2025-03-29,SC Paderborn,1. FC Köln,1,2
2025-03-29,Hertha Berlin,Karlsruher SC,3,1
2025-03-29,1. FC Kaiserslautern,Fortuna Düsseldorf,3,1
2025-03-29,Bayern Munich,FC St. Pauli,3,2
2025-03-29,TSG Hoffenheim,Augsburg,1,1
2025-03-29,Wolfsburg,1. FC Heidenheim,0,1
2025-03-29,Borussia Mönchengladbach,RB Leipzig,1,0
2025-03-29,Holstein Kiel,Werder Bremen,0,3
2025-03-29,Eintracht Frankfurt,VfB Stuttgart,1,0
2025-03-30,Greuther Fürth,Schalke 04,3,3
2025-03-30,Preußen Münster,Eintracht Braunschweig,1,1
2025-03-30,Jahn Regensburg,1. FC Nürnberg,2,1
2025-03-30,SC Freiburg,Union Berlin,1,2
2025-03-30,Borussia Dortmund,1. FSV Mainz 05,3,1
2025-04-01,Arsenal,Fulham,2,1
2025-04-01,Wolverhampton Wanderers,West Ham United,1,0
2025-04-01,Nottingham Forest,Manchester United,1,0
2025-04-02,Bournemouth,Ipswich Town,1,2
2025-04-02,Brighton & Hove Albion,Aston Villa,0,3
2025-04-02,Manchester City,Leicester City,2,0
2025-04-02,Newcastle United,Brentford,2,1
2025-04-02,Southampton,Crystal Palace,1,1
2025-04-02,Liverpool,Everton,1,0
2025-04-03,Chelsea,Tottenham,1,0
2025-04-04,Karlsruher SC,Hannover 96,1,0
2025-04-04,Eintracht Braunschweig,SC Paderborn,3,2
2025-04-04,Augsburg,Bayern Munich,1,3
2025-04-05,1. FC Nürnberg,Hamburger SV,0,3
2025-04-05,SV Darmstadt 98,Greuther Fürth,1,0
2025-04-05,Fortuna Düsseldorf,Preußen Münster,1,0
2025-04-05,1. FC Köln,Hertha Berlin,0,1
2025-04-05,RB Leipzig,TSG Hoffenheim,3,1
2025-04-05,1. FC Heidenheim,Bayer Leverkusen,0,1
2025-04-05,SC Freiburg,Borussia Dortmund,1,4
2025-04-05,1. FSV Mainz 05,Holstein Kiel,1,1
2025-04-05,VfL Bochum,VfB Stuttgart,0,4
2025-04-05,Werder Bremen,Eintracht Frankfurt,2,0
2025-04-05,Everton,Arsenal,1,1
2025-04-05,Crystal Palace,Brighton & Hove Albion,2,1
2025-04-05,Ipswich Town,Wolverhampton Wanderers,1,2
2025-04-05,West Ham United,Bournemouth,2,2
2025-04-05,Aston Villa,Nottingham Forest,2,1
2025-04-06,Schalke 04,SSV Ulm 1846,2,1
2025-04-06,Elversberg,Jahn Regensburg,6,0
2025-04-06,1. FC Magdeburg,1. FC Kaiserslautern,2,0
2025-04-06,FC St. Pauli,Borussia Mönchengladbach,1,1
2025-04-06,Union Berlin,Wolfsburg,1,0
2025-04-06,Brentford,Chelsea,0,0
2025-04-06,Fulham,Liverpool,3,2
2025-04-06,Tottenham,Southampton,3,1
2025-04-06,Manchester United,Manchester City,0,0
2025-04-07,Leicester City,Newcastle United,0,3
2025-04-11,Hamburger SV,Eintracht Braunschweig,2,4
2025-04-11,Greuther Fürth,1. FC Köln,1,1
2025-04-11,Wolfsburg,RB Leipzig,2,3
2025-04-12,Hannover 96,Elversberg,1,3
2025-04-12,Hertha Berlin,SV Darmstadt 98,1,1
2025-04-12,SSV Ulm 1846,1. FC Magdeburg,1,0
2025-04-12,1. FC Kaiserslautern,1. FC Nürnberg,1,2
2025-04-12,Bayer Leverkusen,Union Berlin,0,0
2025-04-12,TSG Hoffenheim,1. FSV Mainz 05,2,0
2025-04-12,Borussia Mönchengladbach,SC Freiburg,1,2
2025-04-12,VfL Bochum,Augsburg,1,2
2025-04-12,Holstein Kiel,FC St. Pauli,1,2
2025-04-12,Bayern Munich,Borussia Dortmund,2,2
2025-04-12,Manchester City,Crystal Palace,5,2
2025-04-12,Brighton & Hove Albion,Leicester City,2,2
2025-04-12,Nottingham Forest,Everton,0,1
2025-04-12,Southampton,Aston Villa,0,3
2025-04-12,Arsenal,Brentford,1,1
2025-04-13,SC Paderborn,Fortuna Düsseldorf,1,2
2025-04-13,Preußen Münster,Karlsruher SC,1,1
2025-04-13,Jahn Regensburg,Schalke 04,2,0
2025-04-13,VfB Stuttgart,Werder Bremen,1,2
2025-04-13,Eintracht Frankfurt,1. FC Heidenheim,3,0
2025-04-13,Chelsea,Ipswich Town,2,2
2025-04-13,Liverpool,West Ham United,2,1
2025-04-13,Wolverhampton Wanderers,Tottenham,4,2
2025-04-13,Newcastle United,Manchester United,4,1
2025-04-14,Bournemouth,Fulham,1,0
2025-04-16,Newcastle United,Crystal Palace,5,0
2025-04-19,Elversberg,Fortuna Düsseldorf,1,1
2025-04-19,1. FC Nürnberg,SC Paderborn,2,3
2025-04-19,Eintracht Braunschweig,1. FC Kaiserslautern,2,0
2025-04-19,Schalke 04,Hamburger SV,2,2
2025-04-19,RB Leipzig,Holstein Kiel,1,1
2025-04-19,1. FC Heidenheim,Bayern Munich,0,4
2025-04-19,Werder Bremen,VfL Bochum,1,0
2025-04-19,SC Freiburg,TSG Hoffenheim,3,2
2025-04-19,1. FSV Mainz 05,Wolfsburg,2,2
2025-04-19,Union Berlin,VfB Stuttgart,4,4
2025-04-19,Brentford,Brighton & Hove Albion,4,2
2025-04-19,Crystal Palace,Bournemouth,0,0
2025-04-19,Everton,Manchester City,0,2
2025-04-19,West Ham United,Southampton,1,1
2025-04-19,Aston Villa,Newcastle United,4,1
2025-04-20,1. FC Köln,Preußen Münster,3,1
2025-04-20,SV Darmstadt 98,Hannover 96,3,1
2025-04-20,Karlsruher SC,Greuther Fürth,1,0
2025-04-20,1. FC Magdeburg,Jahn Regensburg,3,0
2025-04-20,SSV Ulm 1846,Hertha Berlin,2,3
2025-04-20,Augsburg,Eintracht Frankfurt,0,0
2025-04-20,Borussia Dortmund,Borussia Mönchengladbach,3,2
2025-04-20,FC St. Pauli,Bayer Leverkusen,1,1
2025-04-20,Fulham,Chelsea,1,2
2025-04-20,Ipswich Town,Arsenal,0,4
2025-04-20,Manchester United,Wolverhampton Wanderers,0,1
2025-04-20,Leicester City,Liverpool,0,1
2025-04-21,Tottenham,Nottingham Forest,1,2
2025-04-22,Manchester City,Aston Villa,2,1
2025-04-23,Arsenal,Crystal Palace,2,2
2025-04-25,Greuther Fürth,SSV Ulm 1846,0,1
2025-04-25,Hertha Berlin,1. FC Magdeburg,1,1
2025-04-25,VfB Stuttgart,1. FC Heidenheim,0,1
2025-04-26,SC Paderborn,Elversberg,1,1
2025-04-26,Preußen Münster,SV Darmstadt 98,1,1
2025-04-26,Jahn Regensburg,Eintracht Braunschweig,1,1
2025-04-26,Fortuna Düsseldorf,1. FC Nürnberg,3,3
2025-04-26,Bayer Leverkusen,Augsburg,2,0
2025-04-26,Bayern Munich,1. FSV Mainz 05,3,0
2025-04-26,TSG Hoffenheim,Borussia Dortmund,2,3
2025-04-26,Wolfsburg,SC Freiburg,0,1
2025-04-26,Holstein Kiel,Borussia Mönchengladbach,4,3
2025-04-26,Eintracht Frankfurt,RB Leipzig,4,0
2025-04-26,Chelsea,Everton,1,0
2025-04-26,Brighton & Hove Albion,West Ham United,3,2
2025-04-26,Newcastle United,Ipswich Town,3,0
2025-04-26,Southampton,Fulham,1,2
2025-04-26,Wolverhampton Wanderers,Leicester City,3,0
2025-04-27,Hamburger SV,Karlsruher SC,1,2
2025-04-27,Hannover 96,1. FC Köln,1,0
2025-04-27,1. FC Kaiserslautern,Schalke 04,2,1
2025-04-27,VfL Bochum,Union Berlin,1,1
2025-04-27,Werder Bremen,FC St. Pauli,0,0
2025-04-27,Bournemouth,Manchester United,1,1
2025-04-27,Liverpool,Tottenham,5,1
2025-05-01,Nottingham Forest,Brentford,0,2
2025-05-02,Schalke 04,SC Paderborn,0,2
2025-05-02,1. FC Magdeburg,Preußen Münster,0,5
2025-05-02,1. FC Heidenheim,VfL Bochum,0,0
2025-05-02,Manchester City,Wolverhampton Wanderers,1,0
2025-05-03,SV Darmstadt 98,Hamburger SV,0,4
2025-05-03,Eintracht Braunschweig,Fortuna Düsseldorf,2,2
2025-05-03,SSV Ulm 1846,Hannover 96,1,2
2025-05-03,1. FC Köln,Jahn Regensburg,1,1
2025-05-03,RB Leipzig,Bayern Munich,3,3
2025-05-03,Borussia Mönchengladbach,TSG Hoffenheim,4,4
2025-05-03,Union Berlin,Werder Bremen,2,2
2025-05-03,FC St. Pauli,VfB Stuttgart,0,1
2025-05-03,Borussia Dortmund,Wolfsburg,4,0
2025-05-03,Aston Villa,Fulham,1,0
2025-05-03,Everton,Ipswich Town,2,2
2025-05-03,Leicester City,Southampton,2,0
2025-05-03,Arsenal,Bournemouth,1,2
2025-05-04,Karlsruher SC,1. FC Kaiserslautern,2,2
2025-05-04,Hertha Berlin,Greuther Fürth,1,0
2025-05-04,1. FC Nürnberg,Elversberg,1,3
2025-05-04,Augsburg,Holstein Kiel,1,3
2025-05-04,SC Freiburg,Bayer Leverkusen,2,2
2025-05-04,1. FSV Mainz 05,Eintracht Frankfurt,1,1
2025-05-04,Brentford,Manchester United,4,3
2025-05-04,Brighton & Hove Albion,Newcastle United,1,1
2025-05-04,West Ham United,Tottenham,1,1
2025-05-04,Chelsea,Liverpool,3,1
2025-05-05,Crystal Palace,Nottingham Forest,1,1
2025-05-09,1. FC Nürnberg,1. FC Köln,1,2
2025-05-09,Preußen Münster,Hertha Berlin,2,0
2025-05-09,Wolfsburg,TSG Hoffenheim,2,2
2025-05-10,Fortuna Düsseldorf,Schalke 04,2,0
2025-05-10,SC Paderborn,1. FC Magdeburg,2,1
2025-05-10,Elversberg,Eintracht Braunschweig,3,0
2025-05-10,Hamburger SV,SSV Ulm 1846,6,1
2025-05-10,Werder Bremen,RB Leipzig,0,0
2025-05-10,Union Berlin,1. FC Heidenheim,0,3
2025-05-10,VfL Bochum,1. FSV Mainz 05,1,4
2025-05-10,Holstein Kiel,SC Freiburg,1,2
2025-05-10,Bayern Munich,Borussia Mönchengladbach,2,0
2025-05-10,Fulham,Everton,1,3
2025-05-10,Ipswich Town,Brentford,0,1
2025-05-10,Southampton,Manchester City,0,0
2025-05-10,Wolverhampton Wanderers,Brighton & Hove Albion,0,2
2025-05-10,Bournemouth,Aston Villa,0,1
2025-05-11,Hannover 96,Greuther Fürth,1,1
2025-05-11,1. FC Kaiserslautern,SV Darmstadt 98,2,1
2025-05-11,Jahn Regensburg,Karlsruher SC,2,2
2025-05-11,Bayer Leverkusen,Borussia Dortmund,2,4
2025-05-11,Eintracht Frankfurt,FC St. Pauli,2,2
2025-05-11,VfB Stuttgart,Augsburg,4,0
2025-05-11,Newcastle United,Chelsea,2,0
2025-05-11,Manchester United,West Ham United,0,2
2025-05-11,Nottingham Forest,Leicester City,2,2
2025-05-11,Tottenham,Crystal Palace,0,2
2025-05-11,Liverpool,Arsenal,2,2
2025-05-16,Aston Villa,Tottenham,2,0
2025-05-16,Chelsea,Manchester United,1,0
2025-05-17,RB Leipzig,VfB Stuttgart,2,3
2025-05-17,Borussia Dortmund,Holstein Kiel,3,0
2025-05-17,TSG Hoffenheim,Bayern Munich,0,4
2025-05-17,1. FC Heidenheim,Werder Bremen,1,4
2025-05-17,SC Freiburg,Eintracht Frankfurt,1,3
2025-05-17,Augsburg,Union Berlin,1,2
2025-05-17,1. FSV Mainz 05,Bayer Leverkusen,2,2
2025-05-17,Borussia Mönchengladbach,Wolfsburg,0,1
2025-05-17,FC St. Pauli,VfL Bochum,0,2
2025-05-18,1. FC Köln,1. FC Kaiserslautern,4,0
2025-05-18,SV Darmstadt 98,Jahn Regensburg,3,1
2025-05-18,Karlsruher SC,SC Paderborn,3,0
2025-05-18,Greuther Fürth,Hamburger SV,3,2
2025-05-18,Hertha Berlin,Hannover 96,1,1
2025-05-18,Schalke 04,Elversberg,1,2
2025-05-18,1. FC Magdeburg,Fortuna Düsseldorf,4,2
2025-05-18,Eintracht Braunschweig,1. FC Nürnberg,0,4
2025-05-18,SSV Ulm 1846,Preußen Münster,2,2
2025-05-18,Everton,Southampton,2,0
2025-05-18,West Ham United,Nottingham Forest,1,2
2025-05-18,Brentford,Fulham,2,3
2025-05-18,Leicester City,Ipswich Town,2,0
2025-05-18,Arsenal,Newcastle United,1,0
2025-05-19,Brighton & Hove Albion,Liverpool,3,2
2025-05-20,Crystal Palace,Wolverhampton Wanderers,4,2
2025-05-20,Manchester City,Bournemouth,3,1
2025-05-25,Bournemouth,Leicester City,2,0
2025-05-25,Fulham,Manchester City,0,2
2025-05-25,Ipswich Town,West Ham United,1,3
2025-05-25,Liverpool,Crystal Palace,1,1
2025-05-25,Manchester United,Aston Villa,2,0
2025-05-25,Newcastle United,Everton,0,1
2025-05-25,Nottingham Forest,Chelsea,0,1
2025-05-25,Southampton,Arsenal,1,2
2025-05-25,Tottenham,Brighton & Hove Albion,1,4
2025-05-25,Wolverhampton Wanderers,Brentford,1,1
2025-08-01,Schalke 04,Hertha Berlin,2,1
2025-08-02,Elversberg,1. FC Nürnberg,1,0
2025-08-02,SC Paderborn,Holstein Kiel,2,1
2025-08-02,Karlsruher SC,Preußen Münster,3,2
2025-08-02,SV Darmstadt 98,VfL Bochum,4,1
2025-08-02,Arminia Bielefeld,Fortuna Düsseldorf,5,1
2025-08-03,1. FC Magdeburg,Eintracht Braunschweig,0,1
2025-08-03,Hannover 96,1. FC Kaiserslautern,1,0
2025-08-03,Greuther Fürth,Dynamo Dresden,3,2
2025-08-08,1. FC Nürnberg,SV Darmstadt 98,0,1
2025-08-08,Preußen Münster,SC Paderborn,1,1
2025-08-09,Fortuna Düsseldorf,Hannover 96,0,2
2025-08-09,Eintracht Braunschweig,Greuther Fürth,3,2
2025-08-09,Dynamo Dresden,1. FC Magdeburg,1,2
2025-08-09,1. FC Kaiserslautern,Schalke 04,1,0
2025-08-10,Holstein Kiel,Arminia Bielefeld,0,2
2025-08-10,VfL Bochum,Elversberg,2,0
2025-08-10,Hertha Berlin,Karlsruher SC,0,0
2025-08-22,Elversberg,1. FC Kaiserslautern,2,1
2025-08-22,Preußen Münster,1. FC Nürnberg,2,1
2025-08-22,Bayern Munich,RB Leipzig,6,0
2025-08-23,SC Paderborn,Fortuna Düsseldorf,1,2
2025-08-23,Karlsruher SC,Eintracht Braunschweig,2,0
2025-08-23,Hannover 96,1. FC Magdeburg,3,1
2025-08-23,Schalke 04,VfL Bochum,2,1
2025-08-23,Bayer Leverkusen,TSG Hoffenheim,1,2
2025-08-23,Eintracht Frankfurt,Werder Bremen,4,1
2025-08-23,SC Freiburg,Augsburg,1,3
2025-08-23,Union Berlin,VfB Stuttgart,2,1
2025-08-23,1. FC Heidenheim,Wolfsburg,1,3
2025-08-23,FC St. Pauli,Borussia Dortmund,3,3
2025-08-24,SV Darmstadt 98,Hertha Berlin,0,0
2025-08-24,Greuther Fürth,Holstein Kiel,0,2
2025-08-24,Arminia Bielefeld,Dynamo Dresden,1,2
2025-08-24,1. FSV Mainz 05,1. FC Köln,0,1
2025-08-24,Borussia Mönchengladbach,Hamburger SV,0,0
2025-08-29,1. FC Nürnberg,SC Paderborn,0,0
2025-08-29,Hertha Berlin,Elversberg,0,2
2025-08-29,Hamburger SV,FC St. Pauli,0,2
2025-08-30,Holstein Kiel,Hannover 96,1,2
2025-08-30,VfL Bochum,Preußen Münster,1,2
2025-08-30,Eintracht Braunschweig,Arminia Bielefeld,1,1
2025-08-30,Fortuna Düsseldorf,Karlsruher SC,0,0
2025-08-30,RB Leipzig,1. FC Heidenheim,2,0
2025-08-30,Werder Bremen,Bayer Leverkusen,3,3
2025-08-30,VfB Stuttgart,Borussia Mönchengladbach,1,0
2025-08-30,TSG Hoffenheim,Eintracht Frankfurt,1,3
2025-08-30,Augsburg,Bayern Munich,2,3
2025-08-31,1. FC Magdeburg,Greuther Fürth,4,5
2025-08-31,1. FC Kaiserslautern,SV Darmstadt 98,3,1
2025-08-31,Dynamo Dresden,Schalke 04,0,1
2025-08-31,Wolfsburg,1. FSV Mainz 05,1,1
2025-08-31,Borussia Dortmund,Union Berlin,3,0
2025-08-31,1. FC Köln,SC Freiburg,4,1
2025-09-12,SC Paderborn,VfL Bochum,1,0
2025-09-12,Arminia Bielefeld,1. FC Magdeburg,2,0
2025-09-12,Bayer Leverkusen,Eintracht Frankfurt,3,1
2025-09-13,Karlsruher SC,1. FC Nürnberg,2,1
2025-09-13,SV Darmstadt 98,Eintracht Braunschweig,2,1
2025-09-13,Schalke 04,Holstein Kiel,0,1
2025-09-13,Hannover 96,Hertha Berlin,0,3
2025-09-13,SC Freiburg,VfB Stuttgart,3,1
2025-09-13,1. FSV Mainz 05,RB Leipzig,0,1
2025-09-13,Wolfsburg,1. FC Köln,3,3
2025-09-13,Union Berlin,TSG Hoffenheim,2,4
2025-09-13,1. FC Heidenheim,Borussia Dortmund,0,2
2025-09-13,Bayern Munich,Hamburger SV,5,0
2025-09-14,Elversberg,Dynamo Dresden,2,2
2025-09-14,Greuther Fürth,1. FC Kaiserslautern,0,3
2025-09-14,Preußen Münster,Fortuna Düsseldorf,1,2
2025-09-14,FC St. Pauli,Augsburg,2,1
2025-09-14,Borussia Mönchengladbach,Werder Bremen,0,4
2025-09-16,Athletic Bilbao,Arsenal,0,2
2025-09-16,PSV Eindhoven,Royale Union Saint-Gilloise,1,3
2025-09-16,Juventus,Borussia Dortmund,4,4
2025-09-16,Sport Lisboa e Benfica,Qarabağ Ağdam FK,2,3
2025-09-16,Tottenham Hotspur FC,Villarreal,1,0
2025-09-16,Real Madrid CF,Olympique de Marseille,2,1
2025-09-17,Slavia Praha,FK Bodø/Glimt,2,2
2025-09-17,PAE Olympiakos SFP,Paphos FC,0,0
2025-09-17,Ajax,FC Internazionale Milano,0,2
2025-09-17,Liverpool,Club Atlético de Madrid,3,2
2025-09-17,Paris Saint Germain,Atalanta BC,4,0
2025-09-17,Bayern Munich,Chelsea,3,1
2025-09-18,Copenhagen,Bayer Leverkusen,2,2
2025-09-18,Club Brugge,AS Monaco FC,4,1
2025-09-18,Newcastle United,Barcelona,1,2
2025-09-18,Manchester City,Napoli,2,0
2025-09-18,Eintracht Frankfurt,Galatasaray SK,5,1
2025-09-18,Sporting Lisbon,FK Kairat,4,1
2025-09-19,1. FC Kaiserslautern,Preußen Münster,4,1
2025-09-19,Arminia Bielefeld,Greuther Fürth,1,3
2025-09-19,VfB Stuttgart,FC St. Pauli,2,0
2025-09-20,1. FC Magdeburg,Schalke 04,0,2
2025-09-20,Hertha Berlin,SC Paderborn,0,2
2025-09-20,Eintracht Braunschweig,Elversberg,1,4
2025-09-20,1. FC Nürnberg,VfL Bochum,2,1
2025-09-20,Werder Bremen,SC Freiburg,0,3
2025-09-20,Augsburg,1. FSV Mainz 05,1,4
2025-09-20,TSG Hoffenheim,Bayern Munich,1,4
2025-09-20,Hamburger SV,1. FC Heidenheim,2,1
2025-09-20,RB Leipzig,1. FC Köln,3,1
2025-09-21,Holstein Kiel,Karlsruher SC,3,0
2025-09-21,Fortuna Düsseldorf,SV Darmstadt 98,0,3
2025-09-21,Dynamo Dresden,Hannover 96,2,2
2025-09-21,Eintracht Frankfurt,Union Berlin,3,4
2025-09-21,Bayer Leverkusen,Borussia Mönchengladbach,1,1
2025-09-21,Borussia Dortmund,Wolfsburg,1,0
2025-09-26,SV Darmstadt 98,Dynamo Dresden,2,0
2025-09-26,Schalke 04,Greuther Fürth,1,0
2025-09-26,Bayern Munich,Werder Bremen,4,0
2025-09-27,Elversberg,Holstein Kiel,1,0
2025-09-27,SC Paderborn,1. FC Kaiserslautern,2,0
2025-09-27,Karlsruher SC,1. FC Magdeburg,1,0
2025-09-27,VfL Bochum,Fortuna Düsseldorf,0,1
2025-09-27,1. FSV Mainz 05,Borussia Dortmund,0,2
2025-09-27,Wolfsburg,RB Leipzig,0,1
2025-09-27,FC St. Pauli,Bayer Leverkusen,1,2
2025-09-27,1. FC Heidenheim,Augsburg,2,1
2025-09-27,Borussia Mönchengladbach,Eintracht Frankfurt,4,6
2025-09-28,Hannover 96,Arminia Bielefeld,3,1
2025-09-28,1. FC Nürnberg,Hertha Berlin,0,3
2025-09-28,Preußen Münster,Eintracht Braunschweig,3,1
2025-09-28,SC Freiburg,TSG Hoffenheim,1,1
2025-09-28,1. FC Köln,VfB Stuttgart,1,2
2025-09-28,Union Berlin,Hamburger SV,0,0
2025-09-30,Atalanta BC,Club Brugge,2,1
2025-09-30,FK Kairat,Real Madrid CF,0,5
2025-09-30,Galatasaray SK,Liverpool,1,0
2025-09-30,Club Atlético de Madrid,Eintracht Frankfurt,5,1
2025-09-30,Olympique de Marseille,Ajax,4,0
2025-09-30,FK Bodø/Glimt,Tottenham Hotspur FC,2,2
2025-09-30,Paphos FC,Bayern Munich,1,5
2025-09-30,Chelsea,Sport Lisboa e Benfica,1,0
2025-09-30,FC Internazionale Milano,Slavia Praha,3,0
2025-10-01,Qarabağ Ağdam FK,Copenhagen,2,0
2025-10-01,Royale Union Saint-Gilloise,Newcastle United,0,4
2025-10-01,Borussia Dortmund,Athletic Bilbao,4,1
2025-10-01,Barcelona,Paris Saint Germain,1,2
2025-10-01,AS Monaco FC,Manchester City,2,2
2025-10-01,Bayer Leverkusen,PSV Eindhoven,1,1
2025-10-01,Arsenal,PAE Olympiakos SFP,2,0
2025-10-01,Villarreal,Juventus,2,2
2025-10-01,Napoli,Sporting Lisbon,2,1
2025-10-03,Fortuna Düsseldorf,1. FC Nürnberg,2,3
2025-10-03,Eintracht Braunschweig,SC Paderborn,1,2
2025-10-03,TSG Hoffenheim,1. FC Köln,0,1
2025-10-04,Holstein Kiel,SV Darmstadt 98,1,1
2025-10-04,1. FC Kaiserslautern,VfL Bochum,3,2
2025-10-04,Hertha Berlin,Preußen Münster,2,1
2025-10-04,Dynamo Dresden,Karlsruher SC,3,3
2025-10-04,Bayer Leverkusen,Union Berlin,2,0
2025-10-04,Borussia Dortmund,RB Leipzig,1,1
2025-10-04,Werder Bremen,FC St. Pauli,1,0
2025-10-04,Augsburg,Wolfsburg,3,1
2025-10-04,Eintracht Frankfurt,Bayern Munich,0,3
2025-10-05,1. FC Magdeburg,Elversberg,0,4
2025-10-05,Greuther Fürth,Hannover 96,2,2
2025-10-05,Arminia Bielefeld,Schalke 04,1,2
2025-10-05,VfB Stuttgart,1. FC Heidenheim,1,0
2025-10-05,Hamburger SV,1. FSV Mainz 05,4,0
2025-10-05,Borussia Mönchengladbach,SC Freiburg,0,0
2025-10-17,Fortuna Düsseldorf,Eintracht Braunschweig,1,2
2025-10-17,Hannover 96,Schalke 04,0,3
2025-10-17,Union Berlin,Borussia Mönchengladbach,3,1
2025-10-18,SC Paderborn,Arminia Bielefeld,4,3
2025-10-18,Karlsruher SC,1. FC Kaiserslautern,2,3
2025-10-18,Preußen Münster,Dynamo Dresden,2,2
2025-10-18,VfL Bochum,Hertha Berlin,3,2
2025-10-18,1. FSV Mainz 05,Bayer Leverkusen,3,4
2025-10-18,RB Leipzig,Hamburger SV,2,1
2025-10-18,Wolfsburg,VfB Stuttgart,0,3
2025-10-18,1. FC Heidenheim,Werder Bremen,2,2
2025-10-18,1. FC Köln,Augsburg,1,1
2025-10-18,Bayern Munich,Borussia Dortmund,2,1
2025-10-19,Elversberg,Greuther Fürth,6,0
2025-10-19,1. FC Nürnberg,Holstein Kiel,1,1
2025-10-19,SV Darmstadt 98,1. FC Magdeburg,0,0
2025-10-19,SC Freiburg,Eintracht Frankfurt,2,2
2025-10-19,FC St. Pauli,TSG Hoffenheim,0,3
2025-10-21,Barcelona,PAE Olympiakos SFP,6,1
2025-10-21,FK Kairat,Paphos FC,0,0
2025-10-21,Royale Union Saint-Gilloise,FC Internazionale Milano,0,4
2025-10-21,Copenhagen,Borussia Dortmund,2,4
2025-10-21,Bayer Leverkusen,Paris Saint Germain,2,7
2025-10-21,Villarreal,Manchester City,0,2
2025-10-21,Arsenal,Club Atlético de Madrid,4,0
2025-10-21,Newcastle United,Sport Lisboa e Benfica,3,0
2025-10-21,PSV Eindhoven,Napoli,6,2
2025-10-22,Galatasaray SK,FK Bodø/Glimt,3,1
2025-10-22,Athletic Bilbao,Qarabağ Ağdam FK,3,1
2025-10-22,Eintracht Frankfurt,Liverpool,1,5
2025-10-22,Atalanta BC,Slavia Praha,0,0
2025-10-22,Sporting Lisbon,Olympique de Marseille,2,1
2025-10-22,AS Monaco FC,Tottenham Hotspur FC,0,0
2025-10-22,Bayern Munich,Club Brugge,4,0
2025-10-22,Chelsea,Ajax,5,1
2025-10-22,Real Madrid CF,Juventus,1,0
2025-10-24,Greuther Fürth,Karlsruher SC,1,4
2025-10-24,Schalke 04,SV Darmstadt 98,1,0
2025-10-24,Werder Bremen,Union Berlin,1,0
2025-10-25,Holstein Kiel,VfL Bochum,1,1
2025-10-25,Arminia Bielefeld,Elversberg,2,0
2025-10-25,Dynamo Dresden,SC Paderborn,1,2
2025-10-25,Hertha Berlin,Fortuna Düsseldorf,1,0
2025-10-25,Eintracht Frankfurt,FC St. Pauli,2,0
2025-10-25,Borussia Mönchengladbach,Bayern Munich,0,3
2025-10-25,Augsburg,RB Leipzig,0,6
2025-10-25,TSG Hoffenheim,1. FC Heidenheim,3,1
2025-10-25,Hamburger SV,Wolfsburg,0,1
2025-10-25,Borussia Dortmund,1. FC Köln,1,0
2025-10-26,1. FC Magdeburg,Preußen Münster,2,0
2025-10-26,1. FC Kaiserslautern,1. FC Nürnberg,1,1
2025-10-26,Eintracht Braunschweig,Hannover 96,0,3
2025-10-26,Bayer Leverkusen,SC Freiburg,2,0
2025-10-26,VfB Stuttgart,1. FSV Mainz 05,2,1
2025-10-31,Elversberg,Hannover 96,2,2
2025-10-31,Preußen Münster,Holstein Kiel,2,1
2025-10-31,Augsburg,Borussia Dortmund,0,1
2025-11-01,Karlsruher SC,Schalke 04,2,1
2025-11-01,1. FC Nürnberg,Eintracht Braunschweig,2,1
2025-11-01,Hertha Berlin,Dynamo Dresden,2,0
2025-11-01,SV Darmstadt 98,Arminia Bielefeld,2,2
2025-11-01,1. FSV Mainz 05,Werder Bremen,1,1
2025-11-01,RB Leipzig,VfB Stuttgart,3,1
2025-11-01,Union Berlin,SC Freiburg,0,0
2025-11-01,FC St. Pauli,Borussia Mönchengladbach,0,4
2025-11-01,1. FC Heidenheim,Eintracht Frankfurt,1,1
2025-11-01,Bayern Munich,Bayer Leverkusen,3,0
2025-11-02,VfL Bochum,1. FC Magdeburg,2,0
2025-11-02,SC Paderborn,Greuther Fürth,2,1
2025-11-02,Fortuna Düsseldorf,1. FC Kaiserslautern,1,1
2025-11-02,1. FC Köln,Hamburger SV,4,1
2025-11-02,Wolfsburg,TSG Hoffenheim,2,3
2025-11-04,Slavia Praha,Arsenal,0,3
2025-11-04,Napoli,Eintracht Frankfurt,0,0
2025-11-04,Juventus,Sporting Lisbon,1,1
2025-11-04,Club Atlético de Madrid,Royale Union Saint-Gilloise,3,1
2025-11-04,Tottenham Hotspur FC,Copenhagen,4,0
2025-11-04,FK Bodø/Glimt,AS Monaco FC,0,1
2025-11-04,PAE Olympiakos SFP,PSV Eindhoven,1,1
2025-11-04,Paris Saint Germain,Bayern Munich,1,2
2025-11-04,Liverpool,Real Madrid CF,1,0
2025-11-05,Paphos FC,Villarreal,1,0
2025-11-05,Qarabağ Ağdam FK,Chelsea,2,2
2025-11-05,FC Internazionale Milano,FK Kairat,2,1
2025-11-05,Manchester City,Borussia Dortmund,4,1
2025-11-05,Club Brugge,Barcelona,3,3
2025-11-05,Sport Lisboa e Benfica,Bayer Leverkusen,0,1
2025-11-05,Olympique de Marseille,Atalanta BC,0,1
2025-11-05,Ajax,Galatasaray SK,0,3
2025-11-05,Newcastle United,Athletic Bilbao,2,0
2025-11-07,Greuther Fürth,Preußen Münster,1,0
2025-11-07,Dynamo Dresden,1. FC Nürnberg,1,2
2025-11-07,Werder Bremen,Wolfsburg,2,1
2025-11-08,Hannover 96,SV Darmstadt 98,2,3
2025-11-08,Schalke 04,Elversberg,1,0
2025-11-08,Arminia Bielefeld,Karlsruher SC,4,0
2025-11-08,1. FC Kaiserslautern,Hertha Berlin,0,1
2025-11-08,Bayer Leverkusen,1. FC Heidenheim,6,0
2025-11-08,Union Berlin,Bayern Munich,2,2
2025-11-08,TSG Hoffenheim,RB Leipzig,3,1
2025-11-08,Hamburger SV,Borussia Dortmund,1,1
2025-11-08,Borussia Mönchengladbach,1. FC Köln,3,1
2025-11-09,Holstein Kiel,Fortuna Düsseldorf,1,0
2025-11-09,1. FC Magdeburg,SC Paderborn,0,1
2025-11-09,Eintracht Braunschweig,VfL Bochum,0,2
2025-11-09,SC Freiburg,FC St. Pauli,2,1
2025-11-09,VfB Stuttgart,Augsburg,3,2
2025-11-09,Eintracht Frankfurt,1. FSV Mainz 05,1,0
2025-11-21,VfL Bochum,Dynamo Dresden,1,2
2025-11-21,Hertha Berlin,Eintracht Braunschweig,1,0
2025-11-21,1. FSV Mainz 05,TSG Hoffenheim,1,1
2025-11-22,SC Paderborn,Hannover 96,0,2
2025-11-22,Fortuna Düsseldorf,1. FC Magdeburg,2,1
2025-11-22,Preußen Münster,Schalke 04,0,0
2025-11-22,SV Darmstadt 98,Greuther Fürth,4,2
2025-11-22,Bayern Munich,SC Freiburg,6,2
2025-11-22,Borussia Dortmund,VfB Stuttgart,3,3
2025-11-22,Wolfsburg,Bayer Leverkusen,1,3
2025-11-22,Augsburg,Hamburger SV,1,0
2025-11-22,1. FC Heidenheim,Borussia Mönchengladbach,0,3
2025-11-22,1. FC Köln,Eintracht Frankfurt,3,4
2025-11-23,1. FC Kaiserslautern,Holstein Kiel,4,1
2025-11-23,Karlsruher SC,Elversberg,2,3
2025-11-23,1. FC Nürnberg,Arminia Bielefeld,2,0
2025-11-23,RB Leipzig,Werder Bremen,2,0
2025-11-23,FC St. Pauli,Union Berlin,0,1
2025-11-25,Ajax,Sport Lisboa e Benfica,0,2
2025-11-25,Galatasaray SK,Royale Union Saint-Gilloise,0,1
2025-11-25,Borussia Dortmund,Villarreal,4,0
2025-11-25,Manchester City,Bayer Leverkusen,0,2
2025-11-25,FK Bodø/Glimt,Juventus,2,3
2025-11-25,Olympique de Marseille,Newcastle United,2,1
2025-11-25,Slavia Praha,Athletic Bilbao,0,0
2025-11-25,Napoli,Qarabağ Ağdam FK,2,0
2025-11-25,Chelsea,Barcelona,3,0
2025-11-26,Paphos FC,AS Monaco FC,2,2
2025-11-26,Copenhagen,FK Kairat,3,2
2025-11-26,Liverpool,PSV Eindhoven,1,4
2025-11-26,Paris Saint Germain,Tottenham Hotspur FC,5,3
2025-11-26,Eintracht Frankfurt,Atalanta BC,0,3
2025-11-26,Sporting Lisbon,Club Brugge,3,0
2025-11-26,Arsenal,Bayern Munich,3,1
2025-11-26,PAE Olympiakos SFP,Real Madrid CF,3,4
2025-11-26,Club Atlético de Madrid,FC Internazionale Milano,2,1
2025-11-28,Hannover 96,Karlsruher SC,3,0
2025-11-28,Schalke 04,SC Paderborn,2,1
2025-11-28,Borussia Mönchengladbach,RB Leipzig,0,0
2025-11-29,Holstein Kiel,Hertha Berlin,0,1
2025-11-29,Greuther Fürth,VfL Bochum,0,3
2025-11-29,Eintracht Braunschweig,1. FC Kaiserslautern,2,0
2025-11-29,1. FC Magdeburg,1. FC Nürnberg,3,0
2025-11-29,Bayern Munich,FC St. Pauli,3,1
2025-11-29,Werder Bremen,1. FC Köln,1,1
2025-11-29,Union Berlin,1. FC Heidenheim,1,2
2025-11-29,TSG Hoffenheim,Augsburg,3,0
2025-11-29,Bayer Leverkusen,Borussia Dortmund,1,2
2025-11-30,Elversberg,SV Darmstadt 98,0,0
2025-11-30,Arminia Bielefeld,Preußen Münster,1,2
2025-11-30,Dynamo Dresden,Fortuna Düsseldorf,2,1
2025-11-30,Hamburger SV,VfB Stuttgart,2,1
2025-11-30,Eintracht Frankfurt,Wolfsburg,1,1
2025-11-30,SC Freiburg,1. FSV Mainz 05,4,0
2025-12-05,Fortuna Düsseldorf,Schalke 04,0,2
2025-12-05,Preußen Münster,Hannover 96,2,2
2025-12-05,1. FSV Mainz 05,Borussia Mönchengladbach,0,1
2025-12-06,VfL Bochum,Arminia Bielefeld,1,0
2025-12-06,SC Paderborn,Elversberg,1,2
2025-12-06,1. FC Kaiserslautern,Dynamo Dresden,3,1
2025-12-06,SV Darmstadt 98,Karlsruher SC,3,2
2025-12-06,VfB Stuttgart,Bayern Munich,0,5
2025-12-06,Wolfsburg,Union Berlin,3,1
2025-12-06,Augsburg,Bayer Leverkusen,2,0
2025-12-06,1. FC Heidenheim,SC Freiburg,2,1
2025-12-06,1. FC Köln,FC St. Pauli,1,1
2025-12-06,RB Leipzig,Eintracht Frankfurt,6,0
2025-12-07,1. FC Nürnberg,Greuther Fürth,2,2
2025-12-07,Hertha Berlin,1. FC Magdeburg,0,2
2025-12-07,Eintracht Braunschweig,Holstein Kiel,1,1
2025-12-07,Hamburger SV,Werder Bremen,3,2
2025-12-07,Borussia Dortmund,TSG Hoffenheim,2,0
2025-12-09,FK Kairat,PAE Olympiakos SFP,0,1
2025-12-09,Bayern Munich,Sporting Lisbon,3,1
2025-12-09,Barcelona,Eintracht Frankfurt,2,1
2025-12-09,PSV Eindhoven,Club Atlético de Madrid,2,3
2025-12-09,Royale Union Saint-Gilloise,Olympique de Marseille,2,3
2025-12-09,Tottenham Hotspur FC,Slavia Praha,3,0
2025-12-09,AS Monaco FC,Galatasaray SK,1,0
2025-12-09,Atalanta BC,Chelsea,2,1
2025-12-09,FC Internazionale Milano,Liverpool,0,1
2025-12-10,Villarreal,Copenhagen,2,3
2025-12-10,Qarabağ Ağdam FK,Ajax,2,4
2025-12-10,Borussia Dortmund,FK Bodø/Glimt,2,2
2025-12-10,Athletic Bilbao,Paris Saint Germain,0,0
2025-12-10,Bayer Leverkusen,Newcastle United,2,2
2025-12-10,Club Brugge,Arsenal,0,3
2025-12-10,Sport Lisboa e Benfica,Napoli,2,0
2025-12-10,Juventus,Paphos FC,2,0
2025-12-10,Real Madrid CF,Manchester City,1,2
2025-12-12,Greuther Fürth,Hertha Berlin,3,3
2025-12-12,Dynamo Dresden,Eintracht Braunschweig,2,3
2025-12-12,Union Berlin,RB Leipzig,3,1
2025-12-13,1. FC Magdeburg,Holstein Kiel,3,3
2025-12-13,Karlsruher SC,SC Paderborn,0,4
2025-12-13,Arminia Bielefeld,1. FC Kaiserslautern,0,0
2025-12-13,Hannover 96,VfL Bochum,0,0
2025-12-13,Eintracht Frankfurt,Augsburg,1,0
2025-12-13,Borussia Mönchengladbach,Wolfsburg,1,3
2025-12-13,FC St. Pauli,1. FC Heidenheim,2,1
2025-12-13,TSG Hoffenheim,Hamburger SV,4,1
2025-12-13,Bayer Leverkusen,1. FC Köln,2,0
2025-12-14,Elversberg,Fortuna Düsseldorf,1,0
2025-12-14,SV Darmstadt 98,Preußen Münster,1,0
2025-12-14,Schalke 04,1. FC Nürnberg,1,0
2025-12-14,SC Freiburg,Borussia Dortmund,1,1
2025-12-14,Bayern Munich,1. FSV Mainz 05,2,2
2025-12-14,Werder Bremen,VfB Stuttgart,0,4
2025-12-19,SC Paderborn,SV Darmstadt 98,2,2
2025-12-19,Hertha Berlin,Arminia Bielefeld,1,1
2025-12-19,Borussia Dortmund,Borussia Mönchengladbach,2,0
2025-12-20,VfL Bochum,Karlsruher SC,2,2
2025-12-20,Fortuna Düsseldorf,Greuther Fürth,2,1
2025-12-20,1. FC Kaiserslautern,1. FC Magdeburg,2,3
2025-12-20,Holstein Kiel,Dynamo Dresden,2,1
2025-12-20,VfB Stuttgart,TSG Hoffenheim,0,0
2025-12-20,Wolfsburg,SC Freiburg,3,4
2025-12-20,Augsburg,Werder Bremen,0,0
2025-12-20,1. FC Köln,Union Berlin,0,1
2025-12-20,Hamburger SV,Eintracht Frankfurt,1,1
2025-12-20,RB Leipzig,Bayer Leverkusen,1,3
2025-12-21,1. FC Nürnberg,Hannover 96,2,1
2025-12-21,Preußen Münster,Elversberg,1,1
2025-12-21,Eintracht Braunschweig,Schalke 04,2,1
2025-12-21,1. FSV Mainz 05,FC St. Pauli,0,0
2025-12-21,1. FC Heidenheim,Bayern Munich,0,4
2026-01-09,Eintracht Frankfurt,Borussia Dortmund,3,3
2026-01-10,SC Freiburg,Hamburger SV,2,1
2026-01-10,Union Berlin,1. FSV Mainz 05,2,2
2026-01-10,1. FC Heidenheim,1. FC Köln,2,2
2026-01-10,Bayer Leverkusen,VfB Stuttgart,1,4
2026-01-11,Borussia Mönchengladbach,Augsburg,4,0
2026-01-11,Bayern Munich,Wolfsburg,8,1
2026-01-13,VfB Stuttgart,Eintracht Frankfurt,3,2
2026-01-13,Borussia Dortmund,Werder Bremen,3,0
2026-01-13,1. FSV Mainz 05,1. FC Heidenheim,2,1
2026-01-14,Wolfsburg,FC St. Pauli,2,1
2026-01-14,RB Leipzig,SC Freiburg,2,0
2026-01-14,TSG Hoffenheim,Borussia Mönchengladbach,5,1
2026-01-14,1. FC Köln,Bayern Munich,1,3
2026-01-15,Augsburg,Union Berlin,1,1
2026-01-16,Fortuna Düsseldorf,Arminia Bielefeld,1,0
2026-01-16,Eintracht Braunschweig,1. FC Magdeburg,0,3
2026-01-16,Werder Bremen,Eintracht Frankfurt,3,3
2026-01-17,1. FC Nürnberg,Elversberg,3,2
2026-01-17,Preußen Münster,Karlsruher SC,0,2
2026-01-17,Dynamo Dresden,Greuther Fürth,2,0
2026-01-17,Hertha Berlin,Schalke 04,0,0
2026-01-17,Borussia Dortmund,FC St. Pauli,3,2
2026-01-17,Wolfsburg,1. FC Heidenheim,1,1
2026-01-17,TSG Hoffenheim,Bayer Leverkusen,1,0
2026-01-17,1. FC Köln,1. FSV Mainz 05,2,1
2026-01-17,Hamburger SV,Borussia Mönchengladbach,0,0
2026-01-17,RB Leipzig,Bayern Munich,1,5
2026-01-18,Holstein Kiel,SC Paderborn,2,0
2026-01-18,VfL Bochum,SV Darmstadt 98,3,3
2026-01-18,1. FC Kaiserslautern,Hannover 96,3,1
2026-01-18,VfB Stuttgart,Union Berlin,1,1
2026-01-18,Augsburg,SC Freiburg,2,2
2026-01-20,FK Kairat,Club Brugge,1,4
2026-01-20,FK Bodø/Glimt,Manchester City,3,1
2026-01-20,Tottenham Hotspur FC,Borussia Dortmund,2,0
2026-01-20,Sporting Lisbon,Paris Saint Germain,2,1
2026-01-20,PAE Olympiakos SFP,Bayer Leverkusen,2,0
2026-01-20,Villarreal,Ajax,1,2
2026-01-20,Copenhagen,Napoli,1,1
2026-01-20,Real Madrid CF,AS Monaco FC,6,1
2026-01-20,FC Internazionale Milano,Arsenal,1,3
2026-01-21,Qarabağ Ağdam FK,Eintracht Frankfurt,3,2
2026-01-21,Galatasaray SK,Club Atlético de Madrid,1,1
2026-01-21,Olympique de Marseille,Liverpool,0,3
2026-01-21,Slavia Praha,Barcelona,2,4
2026-01-21,Atalanta BC,Athletic Bilbao,2,3
2026-01-21,Juventus,Sport Lisboa e Benfica,2,0
2026-01-21,Newcastle United,PSV Eindhoven,3,0
2026-01-21,Bayern Munich,Royale Union Saint-Gilloise,2,0
2026-01-21,Chelsea,Paphos FC,1,0
2026-01-23,SV Darmstadt 98,1. FC Nürnberg,2,0
2026-01-23,Arminia Bielefeld,Holstein Kiel,2,2
2026-01-23,FC St. Pauli,Hamburger SV,0,0
2026-01-24,Karlsruher SC,Hertha Berlin,2,2
2026-01-24,Hannover 96,Fortuna Düsseldorf,2,1
2026-01-24,Greuther Fürth,Eintracht Braunschweig,0,0
2026-01-24,1. FC Magdeburg,Dynamo Dresden,1,2
2026-01-24,Bayern Munich,Augsburg,1,2
2026-01-24,Bayer Leverkusen,Werder Bremen,1,0
2026-01-24,Eintracht Frankfurt,TSG Hoffenheim,1,3
2026-01-24,1. FSV Mainz 05,Wolfsburg,3,1
2026-01-24,1. FC Heidenheim,RB Leipzig,0,3
2026-01-24,Union Berlin,Borussia Dortmund,0,3
2026-01-25,Elversberg,VfL Bochum,1,1
2026-01-25,SC Paderborn,Preußen Münster,2,1
2026-01-25,Schalke 04,1. FC Kaiserslautern,2,2
2026-01-25,Borussia Mönchengladbach,VfB Stuttgart,0,3
2026-01-25,SC Freiburg,1. FC Köln,2,1
2026-01-27,Werder Bremen,TSG Hoffenheim,0,2
2026-01-27,FC St. Pauli,RB Leipzig,1,1
2026-01-28,Liverpool,Qarabağ Ağdam FK,6,0
2026-01-28,Barcelona,Copenhagen,4,1
2026-01-28,Manchester City,Galatasaray SK,2,0
2026-01-28,Bayer Leverkusen,Villarreal,3,0
2026-01-28,Arsenal,FK Kairat,3,2
2026-01-28,Royale Union Saint-Gilloise,Atalanta BC,1,0
2026-01-28,Club Brugge,Olympique de Marseille,3,0
2026-01-28,Eintracht Frankfurt,Tottenham Hotspur FC,0,2
2026-01-28,AS Monaco FC,Juventus,0,0
2026-01-28,Club Atlético de Madrid,FK Bodø/Glimt,1,2
2026-01-28,Athletic Bilbao,Sporting Lisbon,2,3
2026-01-28,Ajax,PAE Olympiakos SFP,1,2
2026-01-28,Paris Saint Germain,Newcastle United,1,1
2026-01-28,Paphos FC,Slavia Praha,4,1
2026-01-28,PSV Eindhoven,Bayern Munich,1,2
2026-01-28,Napoli,Chelsea,2,3
2026-01-28,Sport Lisboa e Benfica,Real Madrid CF,4,2
2026-01-28,Borussia Dortmund,FC Internazionale Milano,0,2
2026-01-30,1. FC Magdeburg,Hannover 96,1,2
2026-01-30,1. FC Nürnberg,Preußen Münster,1,1
2026-01-30,1. FC Köln,Wolfsburg,1,0
2026-01-31,Holstein Kiel,Greuther Fürth,1,2
2026-01-31,VfL Bochum,Schalke 04,2,0
2026-01-31,Eintracht Braunschweig,Karlsruher SC,1,0
2026-01-31,1. FC Kaiserslautern,Elversberg,1,3
2026-01-31,Eintracht Frankfurt,Bayer Leverkusen,1,3
2026-01-31,RB Leipzig,1. FSV Mainz 05,1,2
2026-01-31,Werder Bremen,Borussia Mönchengladbach,1,1
2026-01-31,Augsburg,FC St. Pauli,2,1
2026-01-31,TSG Hoffenheim,Union Berlin,3,1
2026-01-31,Hamburger SV,Bayern Munich,2,2
2026-02-01,Fortuna Düsseldorf,SC Paderborn,2,1
2026-02-01,Hertha Berlin,SV Darmstadt 98,2,2
2026-02-01,Dynamo Dresden,Arminia Bielefeld,1,1
2026-02-01,VfB Stuttgart,SC Freiburg,1,0
2026-02-01,Borussia Dortmund,1. FC Heidenheim,3,2
2026-02-06,Greuther Fürth,1. FC Magdeburg,4,5
2026-02-06,Preußen Münster,VfL Bochum,1,1
2026-02-06,Union Berlin,Eintracht Frankfurt,1,1
2026-02-07,Elversberg,Hertha Berlin,0,3
2026-02-07,SC Paderborn,1. FC Nürnberg,2,1
2026-02-07,Schalke 04,Dynamo Dresden,2,2
2026-02-07,SV Darmstadt 98,1. FC Kaiserslautern,4,0
2026-02-07,SC Freiburg,Werder Bremen,1,0
2026-02-07,1. FSV Mainz 05,Augsburg,2,0
2026-02-07,Wolfsburg,Borussia Dortmund,1,2
2026-02-07,FC St. Pauli,VfB Stuttgart,2,1
2026-02-07,1. FC Heidenheim,Hamburger SV,0,2
2026-02-07,Borussia Mönchengladbach,Bayer Leverkusen,1,1
2026-02-08,Karlsruher SC,Fortuna Düsseldorf,1,1
2026-02-08,Hannover 96,Holstein Kiel,3,1
2026-02-08,Arminia Bielefeld,Eintracht Braunschweig,3,2
2026-02-08,1. FC Köln,RB Leipzig,1,2
2026-02-08,Bayern Munich,TSG Hoffenheim,5,1
2026-02-13,Fortuna Düsseldorf,Preußen Münster,0,0
2026-02-13,1. FC Nürnberg,Karlsruher SC,5,1
2026-02-13,Borussia Dortmund,1. FSV Mainz 05,4,0
2026-02-14,1. FC Kaiserslautern,Greuther Fürth,1,0
2026-02-14,Hertha Berlin,Hannover 96,2,3
2026-02-14,Eintracht Braunschweig,SV Darmstadt 98,2,2
2026-02-14,Dynamo Dresden,Elversberg,1,2
2026-02-14,Bayer Leverkusen,FC St. Pauli,4,0
2026-02-14,Eintracht Frankfurt,Borussia Mönchengladbach,3,0
2026-02-14,Werder Bremen,Bayern Munich,0,3
2026-02-14,TSG Hoffenheim,SC Freiburg,3,0
2026-02-14,Hamburger SV,Union Berlin,3,2
2026-02-14,VfB Stuttgart,1. FC Köln,3,1
2026-02-15,Holstein Kiel,Schalke 04,1,2
2026-02-15,VfL Bochum,SC Paderborn,0,0
2026-02-15,1. FC Magdeburg,Arminia Bielefeld,0,2
2026-02-15,Augsburg,1. FC Heidenheim,1,0
2026-02-15,RB Leipzig,Wolfsburg,2,2
2026-02-17,Galatasaray SK,Juventus,5,2
2026-02-17,Sport Lisboa e Benfica,Real Madrid CF,0,1
2026-02-17,AS Monaco FC,Paris Saint Germain,2,3
2026-02-17,Borussia Dortmund,Atalanta BC,2,0
2026-02-18,Qarabağ Ağdam FK,Newcastle United,1,6
2026-02-18,Club Brugge,Club Atlético de Madrid,3,3
2026-02-18,PAE Olympiakos SFP,Bayer Leverkusen,0,2
2026-02-18,FK Bodø/Glimt,FC Internazionale Milano,3,1
2026-02-20,VfL Bochum,1. FC Nürnberg,1,1
2026-02-20,Greuther Fürth,Arminia Bielefeld,2,1
2026-02-20,1. FSV Mainz 05,Hamburger SV,1,1
2026-02-21,Elversberg,Eintracht Braunschweig,3,1
2026-02-21,Karlsruher SC,Holstein Kiel,3,1
2026-02-21,SV Darmstadt 98,Fortuna Düsseldorf,2,1
2026-02-21,Schalke 04,1. FC Magdeburg,5,3
2026-02-21,Bayern Munich,Eintracht Frankfurt,3,2
2026-02-21,Wolfsburg,Augsburg,2,3
2026-02-21,Union Berlin,Bayer Leverkusen,1,0
2026-02-21,1. FC Köln,TSG Hoffenheim,2,2
2026-02-21,RB Leipzig,Borussia Dortmund,2,2
2026-02-22,SC Paderborn,Hertha Berlin,5,2
2026-02-22,Hannover 96,Dynamo Dresden,0,0
2026-02-22,Preußen Münster,1. FC Kaiserslautern,2,3
2026-02-22,SC Freiburg,Borussia Mönchengladbach,2,1
2026-02-22,FC St. Pauli,Werder Bremen,2,1
2026-02-22,1. FC Heidenheim,VfB Stuttgart,3,3
2026-02-24,Club Atlético de Madrid,Club Brugge,4,1
2026-02-24,Newcastle United,Qarabağ Ağdam FK,3,2
2026-02-24,Bayer Leverkusen,PAE Olympiakos SFP,0,0
2026-02-24,FC Internazionale Milano,FK Bodø/Glimt,1,2
2026-02-25,Atalanta BC,Borussia Dortmund,4,1
2026-02-25,Real Madrid CF,Sport Lisboa e Benfica,2,1
2026-02-25,Paris Saint Germain,AS Monaco FC,2,2
2026-02-25,Juventus,Galatasaray SK,3,2
2026-02-27,Fortuna Düsseldorf,VfL Bochum,2,1
2026-02-27,Dynamo Dresden,SV Darmstadt 98,3,1
2026-02-27,Augsburg,1. FC Köln,2,0
2026-02-28,Holstein Kiel,Elversberg,1,1
2026-02-28,1. FC Kaiserslautern,SC Paderborn,1,2
2026-02-28,Arminia Bielefeld,Hannover 96,0,1
2026-02-28,Greuther Fürth,Schalke 04,1,1
2026-02-28,Bayer Leverkusen,1. FSV Mainz 05,1,1
2026-02-28,Werder Bremen,1. FC Heidenheim,2,0
2026-02-28,Borussia Mönchengladbach,Union Berlin,1,0
2026-02-28,TSG Hoffenheim,FC St. Pauli,0,1
2026-02-28,Borussia Dortmund,Bayern Munich,2,3
2026-03-01,1. FC Magdeburg,Karlsruher SC,1,3
2026-03-01,Hertha Berlin,1. FC Nürnberg,2,1
2026-03-01,Eintracht Braunschweig,Preußen Münster,1,2
2026-03-01,VfB Stuttgart,Wolfsburg,4,0
2026-03-01,Eintracht Frankfurt,SC Freiburg,2,0
2026-03-01,Hamburger SV,RB Leipzig,1,2
2026-03-04,Hamburger SV,Bayer Leverkusen,0,1
2026-03-06,Elversberg,1. FC Magdeburg,1,0
2026-03-06,Schalke 04,Arminia Bielefeld,1,0
2026-03-06,Bayern Munich,Borussia Mönchengladbach,4,1
2026-03-07,SC Paderborn,Eintracht Braunschweig,1,1
2026-03-07,1. FC Nürnberg,Fortuna Düsseldorf,0,1
2026-03-07,SV Darmstadt 98,Holstein Kiel,2,0
2026-03-07,VfL Bochum,1. FC Kaiserslautern,3,2
2026-03-07,SC Freiburg,Bayer Leverkusen,3,3
2026-03-07,1. FSV Mainz 05,VfB Stuttgart,2,2
2026-03-07,RB Leipzig,Augsburg,2,1
2026-03-07,Wolfsburg,Hamburger SV,1,2
2026-03-07,1. FC Heidenheim,TSG Hoffenheim,2,4
2026-03-07,1. FC Köln,Borussia Dortmund,1,2
2026-03-08,Karlsruher SC,Dynamo Dresden,3,3
2026-03-08,Hannover 96,Greuther Fürth,1,2
2026-03-08,Preußen Münster,Hertha Berlin,1,2
2026-03-08,FC St. Pauli,Eintracht Frankfurt,0,0
2026-03-08,Union Berlin,Werder Bremen,1,4
2026-03-10,Galatasaray SK,Liverpool,1,0
2026-03-10,Atalanta BC,Bayern Munich,1,6
2026-03-10,Newcastle United,Barcelona,1,1
2026-03-10,Club Atlético de Madrid,Tottenham Hotspur FC,5,2
2026-03-11,Bayer Leverkusen,Arsenal,1,1
2026-03-11,Paris Saint Germain,Chelsea,5,2
2026-03-11,Real Madrid CF,Manchester City,3,0
2026-03-11,FK Bodø/Glimt,Sporting Lisbon,3,0
2026-03-13,1. FC Magdeburg,SV Darmstadt 98,1,1
2026-03-13,Greuther Fürth,Elversberg,2,0
2026-03-13,Borussia Mönchengladbach,FC St. Pauli,2,0
2026-03-14,Holstein Kiel,1. FC Nürnberg,2,3
2026-03-14,Eintracht Braunschweig,Fortuna Düsseldorf,1,0
2026-03-14,Arminia Bielefeld,SC Paderborn,2,2
2026-03-14,Hertha Berlin,VfL Bochum,1,1
2026-03-14,Bayer Leverkusen,Bayern Munich,1,1
2026-03-14,Eintracht Frankfurt,1. FC Heidenheim,1,0
2026-03-14,Borussia Dortmund,Augsburg,2,0
2026-03-14,TSG Hoffenheim,Wolfsburg,1,1
2026-03-14,Hamburger SV,1. FC Köln,1,1
2026-03-15,1. FC Kaiserslautern,Karlsruher SC,3,0
2026-03-15,Schalke 04,Hannover 96,2,2
2026-03-15,Dynamo Dresden,Preußen Münster,6,0
2026-03-15,Werder Bremen,1. FSV Mainz 05,0,2
2026-03-15,SC Freiburg,Union Berlin,0,1
2026-03-15,VfB Stuttgart,RB Leipzig,1,0
2026-03-17,Sporting Lisbon,FK Bodø/Glimt,5,0
2026-03-17,Chelsea,Paris Saint Germain,0,3
2026-03-17,Manchester City,Real Madrid CF,1,2
2026-03-17,Arsenal,Bayer Leverkusen,2,0
2026-03-18,Barcelona,Newcastle United,7,2
2026-03-18,Liverpool,Galatasaray SK,4,0
2026-03-18,Bayern Munich,Atalanta BC,4,1
2026-03-18,Tottenham Hotspur FC,Club Atlético de Madrid,3,2
2026-03-20,Karlsruher SC,Greuther Fürth,3,1
2026-03-20,Hannover 96,Eintracht Braunschweig,1,0
2026-03-20,RB Leipzig,TSG Hoffenheim,5,0
2026-03-21,Elversberg,Arminia Bielefeld,3,1
2026-03-21,SC Paderborn,Dynamo Dresden,2,1
2026-03-21,1. FC Nürnberg,1. FC Kaiserslautern,3,0
2026-03-21,SV Darmstadt 98,Schalke 04,1,1
2026-03-21,Bayern Munich,Union Berlin,4,0
2026-03-21,Wolfsburg,Werder Bremen,0,1
2026-03-21,1. FC Heidenheim,Bayer Leverkusen,3,3
2026-03-21,1. FC Köln,Borussia Mönchengladbach,3,3
2026-03-21,Borussia Dortmund,Hamburger SV,3,2
2026-03-22,VfL Bochum,Holstein Kiel,2,3
2026-03-22,Fortuna Düsseldorf,Hertha Berlin,2,5
2026-03-22,Preußen Münster,1. FC Magdeburg,1,3
2026-03-22,1. FSV Mainz 05,Eintracht Frankfurt,2,1
2026-03-22,FC St. Pauli,SC Freiburg,1,2
2026-03-22,Augsburg,VfB Stuttgart,2,5
2026-04-04,1. FC Magdeburg,VfL Bochum,4,1
2026-04-04,1. FC Kaiserslautern,Fortuna Düsseldorf,3,0
2026-04-04,Arminia Bielefeld,SV Darmstadt 98,2,1
2026-04-04,Dynamo Dresden,Hertha Berlin,0,1
2026-04-04,Bayer Leverkusen,Wolfsburg,6,3
2026-04-04,SC Freiburg,Bayern Munich,2,3
2026-04-04,Werder Bremen,RB Leipzig,1,2
2026-04-04,Borussia Mönchengladbach,1. FC Heidenheim,2,2
2026-04-04,TSG Hoffenheim,1. FSV Mainz 05,1,2
2026-04-04,Hamburger SV,Augsburg,1,1
2026-04-04,VfB Stuttgart,Borussia Dortmund,0,2
2026-04-05,Holstein Kiel,Preußen Münster,0,0
2026-04-05,Hannover 96,Elversberg,1,1
2026-04-05,Greuther Fürth,SC Paderborn,0,2
2026-04-05,Schalke 04,Karlsruher SC,1,0
2026-04-05,Eintracht Braunschweig,1. FC Nürnberg,1,1
2026-04-05,Union Berlin,FC St. Pauli,1,1
2026-04-05,Eintracht Frankfurt,1. FC Köln,2,2
2026-04-07,Real Madrid CF,Bayern Munich,1,2
2026-04-07,Sporting Lisbon,Arsenal,0,1
2026-04-08,Paris Saint Germain,Liverpool,2,0
2026-04-08,Barcelona,Club Atlético de Madrid,0,2
2026-04-10,Fortuna Düsseldorf,Holstein Kiel,1,2
2026-04-10,Karlsruher SC,Arminia Bielefeld,4,1
2026-04-10,Augsburg,TSG Hoffenheim,2,2
2026-04-11,1. FC Nürnberg,Dynamo Dresden,0,2
2026-04-11,Hertha Berlin,1. FC Kaiserslautern,0,1
2026-04-11,Preußen Münster,Greuther Fürth,0,0
2026-04-11,SV Darmstadt 98,Hannover 96,0,2
2026-04-11,Borussia Dortmund,Bayer Leverkusen,0,1
2026-04-11,RB Leipzig,Borussia Mönchengladbach,1,0
2026-04-11,Wolfsburg,Eintracht Frankfurt,1,2
2026-04-11,1. FC Heidenheim,Union Berlin,3,1
2026-04-11,FC St. Pauli,Bayern Munich,0,5
2026-04-12,VfL Bochum,Eintracht Braunschweig,4,1
2026-04-12,Elversberg,Schalke 04,1,2
2026-04-12,SC Paderborn,1. FC Magdeburg,4,3
2026-04-12,1. FC Köln,Werder Bremen,3,1
2026-04-12,VfB Stuttgart,Hamburger SV,4,0
2026-04-12,1. FSV Mainz 05,SC Freiburg,0,1
2026-04-14,Liverpool,Paris Saint Germain,0,2
2026-04-14,Club Atlético de Madrid,Barcelona,1,2
2026-04-15,Bayern Munich,Real Madrid CF,4,3
2026-04-15,Arsenal,Sporting Lisbon,0,0
2026-04-17,Holstein Kiel,1. FC Kaiserslautern,3,0
2026-04-17,Elversberg,Karlsruher SC,3,0
2026-04-17,FC St. Pauli,1. FC Köln,1,1
2026-04-18,1. FC Magdeburg,Fortuna Düsseldorf,2,0
2026-04-18,Arminia Bielefeld,1. FC Nürnberg,1,1
2026-04-18,Dynamo Dresden,VfL Bochum,2,0
2026-04-18,Hannover 96,SC Paderborn,1,1
2026-04-18,Bayer Leverkusen,Augsburg,1,2
2026-04-18,Werder Bremen,Hamburger SV,3,1
2026-04-18,Union Berlin,Wolfsburg,1,2
2026-04-18,TSG Hoffenheim,Borussia Dortmund,2,1
2026-04-18,Eintracht Frankfurt,RB Leipzig,1,3
2026-04-19,Greuther Fürth,SV Darmstadt 98,3,2
2026-04-19,Schalke 04,Preußen Münster,4,1
2026-04-19,Eintracht Braunschweig,Hertha Berlin,1,1
2026-04-19,SC Freiburg,1. FC Heidenheim,2,1
2026-04-19,Bayern Munich,VfB Stuttgart,4,2
2026-04-19,Borussia Mönchengladbach,1. FSV Mainz 05,1,1
2026-04-24,Fortuna Düsseldorf,Dynamo Dresden,3,1
2026-04-24,1. FC Kaiserslautern,Eintracht Braunschweig,0,2
2026-04-24,RB Leipzig,Union Berlin,3,1
2026-04-25,Karlsruher SC,Hannover 96,1,3
2026-04-25,Hertha Berlin,Holstein Kiel,0,1
2026-04-25,Preußen Münster,Arminia Bielefeld,2,3
2026-04-25,SV Darmstadt 98,Elversberg,3,3
2026-04-25,1. FSV Mainz 05,Bayern Munich,3,4
2026-04-25,Wolfsburg,Borussia Mönchengladbach,0,0
2026-04-25,Augsburg,Eintracht Frankfurt,1,1
2026-04-25,1. FC Heidenheim,FC St. Pauli,2,0
2026-04-25,1. FC Köln,Bayer Leverkusen,1,2
2026-04-25,Hamburger SV,TSG Hoffenheim,1,2
2026-04-26,VfL Bochum,Greuther Fürth,2,1
2026-04-26,SC Paderborn,Schalke 04,2,3
2026-04-26,1. FC Nürnberg,1. FC Magdeburg,1,0
2026-04-26,VfB Stuttgart,Werder Bremen,1,1
2026-04-26,Borussia Dortmund,SC Freiburg,4,0
2026-04-28,Paris Saint Germain,Bayern Munich,5,4
2026-04-29,Club Atlético de Madrid,Arsenal,1,1
2026-05-02,Holstein Kiel,Eintracht Braunschweig,2,0
2026-05-02,Arminia Bielefeld,VfL Bochum,1,1
2026-05-02,Dynamo Dresden,1. FC Kaiserslautern,1,0
2026-05-02,Schalke 04,Fortuna Düsseldorf,1,0
2026-05-02,Bayern Munich,1. FC Heidenheim,3,3
2026-05-02,Eintracht Frankfurt,Hamburger SV,1,2
2026-05-02,Werder Bremen,Augsburg,1,3
2026-05-02,Union Berlin,1. FC Köln,2,2
2026-05-02,TSG Hoffenheim,VfB Stuttgart,3,3
2026-05-02,Bayer Leverkusen,RB Leipzig,4,1
2026-05-03,Elversberg,SC Paderborn,5,1
2026-05-03,1. FC Magdeburg,Hertha Berlin,1,0
2026-05-03,Karlsruher SC,SV Darmstadt 98,2,1
2026-05-03,Hannover 96,Preußen Münster,3,3
2026-05-03,Greuther Fürth,1. FC Nürnberg,1,1
2026-05-03,FC St. Pauli,1. FSV Mainz 05,1,2
2026-05-03,Borussia Mönchengladbach,Borussia Dortmund,1,0
2026-05-03,SC Freiburg,Wolfsburg,1,1
2026-05-05,Arsenal,Club Atlético de Madrid,1,0
2026-05-06,Bayern Munich,Paris Saint Germain,1,1
2026-05-08,SC Paderborn,Karlsruher SC,2,2
2026-05-08,1. FC Kaiserslautern,Arminia Bielefeld,2,0
2026-05-08,Borussia Dortmund,Eintracht Frankfurt,3,2
2026-05-09,Holstein Kiel,1. FC Magdeburg,1,3
2026-05-09,VfL Bochum,Hannover 96,1,1
2026-05-09,Eintracht Braunschweig,Dynamo Dresden,2,1
2026-05-09,1. FC Nürnberg,Schalke 04,3,0
2026-05-09,RB Leipzig,FC St. Pauli,2,1
2026-05-09,VfB Stuttgart,Bayer Leverkusen,3,1
2026-05-09,Augsburg,Borussia Mönchengladbach,3,1
2026-05-09,TSG Hoffenheim,Werder Bremen,1,0
2026-05-09,Wolfsburg,Bayern Munich,0,1
2026-05-10,Fortuna Düsseldorf,Elversberg,3,1
2026-05-10,Hertha Berlin,Greuther Fürth,2,1
2026-05-10,Preußen Münster,SV Darmstadt 98,1,1
2026-05-10,Hamburger SV,SC Freiburg,3,2
2026-05-10,1. FC Köln,1. FC Heidenheim,1,3
2026-05-10,1. FSV Mainz 05,Union Berlin,1,3
2026-05-16,Bayern Munich,1. FC Köln,5,1
2026-05-16,Bayer Leverkusen,Hamburger SV,1,1
2026-05-16,Eintracht Frankfurt,VfB Stuttgart,2,2
2026-05-16,SC Freiburg,RB Leipzig,4,1
2026-05-16,Werder Bremen,Borussia Dortmund,0,2
2026-05-16,Borussia Mönchengladbach,TSG Hoffenheim,4,0
2026-05-16,Union Berlin,Augsburg,4,0
2026-05-16,FC St. Pauli,Wolfsburg,1,3
2026-05-16,1. FC Heidenheim,1. FSV Mainz 05,0,2
2026-05-17,Elversberg,Preußen Münster,3,0
2026-05-17,1. FC Magdeburg,1. FC Kaiserslautern,0,1
2026-05-17,Karlsruher SC,VfL Bochum,1,2
2026-05-17,Hannover 96,1. FC Nürnberg,3,3
2026-05-17,SV Darmstadt 98,SC Paderborn,0,2
2026-05-17,Greuther Fürth,Fortuna Düsseldorf,3,0
2026-05-17,Schalke 04,Eintracht Braunschweig,1,0
2026-05-17,Arminia Bielefeld,Hertha Berlin,6,1
2026-05-17,Dynamo Dresden,Holstein Kiel,2,1
2026-05-30,Paris Saint Germain,Arsenal,1,1
2026-08-28,Bayern Munich,VfB Stuttgart,5,1
2026-08-29,RB Leipzig,Borussia Mönchengladbach,3,0
2026-08-29,1. FSV Mainz 05,SC Paderborn,0,0
2026-08-29,Union Berlin,Eintracht Frankfurt,3,3
2026-08-29,1. FC Köln,TSG Hoffenheim,3,2
2026-08-29,Elversberg,Bayer Leverkusen,3,2
2026-08-29,Borussia Dortmund,Hamburger SV,2,0
2026-08-30,SC Freiburg,Werder Bremen,4,1
2026-08-30,Augsburg,Schalke 04,3,0
2026-09-04,VfB Stuttgart,1. FC Köln,4,1
2026-09-05,TSG Hoffenheim,Borussia Dortmund,2,3
2026-09-05,Bayer Leverkusen,Union Berlin,4,0
2026-09-05,Borussia Mönchengladbach,Elversberg,3,4
2026-09-05,Werder Bremen,RB Leipzig,3,1
2026-09-05,SC Paderborn,SC Freiburg,0,1
2026-09-05,Schalke 04,Bayern Munich,0,0
2026-09-06,Hamburger SV,1. FSV Mainz 05,0,5
2026-09-06,Eintracht Frankfurt,Augsburg,1,4
2026-09-11,Union Berlin,Schalke 04,1,3
2026-09-12,Borussia Dortmund,SC Paderborn,3,0
2026-09-12,TSG Hoffenheim,VfB Stuttgart,2,1
2026-09-12,SC Freiburg,Borussia Mönchengladbach,5,0
2026-09-12,Augsburg,Bayer Leverkusen,2,2
2026-09-12,1. FSV Mainz 05,Eintracht Frankfurt,1,3
2026-09-12,1. FC Köln,Werder Bremen,1,1
2026-09-13,RB Leipzig,Hamburger SV,5,0
2026-09-13,Elversberg,Bayern Munich,1,2
